{
	"credit": "Made with Blockbench",
	"textures": {
		"0": "./italian"
	},
	"elements": [
		{
			"from": [3.25, 0, 3.125],
			"to": [12.5, 9, 12.375],
			"rotation": {"angle": 0, "axis": "y", "origin": [11.75, 10.5625, 12.1875]},
			"faces": {
				"north": {"uv": [2.25, 0, 4.5, 2.25], "texture": "#0"},
				"east": {"uv": [2.25, 2.25, 4.5, 4.5], "texture": "#0"},
				"south": {"uv": [0, 0, 2.25, 2.25], "texture": "#0"},
				"west": {"uv": [0, 2.25, 2.25, 4.5], "texture": "#0"},
				"up": {"uv": [2.25, 6.75, 0, 4.5], "rotation": 180, "texture": "#0"},
				"down": {"uv": [6.75, 0, 4.5, 2.25], "rotation": 180, "texture": "#0"}
			}
		},
		{
			"from": [-1.75, 5.5, 2.25],
			"to": [2.75, 11, 2.25],
			"rotation": {"angle": -22.5, "axis": "z", "origin": [-4, -2, -13]},
			"faces": {
				"north": {"uv": [3.5, 4.5, 4.75, 6], "texture": "#0"},
				"east": {"uv": [0, 0, 0, 1.5], "texture": "#0"},
				"south": {"uv": [4.75, 3.75, 6, 5.25], "texture": "#0"},
				"west": {"uv": [0, 0, 0, 1.5], "texture": "#0"},
				"up": {"uv": [1.25, 0, 0, 0], "texture": "#0"},
				"down": {"uv": [1.25, 0, 0, 0], "texture": "#0"}
			}
		},
		{
			"from": [10.75, -3.25, 2.25],
			"to": [15.25, 2.25, 2.25],
			"rotation": {"angle": 22.5, "axis": "z", "origin": [-4, -2, -13]},
			"faces": {
				"north": {"uv": [4.75, 5.25, 6, 6.75], "texture": "#0"},
				"east": {"uv": [0, 0, 0, 1.5], "texture": "#0"},
				"south": {"uv": [5.75, 2.25, 7, 3.75], "texture": "#0"},
				"west": {"uv": [0, 0, 0, 1.5], "texture": "#0"},
				"up": {"uv": [1.25, 0, 0, 0], "texture": "#0"},
				"down": {"uv": [1.25, 0, 0, 0], "texture": "#0"}
			}
		},
		{
			"from": [5.25, 2, 2.625],
			"to": [10, 7.5, 2.625],
			"rotation": {"angle": 0, "axis": "y", "origin": [11.75, 10.5625, 12.1875]},
			"faces": {
				"north": {"uv": [4.5, 2.25, 5.75, 3.75], "texture": "#0"},
				"east": {"uv": [0, 0, 0, 1.5], "texture": "#0"},
				"south": {"uv": [2.25, 4.5, 3.5, 6], "texture": "#0"},
				"west": {"uv": [0, 0, 0, 1.5], "texture": "#0"},
				"up": {"uv": [1.25, 0, 0, 0], "rotation": 180, "texture": "#0"},
				"down": {"uv": [1.25, 0, 0, 0], "rotation": 180, "texture": "#0"}
			}
		},
		{
			"from": [3.75, 9, 3.625],
			"to": [12, 12.5, 11.375],
			"rotation": {"angle": 0, "axis": "y", "origin": [11.75, 10.5625, 12.1875]},
			"faces": {
				"north": {"uv": [7, 2, 9, 3], "texture": "#0"},
				"east": {"uv": [4.25, 7.25, 6.25, 8.25], "texture": "#0"},
				"south": {"uv": [6.75, 0, 8.75, 1], "texture": "#0"},
				"west": {"uv": [6.75, 1, 8.75, 2], "texture": "#0"},
				"up": {"uv": [4.25, 8, 2.25, 6], "rotation": 180, "texture": "#0"},
				"down": {"uv": [8, 3.75, 6, 5.75], "rotation": 180, "texture": "#0"}
			}
		},
		{
			"from": [4.75, 12.25, 4.625],
			"to": [11, 13, 10.375],
			"rotation": {"angle": 0, "axis": "y", "origin": [11.75, 10.5625, 12.1875]},
			"faces": {
				"north": {"uv": [7, 3.25, 8.5, 3.5], "texture": "#0"},
				"east": {"uv": [7, 3.5, 8.5, 3.75], "texture": "#0"},
				"south": {"uv": [4.25, 6.75, 5.75, 7], "texture": "#0"},
				"west": {"uv": [7, 3, 8.5, 3.25], "texture": "#0"},
				"up": {"uv": [7.5, 7.25, 6, 5.75], "rotation": 180, "texture": "#0"},
				"down": {"uv": [1.5, 6.75, 0, 8.25], "rotation": 180, "texture": "#0"}
			}
		}
	],
	"display": {
		"thirdperson_righthand": {
			"scale": [0.65, 0.65, 0.65]
		},
		"thirdperson_lefthand": {
			"scale": [0.65, 0.65, 0.65]
		},
		"firstperson_righthand": {
			"translation": [0, 4, 0],
			"scale": [0.9, 0.9, 0.9]
		},
		"firstperson_lefthand": {
			"translation": [0, 4, 0],
			"scale": [0.9, 0.9, 0.9]
		},
		"ground": {
			"scale": [0.5, 0.5, 0.5]
		},
		"gui": {
			"rotation": [30, 135, 0],
			"translation": [0.75, 1.75, 0]
		},
		"head": {
			"rotation": [0, -180, 0],
			"translation": [4, 12, 1.25]
		},
		"fixed": {
			"rotation": [-84.5, 0, 0],
			"translation": [-6.75, 0, -14.25],
			"scale": [2.08, 2.08, 2.04]
		}
	}
}