{
	"texture_size": [32, 32],
	"textures": {
		"0": "./graduation_cap",
		"particle": "./graduation_cap"
	},
	"elements": [
		{
			"from": [4, 0, 4],
			"to": [12, 4, 12],
			"faces": {
				"north": {"uv": [6, 8, 10, 10], "texture": "#0"},
				"east": {"uv": [10, 0, 14, 2], "texture": "#0"},
				"south": {"uv": [10, 2, 14, 4], "texture": "#0"},
				"west": {"uv": [10, 4, 14, 6], "texture": "#0"},
				"up": {"uv": [10, 4, 6, 0], "texture": "#0"},
				"down": {"uv": [10, 4, 6, 8], "texture": "#0"}
			}
		},
		{
			"from": [2, 4, 2],
			"to": [14, 5, 14],
			"faces": {
				"north": {"uv": [6, 10, 12, 10.5], "texture": "#0"},
				"east": {"uv": [10, 6, 16, 6.5], "texture": "#0"},
				"south": {"uv": [10, 6.5, 16, 7], "texture": "#0"},
				"west": {"uv": [10, 7, 16, 7.5], "texture": "#0"},
				"up": {"uv": [6, 6, 0, 0], "texture": "#0"},
				"down": {"uv": [6, 6, 0, 12], "texture": "#0"}
			}
		},
		{
			"from": [2, 0, 9],
			"to": [2, 4, 10],
			"faces": {
				"north": {"uv": [0, 0, 0, 2], "texture": "#0"},
				"east": {"uv": [6, 10.5, 6.5, 12.5], "texture": "#0"},
				"south": {"uv": [0, 0, 0, 2], "texture": "#0"},
				"west": {"uv": [6, 10.5, 6.5, 12.5], "texture": "#0"},
				"up": {"uv": [0, 0.5, 0, 0], "texture": "#0"},
				"down": {"uv": [0, 0, 0, 0.5], "texture": "#0"}
			}
		},
		{
			"from": [1.4, -3, 8.6],
			"to": [2.4, 0, 9.6],
			"rotation": {"angle": -45, "axis": "y", "origin": [1.5, -4, 9.5]},
			"faces": {
				"north": {"uv": [6.5, 10.5, 7, 12], "texture": "#0"},
				"east": {"uv": [7, 10.5, 7.5, 12], "texture": "#0"},
				"south": {"uv": [7.5, 10.5, 8, 12], "texture": "#0"},
				"west": {"uv": [10.5, 7.5, 11, 9], "texture": "#0"},
				"up": {"uv": [10.5, 10, 10, 9.5], "texture": "#0"},
				"down": {"uv": [8.5, 10.5, 8, 11], "texture": "#0"}
			}
		}
	],
	"display": {
		"thirdperson_righthand": {
			"rotation": [75, 45, 0],
			"translation": [0, 2.5, 1.75],
			"scale": [0.375, 0.375, 0.375]
		},
		"thirdperson_lefthand": {
			"rotation": [75, 45, 0],
			"translation": [0, 2.5, 1.75],
			"scale": [0.375, 0.375, 0.375]
		},
		"firstperson_righthand": {
			"rotation": [0, 0, 15],
			"translation": [1.13, 7.2, 1.13],
			"scale": [0.68, 0.68, 0.68]
		},
		"firstperson_lefthand": {
			"rotation": [0, 0, 15],
			"translation": [1.13, 7.2, 1.13],
			"scale": [-0.68, 0.68, 0.68]
		},
		"ground": {
			"translation": [0, 3, 0],
			"scale": [0.25, 0.25, 0.25]
		},
		"gui": {
			"rotation": [30, 135, 0],
			"translation": [0, 2.5, 0],
			"scale": [0.8, 0.8, 0.8]
		},
		"head": {
			"translation": [0, 14.5, 0],
			"scale": [1.61, 1.61, 1.61]
		},
		"fixed": {
			"rotation": [0, -90, 0],
			"translation": [0, 6, -1],
			"scale": [1.3, 1.3, 1.3]
		}
	}
}