{
	"credit": "Made with Blockbench",
	"texture_size": [32, 32],
	"textures": {
		"0": "./scarface_mask",
		"particle": "./scarface_mask"
	},
	"elements": [
		{
			"from": [4.3, 5.70497, 2.70511],
			"to": [12.1, 7.80497, 5.70511],
			"rotation": {"angle": 22.5, "axis": "x", "origin": [8.2, 6.75497, 4.20511]},
			"faces": {
				"north": {"uv": [0, 14, 5, 16], "texture": "#0"},
				"east": {"uv": [5, 12, 7, 14], "texture": "#0"},
				"south": {"uv": [0, 10, 5, 12], "texture": "#0"},
				"west": {"uv": [5, 14, 7, 16], "texture": "#0"},
				"down": {"uv": [5, 12, 0, 14], "texture": "#0"}
			}
		},
		{
			"from": [7.2, 12.9, 13],
			"to": [9.2, 16, 13],
			"rotation": {"angle": 0, "axis": "y", "origin": [0.7, 0, 0]},
			"faces": {
				"north": {"uv": [7, 5, 9, 7.5], "texture": "#0"},
				"south": {"uv": [7, 5, 9, 7.5], "texture": "#0"}
			}
		},
		{
			"from": [7, 10.4, 13],
			"to": [9.5, 12.9, 14],
			"rotation": {"angle": 0, "axis": "y", "origin": [0.7, 0, 0]},
			"faces": {
				"north": {"uv": [2.5, 1.5, 5, 4], "texture": "#0"},
				"east": {"uv": [5, 1, 6, 3.5], "texture": "#0"},
				"south": {"uv": [0, 1.5, 2.5, 4], "texture": "#0"},
				"west": {"uv": [5, 3.5, 6, 6], "texture": "#0"},
				"up": {"uv": [2.5, 1.5, 0, 0.5], "texture": "#0"},
				"down": {"uv": [5, 0.5, 2.5, 1.5], "texture": "#0"}
			}
		},
		{
			"from": [9.5, 10.5, 13],
			"to": [12.2, 12.5, 13],
			"rotation": {"angle": 0, "axis": "y", "origin": [0.7, 0, 0]},
			"faces": {
				"north": {"uv": [7, 5, 9, 7.5], "rotation": 90, "texture": "#0"},
				"south": {"uv": [7, 5, 9, 7.5], "rotation": 90, "texture": "#0"}
			}
		},
		{
			"from": [4.2, 10.5, 13],
			"to": [7, 12.5, 13],
			"faces": {
				"north": {"uv": [7, 5, 9, 7.5], "rotation": 90, "texture": "#0"},
				"south": {"uv": [7, 5, 9, 7.5], "rotation": 90, "texture": "#0"}
			}
		},
		{
			"from": [4.2, 10.5, 6],
			"to": [4.2, 12.5, 13],
			"rotation": {"angle": 0, "axis": "y", "origin": [0.7, 0, 0]},
			"faces": {
				"east": {"uv": [5, 6, 7, 11], "rotation": 90, "texture": "#0"},
				"west": {"uv": [5, 6, 7, 11], "rotation": 90, "texture": "#0"}
			}
		},
		{
			"from": [7.2, 16, 6],
			"to": [9.2, 16, 13],
			"rotation": {"angle": 0, "axis": "y", "origin": [0.7, 0, 0]},
			"faces": {
				"up": {"uv": [7, 11, 5, 6], "texture": "#0"},
				"down": {"uv": [7, 6, 5, 11], "texture": "#0"}
			}
		},
		{
			"from": [12.2, 10.5, 6],
			"to": [12.2, 12.5, 13],
			"rotation": {"angle": 0, "axis": "y", "origin": [0.7, 0, 0]},
			"faces": {
				"east": {"uv": [5, 6, 7, 11], "rotation": 90, "texture": "#0"},
				"west": {"uv": [5, 6, 7, 11], "rotation": 90, "texture": "#0"}
			}
		},
		{
			"from": [4.2, 7, 3],
			"to": [12.2, 16, 6],
			"rotation": {"angle": 0, "axis": "y", "origin": [0.7, 0, 0]},
			"faces": {
				"north": {"uv": [11, 10, 16, 16], "texture": "#0"},
				"east": {"uv": [9, 7.5, 11, 13.5], "texture": "#0"},
				"south": {"uv": [0, 4, 5, 10], "texture": "#0"},
				"west": {"uv": [7, 7.5, 9, 13.5], "texture": "#0"},
				"up": {"uv": [16, 8, 11, 6], "texture": "#0"},
				"down": {"uv": [16, 8, 11, 10], "texture": "#0"}
			}
		},
		{
			"from": [7.2, 10, -1.9],
			"to": [9.2, 12.5, -0.8],
			"rotation": {"angle": 22.5, "axis": "x", "origin": [0, 0, 0]},
			"faces": {
				"north": {"uv": [7, 13.5, 9, 16], "texture": "#0"},
				"east": {"uv": [9, 13.5, 10, 16], "texture": "#0"},
				"west": {"uv": [10, 13.5, 11, 16], "texture": "#0"},
				"down": {"uv": [7, 11, 5, 12], "texture": "#0"}
			}
		},
		{
			"name": "cube inverted",
			"from": [12.4, 16.2, 5.9],
			"to": [4, 6.8, 2.8],
			"rotation": {"angle": 0, "axis": "y", "origin": [0.7, 0, 0]},
			"faces": {
				"north": {"uv": [12.5, 4, 16, 0], "texture": "#0"},
				"east": {"uv": [12.5, 4, 16, 0], "texture": "#0"},
				"south": {"uv": [12.5, 4, 16, 0], "texture": "#0"},
				"west": {"uv": [12.5, 4, 16, 0], "texture": "#0"},
				"down": {"uv": [12.5, 4, 16, 0], "texture": "#0"}
			}
		},
		{
			"name": "cube inverted",
			"from": [12.3, 7.80497, 5.80511],
			"to": [4.1, 5.50497, 2.50511],
			"rotation": {"angle": 22.5, "axis": "x", "origin": [8.2, 6.75497, 4.20511]},
			"faces": {
				"north": {"uv": [12.5, 4, 16, 0], "texture": "#0"},
				"east": {"uv": [14, 2, 16, 0], "texture": "#0"},
				"south": {"uv": [12.5, 4, 16, 0], "texture": "#0"},
				"west": {"uv": [14, 2, 16, 0], "texture": "#0"},
				"up": {"uv": [12.5, 0, 16, 4], "texture": "#0"}
			}
		},
		{
			"name": "cube inverted",
			"from": [9.4, 12.5, -0.8],
			"to": [7, 9.8, -2.1],
			"rotation": {"angle": 22.5, "axis": "x", "origin": [0, 0, 0]},
			"faces": {
				"east": {"uv": [15, 3, 16, 0.5], "texture": "#0"},
				"south": {"uv": [14, 2.5, 16, 0], "texture": "#0"},
				"west": {"uv": [15, 2.5, 16, 0], "texture": "#0"},
				"up": {"uv": [14, 0, 16, 1], "texture": "#0"}
			}
		}
	],
	"display": {
		"thirdperson_righthand": {
			"translation": [0, -4.25, -2.25],
			"scale": [0.7, 0.7, 0.7]
		},
		"thirdperson_lefthand": {
			"translation": [0, -4.25, -2.25],
			"scale": [0.7, 0.7, 0.7]
		},
		"firstperson_righthand": {
			"translation": [-0.25, -2.25, 2.75]
		},
		"firstperson_lefthand": {
			"translation": [0.25, -2.25, 2.75]
		},
		"ground": {
			"scale": [0.7, 0.7, 0.7]
		},
		"gui": {
			"rotation": [30, 135, 0],
			"translation": [0, -2.25, 0],
			"scale": [0.9, 0.9, 0.9]
		},
		"head": {
			"translation": [-0.25, -6.5, -1],
			"scale": [1.61914, 1.61328, 1.62695]
		},
		"fixed": {
			"rotation": [-12, 0, 0],
			"translation": [0, -6.25, 4.25],
			"scale": [2.5, 2.5, 2.5]
		}
	}
}