{
	"credit": "Made with Blockbench",
	"texture_size": [64, 64],
	"textures": {
		"0": "./barbarian",
		"particle": "./barbarian"
	},
	"elements": [
		{
			"from": [3.5, 1, 4.25],
			"to": [13.75, 14.25, 13.25],
			"rotation": {"angle": 0, "axis": "y", "origin": [11, 13, 8]},
			"faces": {
				"north": {"uv": [2.75, 0, 5.375, 3.375], "texture": "#0"},
				"east": {"uv": [0, 3.5, 2.25, 6.875], "texture": "#0"},
				"south": {"uv": [0, 0, 2.625, 3.375], "texture": "#0"},
				"west": {"uv": [2.25, 3.5, 4.5, 6.875], "texture": "#0"},
				"up": {"uv": [2.25, 9.625, 0, 7], "rotation": 90, "texture": "#0"},
				"down": {"uv": [4.5, 7, 2.25, 9.625], "rotation": 270, "texture": "#0"}
			}
		},
		{
			"from": [4, 1.5, 2.5],
			"to": [13, 13.25, 6],
			"rotation": {"angle": 0, "axis": "y", "origin": [11, 13, 8]},
			"faces": {
				"north": {"uv": [6.75, 6.5, 9, 9.5], "texture": "#0"},
				"east": {"uv": [7.25, 3, 8.125, 6], "texture": "#0"},
				"south": {"uv": [4.5, 6.5, 6.75, 9.5], "texture": "#0"},
				"west": {"uv": [8.25, 0, 9.125, 3], "texture": "#0"},
				"up": {"uv": [9.125, 5.25, 8.25, 3], "rotation": 90, "texture": "#0"},
				"down": {"uv": [9.875, 5.25, 9, 7.5], "rotation": 270, "texture": "#0"}
			}
		},
		{
			"from": [3, 6.5, 3.5],
			"to": [14.25, 8.75, 13.75],
			"rotation": {"angle": 0, "axis": "y", "origin": [11, 13, 8]},
			"faces": {
				"north": {"uv": [9, 8.25, 11.875, 8.875], "texture": "#0"},
				"east": {"uv": [9, 9, 11.625, 9.625], "texture": "#0"},
				"south": {"uv": [9, 7.5, 11.875, 8.125], "texture": "#0"},
				"west": {"uv": [9.25, 0, 11.875, 0.625], "texture": "#0"},
				"up": {"uv": [7.125, 6.375, 4.5, 3.5], "rotation": 90, "texture": "#0"},
				"down": {"uv": [8.125, 0, 5.5, 2.875], "rotation": 270, "texture": "#0"}
			}
		},
		{
			"from": [13.5, 7.75, 7.25],
			"to": [17.5, 11, 11.25],
			"rotation": {"angle": 0, "axis": "y", "origin": [11, 13, 8]},
			"faces": {
				"north": {"uv": [9.5, 9.75, 10.5, 10.625], "texture": "#0"},
				"east": {"uv": [1.75, 9.75, 2.75, 10.625], "texture": "#0"},
				"south": {"uv": [2.75, 9.75, 3.75, 10.625], "texture": "#0"},
				"west": {"uv": [8.5, 9.75, 9.5, 10.625], "texture": "#0"},
				"up": {"uv": [6.5, 10.5, 5.5, 9.5], "rotation": 90, "texture": "#0"},
				"down": {"uv": [7.5, 9.5, 6.5, 10.5], "rotation": 270, "texture": "#0"}
			}
		},
		{
			"from": [-0.25, 7.75, 7.25],
			"to": [3.5, 11, 11.25],
			"rotation": {"angle": 0, "axis": "y", "origin": [11, 13, 8]},
			"faces": {
				"north": {"uv": [10.25, 0.75, 11.25, 1.625], "texture": "#0"},
				"east": {"uv": [10, 4.5, 11, 5.375], "texture": "#0"},
				"south": {"uv": [10, 5.5, 11, 6.375], "texture": "#0"},
				"west": {"uv": [10, 6.5, 11, 7.375], "texture": "#0"},
				"up": {"uv": [8.5, 10.5, 7.5, 9.5], "rotation": 90, "texture": "#0"},
				"down": {"uv": [1, 9.75, 0, 10.75], "rotation": 270, "texture": "#0"}
			}
		},
		{
			"from": [14.5, 11, 7.25],
			"to": [17.5, 15.5, 11.25],
			"rotation": {"angle": 0, "axis": "y", "origin": [11, 13, 8]},
			"faces": {
				"north": {"uv": [10.25, 1.75, 11, 2.875], "texture": "#0"},
				"east": {"uv": [9.25, 3.25, 10.25, 4.375], "texture": "#0"},
				"south": {"uv": [3.75, 9.75, 4.5, 10.875], "texture": "#0"},
				"west": {"uv": [4.5, 9.5, 5.5, 10.625], "texture": "#0"},
				"up": {"uv": [11.25, 3.75, 10.25, 3], "rotation": 90, "texture": "#0"},
				"down": {"uv": [11.25, 3.75, 10.25, 4.5], "rotation": 270, "texture": "#0"}
			}
		},
		{
			"from": [15.5, 15.5, 7.25],
			"to": [17.5, 18.5, 11.25],
			"rotation": {"angle": 0, "axis": "y", "origin": [11, 13, 8]},
			"faces": {
				"north": {"uv": [4.5, 10.75, 5, 11.5], "texture": "#0"},
				"east": {"uv": [5.5, 10.5, 6.5, 11.25], "texture": "#0"},
				"south": {"uv": [9.25, 4.5, 9.75, 5.25], "texture": "#0"},
				"west": {"uv": [6.5, 10.5, 7.5, 11.25], "texture": "#0"},
				"up": {"uv": [6.5, 3.5, 5.5, 3], "rotation": 90, "texture": "#0"},
				"down": {"uv": [8.25, 6, 7.25, 6.5], "rotation": 270, "texture": "#0"}
			}
		},
		{
			"from": [-0.25, 15.75, 7.25],
			"to": [1.75, 18.75, 11.25],
			"rotation": {"angle": 0, "axis": "y", "origin": [11, 13, 8]},
			"faces": {
				"north": {"uv": [8.5, 10.75, 9, 11.5], "texture": "#0"},
				"east": {"uv": [7.5, 10.5, 8.5, 11.25], "texture": "#0"},
				"south": {"uv": [5, 10.75, 5.5, 11.5], "texture": "#0"},
				"west": {"uv": [10.5, 9.75, 11.5, 10.5], "texture": "#0"},
				"up": {"uv": [2.75, 11.25, 1.75, 10.75], "rotation": 90, "texture": "#0"},
				"down": {"uv": [3.75, 10.75, 2.75, 11.25], "rotation": 270, "texture": "#0"}
			}
		},
		{
			"from": [-0.25, 11, 7.25],
			"to": [2.75, 15.75, 11.25],
			"rotation": {"angle": 0, "axis": "y", "origin": [11, 13, 8]},
			"faces": {
				"north": {"uv": [1, 9.75, 1.75, 11], "texture": "#0"},
				"east": {"uv": [9.25, 0.75, 10.25, 2], "texture": "#0"},
				"south": {"uv": [8.25, 5.25, 9, 6.5], "texture": "#0"},
				"west": {"uv": [9.25, 2, 10.25, 3.25], "texture": "#0"},
				"up": {"uv": [11.5, 11.25, 10.5, 10.5], "rotation": 90, "texture": "#0"},
				"down": {"uv": [1, 10.75, 0, 11.5], "rotation": 270, "texture": "#0"}
			}
		}
	],
	"display": {
		"thirdperson_righthand": {
			"translation": [-0.25, 0.75, 0],
			"scale": [0.5, 0.5, 0.5]
		},
		"thirdperson_lefthand": {
			"translation": [0.25, 0.75, 0],
			"scale": [0.5, 0.5, 0.5]
		},
		"firstperson_righthand": {
			"rotation": [-180, 71.75, -180],
			"translation": [5.25, 0.5, -3]
		},
		"firstperson_lefthand": {
			"rotation": [-180, 71.75, -180],
			"translation": [5.25, 0.5, -3]
		},
		"ground": {
			"translation": [0, 0, -1],
			"scale": [0.5, 0.5, 0.5]
		},
		"gui": {
			"rotation": [30, 135, 0],
			"translation": [0, -1.5, 0],
			"scale": [0.7, 0.7, 0.7]
		},
		"head": {
			"translation": [-0.75, 2, -1],
			"scale": [1.45313, 1.21485, 1.46094]
		},
		"fixed": {
			"rotation": [-90, 0, 0],
			"translation": [-0.75, 0, -14],
			"scale": [2, 2, 2]
		}
	},
	"groups": [
		{
			"name": "group",
			"origin": [0, 0, 0],
			"color": 0,
			"children": [0, 1, 2, 3, 4, 5, 6, 7, 8]
		}
	]
}