{
	"credit": "Made with Blockbench",
	"textures": {
		"0": "./metrocop_helmet"
	},
	"elements": [
		{
			"from": [3, 0, 3],
			"to": [13, 4, 9],
			"faces": {
				"north": {"uv": [9.5, 12.25, 12, 13.25], "texture": "#0"},
				"east": {"uv": [9.75, 13.25, 11.25, 14.25], "texture": "#0"},
				"west": {"uv": [8.75, 10.75, 10.25, 11.75], "texture": "#0"},
				"down": {"uv": [9.5, 11.75, 7, 13.25], "texture": "#0"}
			}
		},
		{
			"from": [2.5, 4, 2.5],
			"to": [13.5, 13, 9],
			"faces": {
				"north": {"uv": [4.25, 9.25, 7, 11.5], "texture": "#0"},
				"east": {"uv": [10.25, 10, 12, 12.25], "texture": "#0"},
				"west": {"uv": [7, 9.5, 8.75, 11.75], "texture": "#0"},
				"up": {"uv": [7, 13.25, 4.25, 11.5], "texture": "#0"},
				"down": {"uv": [2.75, 12, 0, 13.75], "texture": "#0"}
			}
		},
		{
			"from": [6.2, 1.5, 1],
			"to": [9.7, 5, 3],
			"faces": {
				"north": {"uv": [2.75, 14.25, 4.5, 16], "texture": "#0"},
				"east": {"uv": [5.5, 14.25, 6.5, 16], "texture": "#0"},
				"west": {"uv": [4.5, 14.25, 5.5, 16], "texture": "#0"},
				"up": {"uv": [6.25, 14.25, 4.5, 13.25], "texture": "#0"},
				"down": {"uv": [4.5, 13.25, 2.75, 14.25], "texture": "#0"}
			}
		},
		{
			"from": [6.2, -2.8, 1.7],
			"to": [9.7, 0.7, 3.7],
			"rotation": {"angle": -45, "axis": "x", "origin": [7.95, -0.75, 2]},
			"faces": {
				"north": {"uv": [6.5, 14.25, 8.25, 16], "texture": "#0"},
				"east": {"uv": [11, 14.25, 12, 16], "texture": "#0"},
				"south": {"uv": [8.25, 14.25, 10, 16], "texture": "#0"},
				"west": {"uv": [10, 14.25, 11, 16], "texture": "#0"},
				"up": {"uv": [9.75, 14.25, 8, 13.25], "texture": "#0"},
				"down": {"uv": [8, 13.25, 6.25, 14.25], "texture": "#0"}
			}
		},
		{
			"from": [3.5, 6.5, 1.5],
			"to": [7, 9, 2.5],
			"faces": {
				"north": {"uv": [0, 14.75, 1.75, 16], "texture": "#0"},
				"east": {"uv": [2.25, 14.75, 2.75, 16], "texture": "#0"},
				"west": {"uv": [1.75, 14.75, 2.25, 16], "texture": "#0"},
				"up": {"uv": [1.75, 14.75, 0, 14.25], "texture": "#0"},
				"down": {"uv": [1.75, 13.75, 0, 14.25], "texture": "#0"}
			}
		},
		{
			"from": [9, 6.5, 1.5],
			"to": [12.5, 9, 2.5],
			"faces": {
				"north": {"uv": [1.75, 14.75, 0, 16], "texture": "#0"},
				"east": {"uv": [2.75, 14.75, 2.25, 16], "texture": "#0"},
				"west": {"uv": [2.25, 14.75, 1.75, 16], "texture": "#0"},
				"up": {"uv": [0, 14.75, 1.75, 14.25], "texture": "#0"},
				"down": {"uv": [0, 13.75, 1.75, 14.25], "texture": "#0"}
			}
		},
		{
			"from": [2.5, 0, 9],
			"to": [13.5, 13, 14],
			"faces": {
				"north": {"uv": [13.25, 9.5, 16, 12.75], "texture": "#0"},
				"east": {"uv": [12, 12.75, 13.25, 16], "texture": "#0"},
				"south": {"uv": [13.25, 12.75, 16, 16], "texture": "#0"},
				"west": {"uv": [12, 9.5, 13.25, 12.75], "texture": "#0"},
				"up": {"uv": [16, 8.25, 13.25, 7], "texture": "#0"},
				"down": {"uv": [16, 8.25, 13.25, 9.5], "texture": "#0"}
			}
		}
	],
	"display": {
		"thirdperson_righthand": {
			"translation": [0, 4, 0],
			"scale": [0.5, 0.5, 0.5]
		},
		"thirdperson_lefthand": {
			"translation": [0, 4, 0],
			"scale": [0.5, 0.5, 0.5]
		},
		"firstperson_righthand": {
			"translation": [0, 4, 0],
			"scale": [0.5, 0.5, 0.5]
		},
		"firstperson_lefthand": {
			"translation": [0, 4, 0],
			"scale": [0.5, 0.5, 0.5]
		},
		"ground": {
			"scale": [0.5, 0.5, 0.5]
		},
		"gui": {
			"rotation": [30, 135, 0],
			"translation": [0, 1, 0],
			"scale": [0.8, 0.8, 0.8]
		},
		"head": {
			"translation": [0, 2.75, 0],
			"scale": [1.32617, 1.21875, 1.31055]
		},
		"fixed": {
			"rotation": [-78, 0, 0],
			"translation": [0, 1, -13.5],
			"scale": [1.5, 1.5, 1.5]
		}
	},
	"groups": [
		{
			"name": "group",
			"origin": [0, 0, 0],
			"color": 0,
			"nbt": "{}",
			"armAnimationEnabled": false,
			"children": [0, 1, 2, 3, 4, 5, 6]
		}
	]
}