{
	"credit": "Made with Blockbench",
	"textures": {
		"0": "./wonder"
	},
	"elements": [
		{
			"from": [2, 0, 2],
			"to": [14, 1, 14],
			"faces": {
				"north": {"uv": [6.5, 9.5, 11, 9.75], "texture": "#0"},
				"east": {"uv": [11, 9.5, 15.5, 9.75], "texture": "#0"},
				"south": {"uv": [11, 14.25, 15.5, 14.5], "texture": "#0"},
				"west": {"uv": [6.5, 14.25, 11, 14.5], "texture": "#0"},
				"up": {"uv": [11, 14.25, 6.5, 9.75], "texture": "#0"},
				"down": {"uv": [15.5, 9.75, 11, 14.25], "texture": "#0"}
			}
		},
		{
			"from": [5, 1, 5],
			"to": [11, 5, 11],
			"faces": {
				"north": {"uv": [0, 14.5, 3, 16], "texture": "#0"},
				"east": {"uv": [3, 14.5, 6, 16], "texture": "#0"},
				"south": {"uv": [6, 14.5, 9, 16], "texture": "#0"},
				"west": {"uv": [9, 14.5, 12, 16], "texture": "#0"}
			}
		},
		{
			"from": [4, 5, 4],
			"to": [12, 12, 12],
			"faces": {
				"north": {"uv": [0, 12, 3.25, 14.5], "texture": "#0"},
				"east": {"uv": [0, 4.5, 3.25, 7], "texture": "#0"},
				"south": {"uv": [0, 7, 3.25, 9.5], "texture": "#0"},
				"west": {"uv": [0, 9.5, 3.25, 12], "texture": "#0"},
				"up": {"uv": [6.5, 14.5, 3.25, 11.5], "texture": "#0"},
				"down": {"uv": [6.5, 8.5, 3.25, 11.5], "texture": "#0"}
			}
		},
		{
			"from": [7, 1.7, 4.5],
			"to": [9, 3.7, 4.5],
			"faces": {
				"north": {"uv": [12, 14.5, 13.5, 16], "texture": "#0"},
				"south": {"uv": [12, 14.5, 13.5, 16], "texture": "#0"}
			}
		}
	],
	"display": {
		"thirdperson_righthand": {
			"rotation": [-105.75, 0, 0],
			"translation": [-6, 1, -8]
		},
		"thirdperson_lefthand": {
			"rotation": [-105.75, 0, 0],
			"translation": [-6, 1, -8]
		},
		"ground": {
			"translation": [0, 4.5, 0]
		},
		"gui": {
			"rotation": [35, 130, 0],
			"translation": [0, 2.25, 0]
		},
		"head": {
			"rotation": [27, 0, 0],
			"translation": [0, 16.75, 9.5],
			"scale": [2.20703, 1.81445, 1.73633]
		},
		"fixed": {
			"rotation": [-90, 0, 0],
			"translation": [0, 0, -20.75],
			"scale": [2.58008, 2.7793, 2.40039]
		}
	},
	"groups": [
		{
			"name": "group",
			"origin": [8, 8, 8],
			"color": 0,
			"children": [0, 1, 2, 3]
		}
	]
}