{
	"credit": "Made with Blockbench",
	"textures": {
		"0": "./dr.fetus"
	},
	"elements": [
		{
			"from": [4, 0, 5],
			"to": [6, 2, 8],
			"rotation": {"angle": 22.5, "axis": "y", "origin": [5, 1, 5.5]},
			"faces": {
				"north": {"uv": [2, 1, 4, 3], "texture": "#0"},
				"east": {"uv": [2, 6, 4, 9], "rotation": 90, "texture": "#0"},
				"west": {"uv": [2, 3, 4, 6], "rotation": 90, "texture": "#0"},
				"up": {"uv": [6, 9, 4, 6], "texture": "#0"},
				"down": {"uv": [4, 3, 6, 6], "texture": "#0"}
			}
		},
		{
			"from": [4.9, 0, 8],
			"to": [5.9, 3, 10],
			"rotation": {"angle": -22.5, "axis": "z", "origin": [4.5, 2.5, 9]},
			"faces": {
				"north": {"uv": [1.5, 13.5, 2.5, 16], "texture": "#0"},
				"east": {"uv": [1.5, 13.5, 0, 16], "texture": "#0"},
				"south": {"uv": [13.5, 4.5, 16, 3.5], "rotation": 90, "texture": "#0"},
				"west": {"uv": [1.5, 11, 0, 13.5], "texture": "#0"},
				"down": {"uv": [11, 8, 10.5, 9.5], "texture": "#0"}
			}
		},
		{
			"from": [5, 0, 7],
			"to": [11, 3, 11],
			"rotation": {"angle": 0, "axis": "y", "origin": [0, 0, 2]},
			"faces": {
				"north": {"uv": [7, 1.5, 11.5, 3.5], "texture": "#0"},
				"east": {"uv": [10.5, 5.5, 13.5, 7.5], "texture": "#0"},
				"south": {"uv": [11.5, 1.5, 16, 3.5], "texture": "#0"},
				"west": {"uv": [10.5, 3.5, 13.5, 5.5], "texture": "#0"},
				"up": {"uv": [10.5, 6.5, 6, 3.5], "texture": "#0"},
				"down": {"uv": [10.5, 6.5, 6, 9.5], "texture": "#0"}
			}
		},
		{
			"from": [5.5, 3.8, 6.7],
			"to": [8.5, 6.8, 6.7],
			"rotation": {"angle": 0, "axis": "y", "origin": [0, 0, 2]},
			"faces": {
				"north": {"uv": [4, 0, 7, 3], "texture": "#0"},
				"south": {"uv": [4, 0, 7, 3], "texture": "#0"}
			}
		},
		{
			"from": [10, 0, 5],
			"to": [12, 2, 8],
			"rotation": {"angle": -22.5, "axis": "y", "origin": [11, 1, 5.5]},
			"faces": {
				"north": {"uv": [2, 1, 4, 3], "texture": "#0"},
				"east": {"uv": [2, 3, 4, 6], "rotation": 90, "texture": "#0"},
				"west": {"uv": [2, 9, 4, 6], "rotation": 90, "texture": "#0"},
				"up": {"uv": [4, 9, 6, 6], "texture": "#0"},
				"down": {"uv": [6, 3, 4, 6], "texture": "#0"}
			}
		},
		{
			"from": [10.5, 0, 8],
			"to": [11.5, 3, 10],
			"rotation": {"angle": 22.5, "axis": "z", "origin": [11.5, 1.5, 9]},
			"faces": {
				"north": {"uv": [2.5, 13.5, 1.5, 16], "texture": "#0"},
				"east": {"uv": [0, 11, 1.5, 13.5], "texture": "#0"},
				"south": {"uv": [13.5, 3.5, 16, 4.5], "rotation": 90, "texture": "#0"},
				"west": {"uv": [0, 13.5, 1.5, 16], "texture": "#0"},
				"down": {"uv": [11, 8, 10.5, 9.5], "texture": "#0"}
			}
		},
		{
			"from": [7.5, 3, 8.3],
			"to": [9, 4, 9.8],
			"faces": {
				"north": {"uv": [10, 0.5, 11.5, 1.5], "texture": "#0"},
				"east": {"uv": [7, 0.5, 8.5, 1.5], "texture": "#0"},
				"south": {"uv": [11.5, 0.5, 13, 1.5], "texture": "#0"},
				"west": {"uv": [8.5, 0.5, 10, 1.5], "texture": "#0"}
			}
		},
		{
			"from": [7, 4, 7.8],
			"to": [9.5, 6, 10.3],
			"faces": {
				"north": {"uv": [13.5, 4.5, 16, 6.5], "texture": "#0"},
				"east": {"uv": [13.5, 10.5, 16, 12.5], "texture": "#0"},
				"south": {"uv": [13.5, 8.5, 16, 10.5], "texture": "#0"},
				"west": {"uv": [13.5, 6.5, 16, 8.5], "texture": "#0"},
				"up": {"uv": [13.5, 10, 11, 7.5], "texture": "#0"},
				"down": {"uv": [13.5, 10, 11, 12.5], "texture": "#0"}
			}
		},
		{
			"from": [5.2, 3, 7.2],
			"to": [10.8, 7, 10.8],
			"faces": {
				"north": {"uv": [6, 12.5, 11, 16], "texture": "#0"},
				"east": {"uv": [3, 12.5, 6, 16], "texture": "#0"},
				"south": {"uv": [11, 12.5, 16, 16], "texture": "#0"},
				"west": {"uv": [3, 9, 6, 12.5], "texture": "#0"},
				"up": {"uv": [11, 12.5, 6, 9.5], "texture": "#0"}
			}
		},
		{
			"from": [6.5, 7, 7.5],
			"to": [9.5, 8, 10.5],
			"faces": {
				"north": {"uv": [0, 4, 2, 4.5], "texture": "#0"},
				"east": {"uv": [0, 3.5, 2, 4], "texture": "#0"},
				"south": {"uv": [0, 4.5, 2, 5], "texture": "#0"},
				"west": {"uv": [0, 3, 2, 3.5], "texture": "#0"},
				"up": {"uv": [2, 7, 0, 5], "texture": "#0"}
			}
		},
		{
			"from": [7, 8, 8],
			"to": [9, 10, 10],
			"faces": {
				"north": {"uv": [0, 9, 2, 11], "texture": "#0"},
				"east": {"uv": [0, 9, 2, 11], "texture": "#0"},
				"south": {"uv": [0, 9, 2, 11], "texture": "#0"},
				"west": {"uv": [0, 9, 2, 11], "texture": "#0"},
				"up": {"uv": [2, 9, 0, 7], "texture": "#0"}
			}
		}
	],
	"display": {
		"thirdperson_righthand": {
			"rotation": [0, 132, 0],
			"translation": [0.75, 8, 0]
		},
		"thirdperson_lefthand": {
			"rotation": [0, 132, 0],
			"translation": [0.75, 8, 0]
		},
		"firstperson_righthand": {
			"rotation": [0, 132, 0],
			"translation": [0.75, 8, 0]
		},
		"firstperson_lefthand": {
			"rotation": [0, 132, 0],
			"translation": [0.75, 8, 0]
		},
		"ground": {
			"translation": [0, 4.25, 0]
		},
		"gui": {
			"rotation": [30, 130, 0],
			"translation": [0, 5.75, 0],
			"scale": [1.5, 1.5, 1.5]
		},
		"head": {
			"translation": [0, 18.25, 0.75],
			"scale": [1.5, 1.5, 1.64453]
		},
		"fixed": {
			"rotation": [-90, 0, 0],
			"translation": [0, 0, -24],
			"scale": [3, 3, 3]
		}
	},
	"groups": [
		{
			"name": "group",
			"origin": [0, 0, 0],
			"color": 0,
			"children": [0, 1, 2, 3, 4, 5, 6, 7, 8, 9, 10]
		}
	]
}