{
	"credit": "Made with Blockbench",
	"texture_size": [64, 64],
	"textures": {
		"0": "./bunny_bullet",
		"particle": "./bunny_bullet"
	},
	"elements": [
		{
			"from": [4, 6, 5],
			"to": [12, 17, 12],
			"rotation": {"angle": 0, "axis": "y", "origin": [0, 0, 11]},
			"faces": {
				"north": {"uv": [0, 0, 2, 2.75], "texture": "#0"},
				"east": {"uv": [3.5, 2.75, 1.75, 5.5], "texture": "#0"},
				"south": {"uv": [2, 0, 4, 2.75], "texture": "#0"},
				"west": {"uv": [1.75, 2.75, 3.5, 5.5], "texture": "#0"},
				"up": {"uv": [5.5, 4.5, 3.5, 2.75], "texture": "#0"},
				"down": {"uv": [6, 0, 4, 1.75], "texture": "#0"}
			}
		},
		{
			"from": [4.25, 21.25, 7.25],
			"to": [7.75, 25.5, 9.5],
			"rotation": {"angle": -22.5, "axis": "x", "origin": [9.875, 19.75, 10.375]},
			"faces": {
				"north": {"uv": [6.25, 2, 7.125, 3.125], "texture": "#0"},
				"east": {"uv": [1.25, 7.25, 1.875, 8.375], "texture": "#0"},
				"south": {"uv": [3, 6.5, 3.875, 7.625], "texture": "#0"},
				"west": {"uv": [2, 7.25, 2.625, 8.375], "texture": "#0"},
				"up": {"uv": [4.875, 2.375, 4, 1.75], "texture": "#0"},
				"down": {"uv": [3.625, 7.75, 2.75, 8.375], "texture": "#0"}
			}
		},
		{
			"from": [4.5, 18.5, 7.25],
			"to": [7.5, 21.25, 9.5],
			"rotation": {"angle": -22.5, "axis": "x", "origin": [9.875, 19.75, 10.375]},
			"faces": {
				"north": {"uv": [0.75, 5.5, 1.5, 7.25], "texture": "#0"},
				"east": {"uv": [5.75, 3.5, 6.375, 5.25], "texture": "#0"},
				"south": {"uv": [1.5, 5.5, 2.25, 7.25], "texture": "#0"},
				"west": {"uv": [5.75, 5.25, 6.375, 7], "texture": "#0"},
				"up": {"uv": [9, 4.875, 8.25, 4.25], "texture": "#0"},
				"down": {"uv": [5.5, 8.25, 4.75, 8.875], "texture": "#0"}
			}
		},
		{
			"from": [8.5, 17.75, 7.5],
			"to": [11.5, 21.25, 9.5],
			"rotation": {"angle": -22.5, "axis": "x", "origin": [9.875, 19.75, 10.375]},
			"faces": {
				"north": {"uv": [5.5, 1.75, 6.25, 3.375], "texture": "#0"},
				"east": {"uv": [7, 7, 7.5, 8.625], "texture": "#0"},
				"south": {"uv": [2.25, 5.5, 3, 7.125], "texture": "#0"},
				"west": {"uv": [0.75, 7.25, 1.25, 8.875], "texture": "#0"},
				"up": {"uv": [9, 5.5, 8.25, 5], "texture": "#0"},
				"down": {"uv": [6.25, 8.25, 5.5, 8.75], "texture": "#0"}
			}
		},
		{
			"from": [8.25, 21.25, 7.25],
			"to": [11.75, 25.5, 9.5],
			"rotation": {"angle": -22.5, "axis": "x", "origin": [9.875, 19.75, 10.375]},
			"faces": {
				"north": {"uv": [6.5, 3.25, 7.375, 4.375], "texture": "#0"},
				"east": {"uv": [7.25, 2, 7.875, 3.125], "texture": "#0"},
				"south": {"uv": [4, 6.5, 4.875, 7.625], "texture": "#0"},
				"west": {"uv": [0, 7.5, 0.625, 8.625], "texture": "#0"},
				"up": {"uv": [4.625, 8.375, 3.75, 7.75], "texture": "#0"},
				"down": {"uv": [8.875, 0, 8, 0.625], "texture": "#0"}
			}
		},
		{
			"from": [4.25, 14, 7.25],
			"to": [7.75, 18.5, 9.75],
			"rotation": {"angle": -22.5, "axis": "x", "origin": [9.875, 19.75, 10.375]},
			"faces": {
				"north": {"uv": [6.5, 4.5, 7.375, 5.625], "texture": "#0"},
				"east": {"uv": [7.5, 3.25, 8.125, 4.375], "texture": "#0"},
				"south": {"uv": [6.5, 5.75, 7.375, 6.875], "texture": "#0"},
				"west": {"uv": [7.5, 4.5, 8.125, 5.625], "texture": "#0"},
				"up": {"uv": [8.875, 1.375, 8, 0.75], "texture": "#0"},
				"down": {"uv": [8.875, 2, 8, 2.625], "texture": "#0"}
			}
		},
		{
			"from": [8.25, 14, 7.25],
			"to": [11.75, 18.5, 9.75],
			"rotation": {"angle": -22.5, "axis": "x", "origin": [9.875, 19.75, 10.375]},
			"faces": {
				"north": {"uv": [5, 7, 5.875, 8.125], "texture": "#0"},
				"east": {"uv": [7.5, 5.75, 8.125, 6.875], "texture": "#0"},
				"south": {"uv": [6, 7, 6.875, 8.125], "texture": "#0"},
				"west": {"uv": [7.5, 7, 8.125, 8.125], "texture": "#0"},
				"up": {"uv": [9.125, 3.375, 8.25, 2.75], "texture": "#0"},
				"down": {"uv": [9.125, 3.5, 8.25, 4.125], "texture": "#0"}
			}
		},
		{
			"from": [4.75, 23.86042, 3.27776],
			"to": [7.5, 25.61042, 11.02776],
			"rotation": {"angle": -45, "axis": "x", "origin": [6.125, 19.23542, 8.15276]},
			"faces": {
				"north": {"uv": [8.25, 5.5, 9, 6], "texture": "#0"},
				"east": {"uv": [6, 1, 8, 1.5], "texture": "#0"},
				"south": {"uv": [8.25, 6, 9, 6.5], "texture": "#0"},
				"west": {"uv": [6.25, 1.5, 8.25, 2], "texture": "#0"},
				"up": {"uv": [5.75, 6.5, 5, 4.5], "texture": "#0"},
				"down": {"uv": [0.75, 5.5, 0, 7.5], "texture": "#0"}
			}
		},
		{
			"from": [8.5, 23.86042, 3.27776],
			"to": [11.25, 25.61042, 11.02776],
			"rotation": {"angle": -45, "axis": "x", "origin": [6.125, 19.23542, 8.15276]},
			"faces": {
				"north": {"uv": [5, 6.5, 5.75, 7], "texture": "#0"},
				"east": {"uv": [6, 0, 8, 0.5], "texture": "#0"},
				"south": {"uv": [8.25, 1.5, 9, 2], "texture": "#0"},
				"west": {"uv": [6, 0.5, 8, 1], "texture": "#0"},
				"up": {"uv": [4.25, 6.5, 3.5, 4.5], "texture": "#0"},
				"down": {"uv": [5, 4.5, 4.25, 6.5], "texture": "#0"}
			}
		}
	],
	"display": {
		"thirdperson_righthand": {
			"scale": [0.5, 0.5, 0.5]
		},
		"thirdperson_lefthand": {
			"scale": [0.5, 0.5, 0.5]
		},
		"firstperson_righthand": {
			"rotation": [-180, 58, -180],
			"translation": [1.75, 2.25, 0],
			"scale": [0.5, 0.5, 0.5]
		},
		"firstperson_lefthand": {
			"rotation": [-180, 58, 180],
			"translation": [1.75, 2.25, 0],
			"scale": [0.5, 0.5, 0.5]
		},
		"gui": {
			"rotation": [30, 130, 0],
			"translation": [0, -3.5, 0],
			"scale": [0.6, 0.6, 0.6]
		},
		"head": {
			"translation": [0, -3.25, -1],
			"scale": [1.9, 1.9, 2.09531]
		},
		"fixed": {
			"rotation": [-90, 0, 0],
			"translation": [0, -0.75, -4],
			"scale": [2, 2, 2]
		}
	}
}