{
	"credit": "Made with Blockbench",
	"textures": {
		"0": "./sam_mask"
	},
	"elements": [
		{
			"from": [14, 1, 9],
			"to": [15, 10, 14],
			"faces": {
				"north": {"uv": [15, 8.25, 15.25, 10.5], "texture": "#0"},
				"east": {"uv": [11, 8.75, 12.25, 11], "texture": "#0"},
				"south": {"uv": [14.75, 8.25, 15, 10.5], "texture": "#0"},
				"west": {"uv": [9.75, 8.75, 11, 11], "texture": "#0"},
				"up": {"uv": [11, 8.75, 9.75, 8.5], "rotation": 90, "texture": "#0"},
				"down": {"uv": [11, 8.75, 12.25, 8.5], "rotation": 90, "texture": "#0"}
			}
		},
		{
			"from": [13, 3, 6],
			"to": [14, 7, 14],
			"faces": {
				"north": {"uv": [12.25, 11.25, 13.5, 11.5], "rotation": 90, "texture": "#0"},
				"east": {"uv": [13.5, 11.5, 14.75, 13.75], "rotation": 90, "texture": "#0"},
				"south": {"uv": [13.5, 11.25, 14.75, 11.5], "rotation": 90, "texture": "#0"},
				"west": {"uv": [12.25, 11.5, 13.5, 13.75], "rotation": 90, "texture": "#0"},
				"up": {"uv": [15, 15, 14.75, 12.75], "texture": "#0"}
			}
		},
		{
			"from": [1, 1, 9],
			"to": [2, 10, 14],
			"faces": {
				"north": {"uv": [15, 10.5, 15.25, 12.75], "texture": "#0"},
				"east": {"uv": [12.25, 9, 13.5, 11.25], "texture": "#0"},
				"south": {"uv": [14.75, 10.5, 15, 12.75], "texture": "#0"},
				"west": {"uv": [13.5, 9, 14.75, 11.25], "texture": "#0"},
				"up": {"uv": [13.5, 9, 12.25, 8.75], "rotation": 90, "texture": "#0"},
				"down": {"uv": [13.5, 9, 14.75, 8.75], "rotation": 90, "texture": "#0"}
			}
		},
		{
			"from": [2, 3, 6],
			"to": [3, 7, 14],
			"faces": {
				"north": {"uv": [11, 11, 12.25, 11.25], "rotation": 90, "texture": "#0"},
				"east": {"uv": [11, 11.25, 12.25, 13.5], "rotation": 90, "texture": "#0"},
				"south": {"uv": [9.75, 11, 11, 11.25], "rotation": 90, "texture": "#0"},
				"west": {"uv": [9.75, 11.25, 11, 13.5], "rotation": 90, "texture": "#0"},
				"up": {"uv": [15.25, 15, 15, 12.75], "texture": "#0"}
			}
		},
		{
			"from": [13, 0, 2],
			"to": [14, 3, 14],
			"faces": {
				"north": {"uv": [8.25, 14, 8.5, 15], "texture": "#0"},
				"east": {"uv": [8.75, 13.5, 12.25, 14.5], "texture": "#0"},
				"south": {"uv": [8.5, 14, 8.75, 15], "texture": "#0"},
				"west": {"uv": [8.75, 15, 12.25, 16], "texture": "#0"},
				"up": {"uv": [12.25, 15, 8.75, 14.75], "rotation": 90, "texture": "#0"},
				"down": {"uv": [8.75, 14.75, 12.25, 14.5], "rotation": 90, "texture": "#0"}
			}
		},
		{
			"from": [2, 0, 2],
			"to": [3, 3, 14],
			"faces": {
				"north": {"uv": [8.25, 15, 8.5, 16], "texture": "#0"},
				"east": {"uv": [4.5, 13.5, 8.25, 14.5], "texture": "#0"},
				"south": {"uv": [8.5, 15, 8.75, 16], "texture": "#0"},
				"west": {"uv": [4.5, 15, 8.25, 16], "texture": "#0"},
				"up": {"uv": [8.25, 15, 4.5, 14.75], "rotation": 90, "texture": "#0"},
				"down": {"uv": [4.5, 14.75, 8.25, 14.5], "rotation": 90, "texture": "#0"}
			}
		},
		{
			"from": [13, 3, 2.5],
			"to": [13.5, 6, 6],
			"faces": {
				"north": {"uv": [14.75, 15, 15, 16], "texture": "#0"},
				"east": {"uv": [13.5, 14, 14.75, 15], "texture": "#0"},
				"west": {"uv": [13.5, 15, 14.75, 16], "texture": "#0"},
				"up": {"uv": [14.75, 14, 13.5, 13.75], "rotation": 90, "texture": "#0"}
			}
		},
		{
			"from": [2.5, 3, 2.5],
			"to": [3, 6, 6],
			"faces": {
				"north": {"uv": [15, 15, 15.25, 16], "texture": "#0"},
				"east": {"uv": [12.25, 14, 13.5, 15], "texture": "#0"},
				"west": {"uv": [12.25, 15, 13.5, 16], "texture": "#0"},
				"up": {"uv": [13.5, 14, 12.25, 13.75], "rotation": 90, "texture": "#0"}
			}
		},
		{
			"from": [3, 3, 2.5],
			"to": [13, 6, 3],
			"faces": {
				"north": {"uv": [1.5, 12.5, 4.5, 13.5], "texture": "#0"},
				"south": {"uv": [4.5, 12.5, 7.5, 13.5], "texture": "#0"},
				"up": {"uv": [4.5, 12.5, 1.5, 12.25], "texture": "#0"}
			}
		},
		{
			"from": [3, 0, 2],
			"to": [13, 3, 3],
			"faces": {
				"north": {"uv": [1.5, 15, 4.5, 16], "texture": "#0"},
				"south": {"uv": [1.5, 13.5, 4.5, 14.5], "texture": "#0"},
				"up": {"uv": [4.5, 15, 1.5, 14.75], "texture": "#0"},
				"down": {"uv": [4.5, 14.5, 1.5, 14.75], "texture": "#0"}
			}
		},
		{
			"from": [3.8, 1, 1.5],
			"to": [5.8, 3, 2],
			"faces": {
				"north": {"uv": [0, 15.25, 0.75, 16], "texture": "#0"},
				"east": {"uv": [0, 14, 0.25, 14.75], "texture": "#0"},
				"west": {"uv": [0.25, 14, 0.5, 14.75], "texture": "#0"},
				"up": {"uv": [0.75, 15.25, 0, 15], "texture": "#0"},
				"down": {"uv": [0.75, 14.75, 0, 15], "texture": "#0"}
			}
		},
		{
			"from": [10.2, 1, 1.5],
			"to": [12.2, 3, 2],
			"faces": {
				"north": {"uv": [0.75, 15.25, 1.5, 16], "texture": "#0"},
				"east": {"uv": [0.5, 14, 0.75, 14.75], "texture": "#0"},
				"west": {"uv": [0.75, 14, 1, 14.75], "texture": "#0"},
				"up": {"uv": [1.5, 15, 0.75, 14.75], "texture": "#0"},
				"down": {"uv": [1.5, 15, 0.75, 15.25], "texture": "#0"}
			}
		}
	],
	"display": {
		"thirdperson_righthand": {
			"translation": [0, 0, 2],
			"scale": [0.5, 0.5, 0.5]
		},
		"thirdperson_lefthand": {
			"translation": [0, 0, 2],
			"scale": [0.5, 0.5, 0.5]
		},
		"firstperson_righthand": {
			"translation": [0, 7.5, 0],
			"scale": [0.7, 0.7, 0.7]
		},
		"firstperson_lefthand": {
			"translation": [-9, 7.75, 9.25]
		},
		"ground": {
			"scale": [0.5, 0.5, 0.5]
		},
		"gui": {
			"rotation": [30, 130, 0],
			"translation": [-0.25, 2.75, 0],
			"scale": [0.91992, 0.95703, 0.92969]
		},
		"head": {
			"translation": [0, 0.75, 0],
			"scale": [1.30664, 1.26367, 1.27539]
		},
		"fixed": {
			"rotation": [-90, 0, 0],
			"translation": [0, -1.5, -16],
			"scale": [1.82813, 2.01172, 1.86914]
		}
	},
	"groups": [
		{
			"name": "group",
			"origin": [8, 8, 8],
			"color": 0,
			"nbt": "{}",
			"armAnimationEnabled": false,
			"children": [0, 1, 2, 3, 4, 5, 6, 7, 8, 9, 10, 11]
		}
	]
}