{
	"credit": "Made with Blockbench",
	"textures": {
		"0": "./yippee",
		"particle": "./yippee"
	},
	"elements": [
		{
			"from": [5, 5, 2],
			"to": [11, 11, 8],
			"faces": {
				"north": {"uv": [0, 3.5, 3, 6.5], "texture": "#0"},
				"east": {"uv": [3, 3.5, 6, 6.5], "texture": "#0"},
				"south": {"uv": [6, 0, 9, 3], "texture": "#0"},
				"west": {"uv": [6, 3, 9, 6], "texture": "#0"},
				"up": {"uv": [9, 9, 6, 6], "texture": "#0"},
				"down": {"uv": [3, 6.5, 0, 9.5], "texture": "#0"}
			}
		},
		{
			"from": [5, 7, 1.9],
			"to": [7, 9, 1.9],
			"faces": {
				"north": {"uv": [9, 7, 10, 8], "texture": "#0"},
				"south": {"uv": [10, 7, 9, 8], "texture": "#0"}
			}
		},
		{
			"from": [9, 7, 1.9],
			"to": [11, 9, 1.9],
			"faces": {
				"north": {"uv": [9, 8, 10, 9], "texture": "#0"},
				"south": {"uv": [10, 8, 9, 9], "texture": "#0"}
			}
		},
		{
			"from": [7, 5.7, 1.9],
			"to": [9, 6.7, 1.9],
			"faces": {
				"north": {"uv": [10, 8, 11, 8.5], "texture": "#0"},
				"south": {"uv": [0, 10.5, 1, 11], "texture": "#0"}
			}
		},
		{
			"from": [5, 2, 5],
			"to": [11, 5, 12],
			"faces": {
				"north": {"uv": [3, 6.5, 6, 8], "texture": "#0"},
				"east": {"uv": [9, 0, 12.5, 1.5], "texture": "#0"},
				"south": {"uv": [3, 8, 6, 9.5], "texture": "#0"},
				"west": {"uv": [9, 1.5, 12.5, 3], "texture": "#0"},
				"up": {"uv": [3, 3.5, 0, 0], "texture": "#0"},
				"down": {"uv": [6, 0, 3, 3.5], "texture": "#0"}
			}
		},
		{
			"from": [9, 0, 5],
			"to": [11, 2, 7],
			"faces": {
				"north": {"uv": [0, 9.5, 1, 10.5], "texture": "#0"},
				"east": {"uv": [1, 9.5, 2, 10.5], "texture": "#0"},
				"south": {"uv": [2, 9.5, 3, 10.5], "texture": "#0"},
				"west": {"uv": [3, 9.5, 4, 10.5], "texture": "#0"},
				"down": {"uv": [6, 9.5, 5, 10.5], "texture": "#0"}
			}
		},
		{
			"from": [5, 0, 5],
			"to": [7, 2, 7],
			"faces": {
				"north": {"uv": [10, 3, 11, 4], "texture": "#0"},
				"east": {"uv": [10, 4, 11, 5], "texture": "#0"},
				"south": {"uv": [10, 5, 11, 6], "texture": "#0"},
				"west": {"uv": [6, 10, 7, 11], "texture": "#0"},
				"down": {"uv": [8, 10, 7, 11], "texture": "#0"}
			}
		},
		{
			"from": [5, 0, 10],
			"to": [7, 2, 12],
			"faces": {
				"north": {"uv": [10, 7, 11, 8], "texture": "#0"},
				"east": {"uv": [8, 9, 9, 10], "texture": "#0"},
				"south": {"uv": [10, 6, 11, 7], "texture": "#0"},
				"west": {"uv": [9, 9, 10, 10], "texture": "#0"},
				"down": {"uv": [10, 6, 9, 7], "texture": "#0"}
			}
		},
		{
			"from": [9, 0, 10],
			"to": [11, 2, 12],
			"faces": {
				"north": {"uv": [9, 3, 10, 4], "texture": "#0"},
				"east": {"uv": [9, 4, 10, 5], "texture": "#0"},
				"south": {"uv": [9, 5, 10, 6], "texture": "#0"},
				"west": {"uv": [6, 9, 7, 10], "texture": "#0"},
				"down": {"uv": [8, 9, 7, 10], "texture": "#0"}
			}
		}
	],
	"display": {
		"thirdperson_righthand": {
			"rotation": [0, 150, 0],
			"translation": [0, 8, 0]
		},
		"thirdperson_lefthand": {
			"rotation": [0, 150, 0],
			"translation": [0, 8, 0]
		},
		"firstperson_righthand": {
			"rotation": [0, 150, 0],
			"translation": [0, 8, -1.75]
		},
		"firstperson_lefthand": {
			"rotation": [0, 150, 0],
			"translation": [0, 8, -1.75]
		},
		"ground": {
			"scale": [0.5, 0.5, 0.5]
		},
		"gui": {
			"rotation": [30, 135, 0],
			"translation": [0, 2.25, 0]
		},
		"head": {
			"translation": [0, 14.5, 0]
		},
		"fixed": {
			"rotation": [-90, 0, 0],
			"translation": [0, 0, -16],
			"scale": [2, 2, 2]
		}
	}
}