{
	"credit": "Made with Blockbench",
	"texture_size": [64, 64],
	"textures": {
		"0": "./goat",
		"particle": "./goat"
	},
	"elements": [
		{
			"from": [2, 1, 2],
			"to": [14, 12.5, 14],
			"faces": {
				"north": {"uv": [9, 6, 12, 8.875], "texture": "#0"},
				"east": {"uv": [3, 0, 6, 2.875], "texture": "#0"},
				"south": {"uv": [9, 3, 12, 5.875], "texture": "#0"},
				"west": {"uv": [6, 0, 9, 2.875], "texture": "#0"},
				"up": {"uv": [3, 3, 0, 0], "rotation": 90, "texture": "#0"},
				"down": {"uv": [12, 0, 9, 3], "rotation": 270, "texture": "#0"}
			}
		},
		{
			"from": [0, 5, 5],
			"to": [3, 14, 15],
			"faces": {
				"north": {"uv": [5, 8, 5.75, 10.25], "texture": "#0"},
				"east": {"uv": [0, 6.5, 2.5, 8.75], "texture": "#0"},
				"south": {"uv": [13, 5, 13.75, 7.25], "texture": "#0"},
				"west": {"uv": [0, 8.75, 2.5, 11], "texture": "#0"},
				"up": {"uv": [14.5, 8, 12, 7.25], "rotation": 90, "texture": "#0"},
				"down": {"uv": [14.5, 8, 12, 8.75], "rotation": 270, "texture": "#0"}
			}
		},
		{
			"from": [13, 5, 5],
			"to": [16, 14, 15],
			"faces": {
				"north": {"uv": [5.75, 5.75, 6.5, 8], "texture": "#0"},
				"east": {"uv": [2.5, 6.5, 5, 8.75], "texture": "#0"},
				"south": {"uv": [5, 5.75, 5.75, 8], "texture": "#0"},
				"west": {"uv": [2.5, 8.75, 5, 11], "texture": "#0"},
				"up": {"uv": [4.5, 4.75, 2, 4], "rotation": 90, "texture": "#0"},
				"down": {"uv": [7, 4, 4.5, 4.75], "rotation": 270, "texture": "#0"}
			}
		},
		{
			"from": [13, 5, 12],
			"to": [17, 14, 15],
			"faces": {
				"north": {"uv": [7.5, 2.875, 8.5, 5.125], "texture": "#0"},
				"east": {"uv": [5.75, 8, 6.5, 10.25], "texture": "#0"},
				"south": {"uv": [12, 5, 13, 7.25], "texture": "#0"},
				"west": {"uv": [6.5, 5.75, 7.25, 8], "texture": "#0"},
				"up": {"uv": [14.5, 6, 13.75, 5], "rotation": 90, "texture": "#0"},
				"down": {"uv": [6.75, 4.75, 6, 5.75], "rotation": 270, "texture": "#0"}
			}
		},
		{
			"from": [13, 10, 5],
			"to": [17, 14, 15],
			"faces": {
				"north": {"uv": [3, 4.75, 4, 5.75], "texture": "#0"},
				"east": {"uv": [0, 3, 2.5, 4], "texture": "#0"},
				"south": {"uv": [2, 4.75, 3, 5.75], "texture": "#0"},
				"west": {"uv": [12, 0, 14.5, 1], "texture": "#0"},
				"up": {"uv": [14.5, 2, 12, 1], "rotation": 90, "texture": "#0"},
				"down": {"uv": [14.5, 2, 12, 3], "rotation": 270, "texture": "#0"}
			}
		},
		{
			"from": [-1, 5, 12],
			"to": [3, 14, 15],
			"faces": {
				"north": {"uv": [1, 4, 2, 6.25], "texture": "#0"},
				"east": {"uv": [6.5, 8, 7.25, 10.25], "texture": "#0"},
				"south": {"uv": [0, 4, 1, 6.25], "texture": "#0"},
				"west": {"uv": [7.5, 5.125, 8.25, 7.375], "texture": "#0"},
				"up": {"uv": [14.5, 7, 13.75, 6], "rotation": 90, "texture": "#0"},
				"down": {"uv": [7.5, 4.75, 6.75, 5.75], "rotation": 270, "texture": "#0"}
			}
		},
		{
			"from": [-1, 10, 5],
			"to": [3, 14, 15],
			"faces": {
				"north": {"uv": [5, 4.75, 6, 5.75], "texture": "#0"},
				"east": {"uv": [2.5, 3, 5, 4], "texture": "#0"},
				"south": {"uv": [4, 4.75, 5, 5.75], "texture": "#0"},
				"west": {"uv": [12, 3, 14.5, 4], "texture": "#0"},
				"up": {"uv": [14.5, 5, 12, 4], "rotation": 90, "texture": "#0"},
				"down": {"uv": [7.5, 3, 5, 4], "rotation": 270, "texture": "#0"}
			}
		},
		{
			"from": [12, 5.5, 1.25],
			"to": [14.75, 8.25, 3.25],
			"faces": {
				"north": {"uv": [7.25, 8.125, 8, 8.875], "texture": "#0"},
				"east": {"uv": [3.5, 5.75, 4, 6.5], "texture": "#0"},
				"south": {"uv": [8, 8.125, 8.75, 8.875], "texture": "#0"},
				"west": {"uv": [4, 5.75, 4.5, 6.5], "texture": "#0"},
				"up": {"uv": [2.5, 6.5, 2, 5.75], "rotation": 90, "texture": "#0"},
				"down": {"uv": [7.75, 7.375, 7.25, 8.125], "rotation": 270, "texture": "#0"}
			}
		},
		{
			"from": [1, 5.5, 1.25],
			"to": [3.75, 8.25, 3.25],
			"faces": {
				"north": {"uv": [7.25, 8.875, 8, 9.625], "texture": "#0"},
				"east": {"uv": [7.75, 7.375, 8.25, 8.125], "texture": "#0"},
				"south": {"uv": [8, 8.875, 8.75, 9.625], "texture": "#0"},
				"west": {"uv": [8.25, 7.375, 8.75, 8.125], "texture": "#0"},
				"up": {"uv": [3, 6.5, 2.5, 5.75], "rotation": 90, "texture": "#0"},
				"down": {"uv": [3.5, 5.75, 3, 6.5], "rotation": 270, "texture": "#0"}
			}
		}
	],
	"display": {
		"thirdperson_righthand": {
			"translation": [0, 0.5, 0],
			"scale": [0.4, 0.4, 0.4]
		},
		"thirdperson_lefthand": {
			"translation": [0, 0.5, 0],
			"scale": [0.4, 0.4, 0.4]
		},
		"firstperson_righthand": {
			"rotation": [-180, 71, -180],
			"translation": [10, 0, -7.75]
		},
		"firstperson_lefthand": {
			"rotation": [-180, 62.75, 180],
			"translation": [9.5, 0.25, -10.25]
		},
		"ground": {
			"scale": [0.5, 0.5, 0.5]
		},
		"gui": {
			"rotation": [30, 135, 0],
			"translation": [-0.75, 0, 0],
			"scale": [0.7, 0.7, 0.7]
		},
		"head": {
			"rotation": [8.01, 5.71, 9.09],
			"translation": [-18, 0.5, 1.75],
			"scale": [0.7, 0.7, 0.7]
		},
		"fixed": {
			"rotation": [-90, 0, 0],
			"translation": [0, 0, -14.25]
		}
	}
}