{
	"credit": "Made with love",
	"textures": {
		"1": "items/animated_particles_void_shield",
		"3": "items/texture_void_shield",
		"particle": "items/animated_particles_void_shield"
	},
	"elements": [
		{
			"name": "Centre",
			"from": [2, 0, 11],
			"to": [14, 22, 12],
			"faces": {
				"north": {"uv": [0, 0, 3, 5.5], "texture": "#3"},
				"east": {"uv": [3, 5.5, 3.25, 11], "texture": "#3"},
				"south": {"uv": [3, 0, 6, 5.5], "texture": "#3"},
				"west": {"uv": [3.25, 5.5, 3.5, 11], "texture": "#3"},
				"up": {"uv": [8.5, 5.75, 5.5, 5.5], "texture": "#3"},
				"down": {"uv": [8.5, 5.75, 5.5, 6], "texture": "#3"}
			}
		},
		{
			"name": "Poignée",
			"from": [7, 10.9, 5],
			"to": [9, 16.9, 11],
			"faces": {
				"north": {"uv": [6, 0, 6.5, 1.5], "texture": "#3"},
				"east": {"uv": [0, 5.5, 1.5, 7], "texture": "#3"},
				"south": {"uv": [6, 1.5, 6.5, 3], "texture": "#3"},
				"west": {"uv": [1.5, 5.5, 3, 7], "texture": "#3"},
				"up": {"uv": [6.5, 4.5, 6, 3], "texture": "#3"},
				"down": {"uv": [6, 6, 5.5, 7.5], "texture": "#3"}
			}
		},
		{
			"name": "Bas",
			"from": [4, -1, 11],
			"to": [12, 0, 12],
			"faces": {
				"north": {"uv": [6, 4.5, 8, 4.75], "texture": "#3"},
				"east": {"uv": [6.5, 4.25, 6.75, 4.5], "texture": "#3"},
				"south": {"uv": [6, 4.75, 8, 5], "texture": "#3"},
				"west": {"uv": [6.75, 2.5, 7, 2.75], "texture": "#3"},
				"up": {"uv": [8, 5.25, 6, 5], "texture": "#3"},
				"down": {"uv": [8, 5.25, 6, 5.5], "texture": "#3"}
			}
		},
		{
			"from": [1, 5, 11],
			"to": [2, 23, 12],
			"faces": {
				"north": {"uv": [3.5, 5.5, 3.75, 10], "texture": "#3"},
				"east": {"uv": [3.75, 5.5, 4, 10], "texture": "#3"},
				"south": {"uv": [4, 5.5, 4.25, 10], "texture": "#3"},
				"west": {"uv": [4.25, 5.5, 4.5, 10], "texture": "#3"},
				"up": {"uv": [6.75, 4, 6.5, 3.75], "texture": "#3"},
				"down": {"uv": [6.75, 4, 6.5, 4.25], "texture": "#3"}
			}
		},
		{
			"from": [0, 18, 11],
			"to": [1, 23, 12],
			"faces": {
				"north": {"uv": [6.5, 2.5, 6.75, 3.75], "texture": "#3"},
				"east": {"uv": [6.5, 6, 6.75, 7.25], "texture": "#3"},
				"south": {"uv": [6.75, 0, 7, 1.25], "texture": "#3"},
				"west": {"uv": [6.75, 1.25, 7, 2.5], "texture": "#3"},
				"up": {"uv": [7, 4, 6.75, 3.75], "texture": "#3"},
				"down": {"uv": [7, 4, 6.75, 4.25], "texture": "#3"}
			}
		},
		{
			"from": [-1, 23, 11],
			"to": [2, 24, 12],
			"rotation": {"angle": 0, "axis": "y", "origin": [1, 25, -4]},
			"faces": {
				"north": {"uv": [10.75, 0, 11.5, 0.25], "texture": "#3"},
				"east": {"uv": [11, 1, 11.25, 1.25], "texture": "#3"},
				"south": {"uv": [10.75, 0.25, 11.5, 0.5], "texture": "#3"},
				"west": {"uv": [10.75, 1, 11, 1.25], "texture": "#3"},
				"up": {"uv": [10.75, 0.5, 11.5, 0.75], "texture": "#3"},
				"down": {"uv": [10.75, 0.75, 11.5, 1], "texture": "#3"}
			}
		},
		{
			"from": [1, 27, 11],
			"to": [2, 28, 12],
			"rotation": {"angle": 0, "axis": "y", "origin": [2, 29, -4]},
			"faces": {
				"north": {"uv": [9.75, 0.5, 10, 0.75], "texture": "#3"},
				"east": {"uv": [9.75, 0, 10, 0.25], "texture": "#3"},
				"south": {"uv": [10, 0.25, 10.25, 0.5], "texture": "#3"},
				"west": {"uv": [10, 0.5, 10.25, 0.75], "texture": "#3"},
				"up": {"uv": [10, 0, 10.25, 0.25], "texture": "#3"},
				"down": {"uv": [9.75, 0.25, 10, 0.5], "texture": "#3"}
			}
		},
		{
			"from": [-1, 24, 11],
			"to": [1, 26, 12],
			"rotation": {"angle": 0, "axis": "y", "origin": [1, 27, -4]},
			"faces": {
				"north": {"uv": [9.25, 0.5, 9.75, 1], "texture": "#3"},
				"east": {"uv": [9.25, 1.5, 9.5, 2], "texture": "#3"},
				"south": {"uv": [9.25, 0, 9.75, 0.5], "texture": "#3"},
				"west": {"uv": [9.5, 1.5, 9.75, 2], "texture": "#3"},
				"up": {"uv": [9.25, 1.25, 9.75, 1.5], "texture": "#3"},
				"down": {"uv": [9.25, 1, 9.75, 1.25], "texture": "#3"}
			}
		},
		{
			"from": [0, 26, 11],
			"to": [1, 27, 12],
			"rotation": {"angle": 0, "axis": "y", "origin": [1, 28, -4]},
			"faces": {
				"north": {"uv": [10.25, 0.5, 10.5, 0.75], "texture": "#3"},
				"east": {"uv": [10.5, 0.5, 10.75, 0.75], "texture": "#3"},
				"south": {"uv": [10.25, 0, 10.5, 0.25], "texture": "#3"},
				"west": {"uv": [10.5, 0.25, 10.75, 0.5], "texture": "#3"},
				"up": {"uv": [10.25, 0.25, 10.5, 0.5], "texture": "#3"},
				"down": {"uv": [10.5, 0, 10.75, 0.25], "texture": "#3"}
			}
		},
		{
			"from": [14, 5, 11],
			"to": [15, 23, 12],
			"faces": {
				"north": {"uv": [4.5, 5.5, 4.75, 10], "texture": "#3"},
				"east": {"uv": [4.75, 5.5, 5, 10], "texture": "#3"},
				"south": {"uv": [5, 5.5, 5.25, 10], "texture": "#3"},
				"west": {"uv": [5.25, 5.5, 5.5, 10], "texture": "#3"},
				"up": {"uv": [7, 3, 6.75, 2.75], "texture": "#3"},
				"down": {"uv": [7, 3, 6.75, 3.25], "texture": "#3"}
			}
		},
		{
			"from": [15, 18, 11],
			"to": [16, 23, 12],
			"faces": {
				"north": {"uv": [6, 6, 6.25, 7.25], "texture": "#3"},
				"east": {"uv": [6.25, 6, 6.5, 7.25], "texture": "#3"},
				"south": {"uv": [6.5, 0, 6.75, 1.25], "texture": "#3"},
				"west": {"uv": [6.5, 1.25, 6.75, 2.5], "texture": "#3"},
				"up": {"uv": [7, 3.5, 6.75, 3.25], "texture": "#3"},
				"down": {"uv": [7, 3.5, 6.75, 3.75], "texture": "#3"}
			}
		},
		{
			"from": [14, 23, 11],
			"to": [17, 24, 12],
			"rotation": {"angle": 0, "axis": "y", "origin": [15, 25, 27]},
			"faces": {
				"north": {"uv": [8.5, 0.75, 9.25, 1], "texture": "#3"},
				"east": {"uv": [8.5, 1, 8.75, 1.25], "texture": "#3"},
				"south": {"uv": [8.5, 0.5, 9.25, 0.75], "texture": "#3"},
				"west": {"uv": [8.75, 1, 9, 1.25], "texture": "#3"},
				"up": {"uv": [8.5, 0.25, 9.25, 0.5], "rotation": 180, "texture": "#3"},
				"down": {"uv": [8.5, 0, 9.25, 0.25], "rotation": 180, "texture": "#3"}
			}
		},
		{
			"from": [15, 24, 11],
			"to": [17, 26, 12],
			"rotation": {"angle": 0, "axis": "y", "origin": [15, 27, 27]},
			"faces": {
				"north": {"uv": [7, 1, 7.5, 1.5], "texture": "#3"},
				"east": {"uv": [7.25, 0, 7.5, 0.5], "texture": "#3"},
				"south": {"uv": [7, 1.5, 7.5, 2], "texture": "#3"},
				"west": {"uv": [7, 0, 7.25, 0.5], "texture": "#3"},
				"up": {"uv": [7, 0.5, 7.5, 0.75], "rotation": 180, "texture": "#3"},
				"down": {"uv": [7, 0.75, 7.5, 1], "rotation": 180, "texture": "#3"}
			}
		},
		{
			"from": [14, 27, 11],
			"to": [15, 28, 12],
			"rotation": {"angle": 0, "axis": "y", "origin": [14, 29, 27]},
			"faces": {
				"north": {"uv": [7.5, 0.5, 7.75, 0.75], "texture": "#3"},
				"east": {"uv": [7.75, 0.5, 8, 0.75], "texture": "#3"},
				"south": {"uv": [7.75, 0, 8, 0.25], "texture": "#3"},
				"west": {"uv": [7.75, 0.25, 8, 0.5], "texture": "#3"},
				"up": {"uv": [7.5, 0.25, 7.75, 0.5], "rotation": 180, "texture": "#3"},
				"down": {"uv": [7.5, 0, 7.75, 0.25], "rotation": 180, "texture": "#3"}
			}
		},
		{
			"from": [15, 26, 11],
			"to": [16, 27, 12],
			"rotation": {"angle": 0, "axis": "y", "origin": [15, 28, 27]},
			"faces": {
				"north": {"uv": [8.25, 0.5, 8.5, 0.75], "texture": "#3"},
				"east": {"uv": [8, 0, 8.25, 0.25], "texture": "#3"},
				"south": {"uv": [8, 0.25, 8.25, 0.5], "texture": "#3"},
				"west": {"uv": [8.25, 0, 8.5, 0.25], "texture": "#3"},
				"up": {"uv": [8, 0.5, 8.25, 0.75], "rotation": 180, "texture": "#3"},
				"down": {"uv": [8.25, 0.25, 8.5, 0.5], "rotation": 180, "texture": "#3"}
			}
		},
		{
			"from": [2, 24, 11],
			"to": [3, 25, 12],
			"faces": {
				"north": {"uv": [0, 5, 1, 6], "texture": "#1"},
				"east": {"uv": [0, 5, 1, 6], "texture": "#1"},
				"south": {"uv": [0, 5, 1, 6], "texture": "#1"},
				"west": {"uv": [0, 5, 1, 6], "texture": "#1"},
				"up": {"uv": [0, 5, 1, 6], "texture": "#1"},
				"down": {"uv": [0, 5, 1, 6], "texture": "#1"}
			}
		},
		{
			"from": [3, 22, 11],
			"to": [4, 23, 12],
			"faces": {
				"north": {"uv": [1, 7, 2, 8], "texture": "#1"},
				"east": {"uv": [1, 7, 2, 8], "texture": "#1"},
				"south": {"uv": [1, 7, 2, 8], "texture": "#1"},
				"west": {"uv": [1, 7, 2, 8], "texture": "#1"},
				"up": {"uv": [1, 7, 2, 8], "texture": "#1"},
				"down": {"uv": [1, 7, 2, 8], "texture": "#1"}
			}
		},
		{
			"from": [6, 25, 11],
			"to": [7, 26, 12],
			"faces": {
				"north": {"uv": [4, 4, 5, 5], "texture": "#1"},
				"east": {"uv": [4, 4, 5, 5], "texture": "#1"},
				"south": {"uv": [4, 4, 5, 5], "texture": "#1"},
				"west": {"uv": [4, 4, 5, 5], "texture": "#1"},
				"up": {"uv": [4, 4, 5, 5], "texture": "#1"},
				"down": {"uv": [4, 4, 5, 5], "texture": "#1"}
			}
		},
		{
			"from": [8, 23, 11],
			"to": [9, 24, 12],
			"faces": {
				"north": {"uv": [6, 6, 7, 7], "texture": "#1"},
				"east": {"uv": [6, 6, 7, 7], "texture": "#1"},
				"south": {"uv": [6, 6, 7, 7], "texture": "#1"},
				"west": {"uv": [6, 6, 7, 7], "texture": "#1"},
				"up": {"uv": [6, 6, 7, 7], "texture": "#1"},
				"down": {"uv": [6, 6, 7, 7], "texture": "#1"}
			}
		},
		{
			"from": [10, 22, 11],
			"to": [11, 23, 12],
			"faces": {
				"north": {"uv": [8, 7, 9, 8], "texture": "#1"},
				"east": {"uv": [8, 7, 9, 8], "texture": "#1"},
				"south": {"uv": [8, 7, 9, 8], "texture": "#1"},
				"west": {"uv": [8, 7, 9, 8], "texture": "#1"},
				"up": {"uv": [8, 7, 9, 8], "texture": "#1"},
				"down": {"uv": [8, 7, 9, 8], "texture": "#1"}
			}
		},
		{
			"from": [11, 26, 11],
			"to": [12, 27, 12],
			"faces": {
				"north": {"uv": [9, 3, 10, 4], "texture": "#1"},
				"east": {"uv": [9, 3, 10, 4], "texture": "#1"},
				"south": {"uv": [9, 3, 10, 4], "texture": "#1"},
				"west": {"uv": [9, 3, 10, 4], "texture": "#1"},
				"up": {"uv": [9, 3, 10, 4], "texture": "#1"},
				"down": {"uv": [9, 3, 10, 4], "texture": "#1"}
			}
		},
		{
			"from": [12, 24, 11],
			"to": [13, 25, 12],
			"faces": {
				"north": {"uv": [10, 5, 11, 6], "texture": "#1"},
				"east": {"uv": [10, 5, 11, 6], "texture": "#1"},
				"south": {"uv": [10, 5, 11, 6], "texture": "#1"},
				"west": {"uv": [10, 5, 11, 6], "texture": "#1"},
				"up": {"uv": [10, 5, 11, 6], "texture": "#1"},
				"down": {"uv": [10, 5, 11, 6], "texture": "#1"}
			}
		},
		{
			"from": [2, 25, 11],
			"to": [3, 26, 12],
			"faces": {
				"north": {"uv": [0, 4, 1, 5], "texture": "#1"},
				"east": {"uv": [0, 4, 1, 5], "texture": "#1"},
				"south": {"uv": [0, 4, 1, 5], "texture": "#1"},
				"west": {"uv": [0, 4, 1, 5], "texture": "#1"},
				"up": {"uv": [0, 4, 1, 5], "texture": "#1"},
				"down": {"uv": [0, 4, 1, 5], "texture": "#1"}
			}
		},
		{
			"from": [3, 23, 11],
			"to": [4, 24, 12],
			"faces": {
				"north": {"uv": [1, 6, 2, 7], "texture": "#1"},
				"east": {"uv": [1, 6, 2, 7], "texture": "#1"},
				"south": {"uv": [1, 6, 2, 7], "texture": "#1"},
				"west": {"uv": [1, 6, 2, 7], "texture": "#1"},
				"up": {"uv": [1, 6, 2, 7], "texture": "#1"},
				"down": {"uv": [1, 6, 2, 7], "texture": "#1"}
			}
		},
		{
			"from": [6, 26, 11],
			"to": [7, 27, 12],
			"faces": {
				"north": {"uv": [4, 3, 5, 4], "texture": "#1"},
				"east": {"uv": [4, 3, 5, 4], "texture": "#1"},
				"south": {"uv": [4, 3, 5, 4], "texture": "#1"},
				"west": {"uv": [4, 3, 5, 4], "texture": "#1"},
				"up": {"uv": [4, 3, 5, 4], "texture": "#1"},
				"down": {"uv": [4, 3, 5, 4], "texture": "#1"}
			}
		},
		{
			"from": [8, 24, 11],
			"to": [9, 25, 12],
			"faces": {
				"north": {"uv": [6, 5, 7, 6], "texture": "#1"},
				"east": {"uv": [6, 5, 7, 6], "texture": "#1"},
				"south": {"uv": [6, 5, 7, 6], "texture": "#1"},
				"west": {"uv": [6, 5, 7, 6], "texture": "#1"},
				"up": {"uv": [6, 5, 7, 6], "texture": "#1"},
				"down": {"uv": [6, 5, 7, 6], "texture": "#1"}
			}
		},
		{
			"from": [10, 23, 11],
			"to": [11, 24, 12],
			"faces": {
				"north": {"uv": [8, 6, 9, 7], "texture": "#1"},
				"east": {"uv": [8, 6, 9, 7], "texture": "#1"},
				"south": {"uv": [8, 6, 9, 7], "texture": "#1"},
				"west": {"uv": [8, 6, 9, 7], "texture": "#1"},
				"up": {"uv": [8, 6, 9, 7], "texture": "#1"},
				"down": {"uv": [8, 6, 9, 7], "texture": "#1"}
			}
		},
		{
			"from": [11, 22, 11],
			"to": [12, 23, 12],
			"faces": {
				"north": {"uv": [9, 7, 10, 8], "texture": "#1"},
				"east": {"uv": [9, 7, 10, 8], "texture": "#1"},
				"south": {"uv": [9, 7, 10, 8], "texture": "#1"},
				"west": {"uv": [9, 7, 10, 8], "texture": "#1"},
				"up": {"uv": [9, 7, 10, 8], "texture": "#1"},
				"down": {"uv": [9, 7, 10, 8], "texture": "#1"}
			}
		},
		{
			"from": [13, 25, 11],
			"to": [14, 26, 12],
			"faces": {
				"north": {"uv": [11, 4, 12, 5], "texture": "#1"},
				"east": {"uv": [11, 4, 12, 5], "texture": "#1"},
				"south": {"uv": [11, 4, 12, 5], "texture": "#1"},
				"west": {"uv": [11, 4, 12, 5], "texture": "#1"},
				"up": {"uv": [11, 4, 12, 5], "texture": "#1"},
				"down": {"uv": [11, 4, 12, 5], "texture": "#1"}
			}
		},
		{
			"from": [2, 26, 11],
			"to": [3, 27, 12],
			"faces": {
				"north": {"uv": [0, 3, 1, 4], "texture": "#1"},
				"east": {"uv": [0, 3, 1, 4], "texture": "#1"},
				"south": {"uv": [0, 3, 1, 4], "texture": "#1"},
				"west": {"uv": [0, 3, 1, 4], "texture": "#1"},
				"up": {"uv": [0, 3, 1, 4], "texture": "#1"},
				"down": {"uv": [0, 3, 1, 4], "texture": "#1"}
			}
		},
		{
			"from": [3, 24, 11],
			"to": [4, 25, 12],
			"faces": {
				"north": {"uv": [1, 5, 2, 6], "texture": "#1"},
				"east": {"uv": [1, 5, 2, 6], "texture": "#1"},
				"south": {"uv": [1, 5, 2, 6], "texture": "#1"},
				"west": {"uv": [1, 5, 2, 6], "texture": "#1"},
				"up": {"uv": [1, 5, 2, 6], "texture": "#1"},
				"down": {"uv": [1, 5, 2, 6], "texture": "#1"}
			}
		},
		{
			"from": [6, 22, 11],
			"to": [7, 23, 12],
			"faces": {
				"north": {"uv": [4, 7, 5, 8], "texture": "#1"},
				"east": {"uv": [4, 7, 5, 8], "texture": "#1"},
				"south": {"uv": [4, 7, 5, 8], "texture": "#1"},
				"west": {"uv": [4, 7, 5, 8], "texture": "#1"},
				"up": {"uv": [4, 7, 5, 8], "texture": "#1"},
				"down": {"uv": [4, 7, 5, 8], "texture": "#1"}
			}
		},
		{
			"from": [8, 25, 11],
			"to": [9, 26, 12],
			"faces": {
				"north": {"uv": [6, 4, 7, 5], "texture": "#1"},
				"east": {"uv": [6, 4, 7, 5], "texture": "#1"},
				"south": {"uv": [6, 4, 7, 5], "texture": "#1"},
				"west": {"uv": [6, 4, 7, 5], "texture": "#1"},
				"up": {"uv": [6, 4, 7, 5], "texture": "#1"},
				"down": {"uv": [6, 4, 7, 5], "texture": "#1"}
			}
		},
		{
			"from": [10, 25, 11],
			"to": [11, 26, 12],
			"faces": {
				"north": {"uv": [8, 4, 9, 5], "texture": "#1"},
				"east": {"uv": [8, 4, 9, 5], "texture": "#1"},
				"south": {"uv": [8, 4, 9, 5], "texture": "#1"},
				"west": {"uv": [8, 4, 9, 5], "texture": "#1"},
				"up": {"uv": [8, 4, 9, 5], "texture": "#1"},
				"down": {"uv": [8, 4, 9, 5], "texture": "#1"}
			}
		},
		{
			"from": [11, 23, 11],
			"to": [12, 24, 12],
			"faces": {
				"north": {"uv": [9, 6, 10, 7], "texture": "#1"},
				"east": {"uv": [9, 6, 10, 7], "texture": "#1"},
				"south": {"uv": [9, 6, 10, 7], "texture": "#1"},
				"west": {"uv": [9, 6, 10, 7], "texture": "#1"},
				"up": {"uv": [9, 6, 10, 7], "texture": "#1"},
				"down": {"uv": [9, 6, 10, 7], "texture": "#1"}
			}
		},
		{
			"from": [13, 26, 11],
			"to": [14, 27, 12],
			"faces": {
				"north": {"uv": [11, 3, 12, 4], "texture": "#1"},
				"east": {"uv": [11, 3, 12, 4], "texture": "#1"},
				"south": {"uv": [11, 3, 12, 4], "texture": "#1"},
				"west": {"uv": [11, 3, 12, 4], "texture": "#1"},
				"up": {"uv": [11, 3, 12, 4], "texture": "#1"},
				"down": {"uv": [11, 3, 12, 4], "texture": "#1"}
			}
		},
		{
			"from": [2, 22, 11],
			"to": [3, 23, 12],
			"faces": {
				"north": {"uv": [0, 7, 1, 8], "texture": "#1"},
				"east": {"uv": [0, 7, 1, 8], "texture": "#1"},
				"south": {"uv": [0, 7, 1, 8], "texture": "#1"},
				"west": {"uv": [0, 7, 1, 8], "texture": "#1"},
				"up": {"uv": [0, 7, 1, 8], "texture": "#1"},
				"down": {"uv": [0, 7, 1, 8], "texture": "#1"}
			}
		},
		{
			"from": [3, 25, 11],
			"to": [4, 26, 12],
			"faces": {
				"north": {"uv": [1, 4, 2, 5], "texture": "#1"},
				"east": {"uv": [1, 4, 2, 5], "texture": "#1"},
				"south": {"uv": [1, 4, 2, 5], "texture": "#1"},
				"west": {"uv": [1, 4, 2, 5], "texture": "#1"},
				"up": {"uv": [1, 4, 2, 5], "texture": "#1"},
				"down": {"uv": [1, 4, 2, 5], "texture": "#1"}
			}
		},
		{
			"from": [6, 23, 11],
			"to": [7, 24, 12],
			"faces": {
				"north": {"uv": [4, 6, 5, 7], "texture": "#1"},
				"east": {"uv": [4, 6, 5, 7], "texture": "#1"},
				"south": {"uv": [4, 6, 5, 7], "texture": "#1"},
				"west": {"uv": [4, 6, 5, 7], "texture": "#1"},
				"up": {"uv": [4, 6, 5, 7], "texture": "#1"},
				"down": {"uv": [4, 6, 5, 7], "texture": "#1"}
			}
		},
		{
			"from": [8, 26, 11],
			"to": [9, 27, 12],
			"faces": {
				"north": {"uv": [6, 3, 7, 4], "texture": "#1"},
				"east": {"uv": [6, 3, 7, 4], "texture": "#1"},
				"south": {"uv": [6, 3, 7, 4], "texture": "#1"},
				"west": {"uv": [6, 3, 7, 4], "texture": "#1"},
				"up": {"uv": [6, 3, 7, 4], "texture": "#1"},
				"down": {"uv": [6, 3, 7, 4], "texture": "#1"}
			}
		},
		{
			"from": [10, 26, 11],
			"to": [11, 27, 12],
			"faces": {
				"north": {"uv": [8, 3, 9, 4], "texture": "#1"},
				"east": {"uv": [8, 3, 9, 4], "texture": "#1"},
				"south": {"uv": [8, 3, 9, 4], "texture": "#1"},
				"west": {"uv": [8, 3, 9, 4], "texture": "#1"},
				"up": {"uv": [8, 3, 9, 4], "texture": "#1"},
				"down": {"uv": [8, 3, 9, 4], "texture": "#1"}
			}
		},
		{
			"from": [11, 24, 11],
			"to": [12, 25, 12],
			"faces": {
				"north": {"uv": [9, 5, 10, 6], "texture": "#1"},
				"east": {"uv": [9, 5, 10, 6], "texture": "#1"},
				"south": {"uv": [9, 5, 10, 6], "texture": "#1"},
				"west": {"uv": [9, 5, 10, 6], "texture": "#1"},
				"up": {"uv": [9, 5, 10, 6], "texture": "#1"},
				"down": {"uv": [9, 5, 10, 6], "texture": "#1"}
			}
		},
		{
			"from": [12, 22, 11],
			"to": [13, 23, 12],
			"faces": {
				"north": {"uv": [10, 7, 11, 8], "texture": "#1"},
				"east": {"uv": [10, 7, 11, 8], "texture": "#1"},
				"south": {"uv": [10, 7, 11, 8], "texture": "#1"},
				"west": {"uv": [10, 7, 11, 8], "texture": "#1"},
				"up": {"uv": [10, 7, 11, 8], "texture": "#1"},
				"down": {"uv": [10, 7, 11, 8], "texture": "#1"}
			}
		},
		{
			"from": [2, 23, 12],
			"to": [3, 24, 13],
			"faces": {
				"north": {"uv": [0, 6, 1, 7], "texture": "#1"},
				"east": {"uv": [0, 6, 1, 7], "texture": "#1"},
				"south": {"uv": [0, 6, 1, 7], "texture": "#1"},
				"west": {"uv": [0, 6, 1, 7], "texture": "#1"},
				"up": {"uv": [0, 6, 1, 7], "texture": "#1"},
				"down": {"uv": [0, 6, 1, 7], "texture": "#1"}
			}
		},
		{
			"from": [6, 24, 12],
			"to": [7, 25, 13],
			"faces": {
				"north": {"uv": [4, 5, 5, 6], "texture": "#1"},
				"east": {"uv": [4, 5, 5, 6], "texture": "#1"},
				"south": {"uv": [4, 5, 5, 6], "texture": "#1"},
				"west": {"uv": [4, 5, 5, 6], "texture": "#1"},
				"up": {"uv": [4, 5, 5, 6], "texture": "#1"},
				"down": {"uv": [4, 5, 5, 6], "texture": "#1"}
			}
		},
		{
			"from": [8, 22, 12],
			"to": [9, 23, 13],
			"faces": {
				"north": {"uv": [6, 7, 7, 8], "texture": "#1"},
				"east": {"uv": [6, 7, 7, 8], "texture": "#1"},
				"south": {"uv": [6, 7, 7, 8], "texture": "#1"},
				"west": {"uv": [6, 7, 7, 8], "texture": "#1"},
				"up": {"uv": [6, 7, 7, 8], "texture": "#1"},
				"down": {"uv": [6, 7, 7, 8], "texture": "#1"}
			}
		},
		{
			"from": [12, 23, 12],
			"to": [13, 24, 13],
			"faces": {
				"north": {"uv": [10, 6, 11, 7], "texture": "#1"},
				"east": {"uv": [10, 6, 11, 7], "texture": "#1"},
				"south": {"uv": [10, 6, 11, 7], "texture": "#1"},
				"west": {"uv": [10, 6, 11, 7], "texture": "#1"},
				"up": {"uv": [10, 6, 11, 7], "texture": "#1"},
				"down": {"uv": [10, 6, 11, 7], "texture": "#1"}
			}
		},
		{
			"from": [11, 25, 12],
			"to": [12, 26, 13],
			"faces": {
				"north": {"uv": [9, 4, 10, 5], "texture": "#1"},
				"east": {"uv": [9, 4, 10, 5], "texture": "#1"},
				"south": {"uv": [9, 4, 10, 5], "texture": "#1"},
				"west": {"uv": [9, 4, 10, 5], "texture": "#1"},
				"up": {"uv": [9, 4, 10, 5], "texture": "#1"},
				"down": {"uv": [9, 4, 10, 5], "texture": "#1"}
			}
		},
		{
			"from": [3, 26, 12],
			"to": [4, 27, 13],
			"faces": {
				"north": {"uv": [1, 3, 2, 4], "texture": "#1"},
				"east": {"uv": [1, 3, 2, 4], "texture": "#1"},
				"south": {"uv": [1, 3, 2, 4], "texture": "#1"},
				"west": {"uv": [1, 3, 2, 4], "texture": "#1"},
				"up": {"uv": [1, 3, 2, 4], "texture": "#1"},
				"down": {"uv": [1, 3, 2, 4], "texture": "#1"}
			}
		}
	],
	"display": {
		"thirdperson_righthand": {
			"rotation": [0, 90, 0],
			"translation": [0, -7.9, 3.75]
		},
		"thirdperson_lefthand": {
			"rotation": [0, 90, 0],
			"translation": [0, -7.9, 3.75]
		},
		"firstperson_righthand": {
			"rotation": [0, -180, -5],
			"translation": [8.5, -9, 2.5],
			"scale": [0.9, 0.9, 0.9]
		},
		"firstperson_lefthand": {
			"rotation": [0, 180, -5],
			"translation": [8.5, -9, 2.5],
			"scale": [0.9, 0.9, 0.9]
		},
		"ground": {
			"scale": [0.25, 0.25, 0.25]
		},
		"gui": {
			"rotation": [15, -25, -5],
			"translation": [0.5, -2.5, 0],
			"scale": [0.52, 0.52, 0.52]
		},
		"head": {
			"rotation": [-90, 0, 180],
			"translation": [0, 3.25, -2.75]
		},
		"fixed": {
			"rotation": [0, 180, 0],
			"translation": [0, -3, 1.75],
			"scale": [0.6, 0.6, 0.6]
		}
	},
	"groups": [
		0,
		1,
		2,
		{
			"name": "Coté Gauche",
			"origin": [14, 29, 27],
			"color": 0,
			"children": [
				3,
				4,
				{
					"name": "Corne Gauche",
					"origin": [14, 29, 27],
					"color": 0,
					"children": [5, 6, 7, 8]
				}
			]
		},
		{
			"name": "Coté Droite",
			"origin": [14, 29, 27],
			"color": 0,
			"children": [
				9,
				10,
				{
					"name": "Corne Droite",
					"origin": [14, 29, 27],
					"color": 0,
					"children": [11, 12, 13, 14]
				}
			]
		},
		{
			"name": "Particules haut",
			"origin": [8, 8, 8],
			"color": 0,
			"children": [
				{
					"name": "1 Frame",
					"origin": [0, 0, 0],
					"color": 0,
					"children": [15, 16, 17, 18, 19, 20, 21]
				},
				{
					"name": "2 Frame",
					"origin": [0, 0, 0],
					"color": 0,
					"children": [22, 23, 24, 25, 26, 27, 28]
				},
				{
					"name": "3 Frame",
					"origin": [0, 0, 0],
					"color": 0,
					"children": [29, 30, 31, 32, 33, 34, 35]
				},
				{
					"name": "4 Frame",
					"origin": [0, 0, 0],
					"color": 0,
					"children": [36, 37, 38, 39, 40, 41, 42]
				},
				{
					"name": "5 Frame",
					"origin": [0, 0, 0],
					"color": 0,
					"children": [43, 44, 45, 46, 47, 48]
				}
			]
		}
	]
}