{
	"parent": "tall_top_hat",
	"texture_size": [64, 64],
	"textures": {
		"0": "./tall_top_hat",
		"particle": "./tall_top_hat"
	},
	"elements": [
		{
			"from": [2, -16, 2],
			"to": [14, -15, 14],
			"faces": {
				"north": {"uv": [10, 6, 13, 6.25], "texture": "#0"},
				"east": {"uv": [10, 6.25, 13, 6.5], "texture": "#0"},
				"south": {"uv": [10, 6.5, 13, 6.75], "texture": "#0"},
				"west": {"uv": [10, 6.75, 13, 7], "texture": "#0"},
				"up": {"uv": [11, 3, 8, 0], "texture": "#0"},
				"down": {"uv": [11, 3, 8, 6], "texture": "#0"}
			}
		},
		{
			"from": [4, -15, 4],
			"to": [12, 32, 12],
			"faces": {
				"north": {"uv": [0, 0, 2, 11.75], "texture": "#0"},
				"east": {"uv": [2, 0, 4, 11.75], "texture": "#0"},
				"south": {"uv": [4, 0, 6, 11.75], "texture": "#0"},
				"west": {"uv": [6, 0, 8, 11.75], "texture": "#0"},
				"up": {"uv": [10, 8, 8, 6], "texture": "#0"},
				"down": {"uv": [10, 8, 8, 10], "texture": "#0"}
			}
		}
	],
	"display": {
		"thirdperson_righthand": {
			"rotation": [0, 45, 0],
			"translation": [0, 0.25, -0.75],
			"scale": [0.3, 0.3, 0.3]
		},
		"thirdperson_lefthand": {
			"rotation": [0, 45, 0],
			"translation": [0, 0.25, -0.75],
			"scale": [0.3, 0.3, 0.3]
		},
		"firstperson_righthand": {
			"rotation": [0, 90, -15],
			"translation": [0, 1.6, 0.8],
			"scale": [0.68, 0.68, 0.68]
		},
		"firstperson_lefthand": {
			"rotation": [0, 90, -15],
			"translation": [0, 1.6, 0.8],
			"scale": [0.68, 0.68, 0.68]
		},
		"ground": {
			"translation": [0, 10, 0],
			"scale": [0.3, 0.3, 0.3]
		},
		"gui": {
			"rotation": [30, 225, 0],
			"translation": [0, 11.75, 0],
			"scale": [0.7, 0.7, 0.7]
		},
		"head": {
			"translation": [0, 42.5, 0],
			"scale": [1.55, 1.55, 1.55]
		},
		"fixed": {
			"translation": [0, 23.75, -1],
			"scale": [1.3, 1.3, 1.3]
		}
	}
}