{
	"credit": "Made with Blockbench",
	"textures": {
		"0": "./pelo"
	},
	"elements": [
		{
			"from": [11, 5, 7],
			"to": [13, 7, 11],
			"faces": {
				"north": {"uv": [7.5, 4, 8.5, 5], "texture": "#0"},
				"east": {"uv": [8.5, 6, 10.5, 7], "texture": "#0"},
				"south": {"uv": [11, 11.5, 12, 12.5], "texture": "#0"},
				"west": {"uv": [10, 7, 12, 8], "texture": "#0"},
				"up": {"uv": [1, 13, 0, 11], "texture": "#0"},
				"down": {"uv": [2, 11, 1, 13], "texture": "#0"}
			}
		},
		{
			"from": [3, 5, 7],
			"to": [5, 7, 11],
			"faces": {
				"north": {"uv": [12, 4, 13, 5], "texture": "#0"},
				"east": {"uv": [10, 8, 12, 9], "texture": "#0"},
				"south": {"uv": [12, 5, 13, 6], "texture": "#0"},
				"west": {"uv": [10.5, 6, 12.5, 7], "texture": "#0"},
				"up": {"uv": [3, 13, 2, 11], "texture": "#0"},
				"down": {"uv": [4, 11, 3, 13], "texture": "#0"}
			}
		},
		{
			"from": [9, 6, 7],
			"to": [12, 10, 11],
			"faces": {
				"north": {"uv": [8, 9, 9.5, 11], "texture": "#0"},
				"east": {"uv": [0, 9, 2, 11], "texture": "#0"},
				"south": {"uv": [9.5, 9, 11, 11], "texture": "#0"},
				"up": {"uv": [11.5, 2, 10, 0], "texture": "#0"},
				"down": {"uv": [11.5, 2, 10, 4], "texture": "#0"}
			}
		},
		{
			"from": [4, 6, 7],
			"to": [9, 11, 11],
			"faces": {
				"north": {"uv": [3, 0, 5.5, 2.5], "texture": "#0"},
				"east": {"uv": [5.5, 0, 7.5, 2.5], "texture": "#0"},
				"south": {"uv": [3, 2.5, 5.5, 5], "texture": "#0"},
				"west": {"uv": [5.5, 2.5, 7.5, 5], "texture": "#0"},
				"up": {"uv": [8.5, 7, 6, 5], "texture": "#0"},
				"down": {"uv": [2.5, 7, 0, 9], "texture": "#0"}
			}
		},
		{
			"from": [8.5, 5, 5.4],
			"to": [10.5, 7, 5.4],
			"faces": {
				"north": {"uv": [7, 12, 8, 13], "texture": "#0"},
				"east": {"uv": [0, 0, 0, 1], "texture": "#0"},
				"south": {"uv": [7, 12, 8, 13], "texture": "#0"},
				"west": {"uv": [0, 0, 0, 1], "texture": "#0"},
				"up": {"uv": [1, 0, 0, 0], "texture": "#0"},
				"down": {"uv": [1, 0, 0, 0], "texture": "#0"}
			}
		},
		{
			"from": [5, 4, 5.5],
			"to": [11, 8, 10.5],
			"faces": {
				"north": {"uv": [0, 5, 3, 7], "texture": "#0"},
				"east": {"uv": [2.5, 7, 5, 9], "texture": "#0"},
				"south": {"uv": [3, 5, 6, 7], "texture": "#0"},
				"west": {"uv": [5, 7, 7.5, 9], "texture": "#0"},
				"up": {"uv": [3, 2.5, 0, 0], "texture": "#0"},
				"down": {"uv": [3, 2.5, 0, 5], "texture": "#0"}
			}
		},
		{
			"from": [5.5, 5, 5.4],
			"to": [7.5, 7, 5.4],
			"faces": {
				"north": {"uv": [8, 12, 9, 13], "texture": "#0"},
				"east": {"uv": [0, 0, 0, 1], "texture": "#0"},
				"south": {"uv": [8, 12, 9, 13], "texture": "#0"},
				"west": {"uv": [0, 0, 0, 1], "texture": "#0"},
				"up": {"uv": [1, 0, 0, 0], "texture": "#0"},
				"down": {"uv": [1, 0, 0, 0], "texture": "#0"}
			}
		},
		{
			"from": [9.39686, -1.9021, 7.4],
			"to": [10.39686, 1.0979, 9.4],
			"rotation": {"angle": 22.5, "axis": "z", "origin": [3.49686, 2.9979, 8.4]},
			"faces": {
				"north": {"uv": [12.5, 2, 13, 3.5], "texture": "#0"},
				"east": {"uv": [4, 11, 5, 12.5], "texture": "#0"},
				"south": {"uv": [4, 12.5, 4.5, 14], "texture": "#0"},
				"west": {"uv": [11, 4, 12, 5.5], "texture": "#0"},
				"up": {"uv": [6, 13.5, 5.5, 12.5], "texture": "#0"},
				"down": {"uv": [6.5, 12.5, 6, 13.5], "texture": "#0"}
			}
		},
		{
			"from": [4.5, 1, 7.4],
			"to": [5.5, 4, 9.4],
			"rotation": {"angle": -22.5, "axis": "z", "origin": [4.5, 1.5, 8]},
			"faces": {
				"north": {"uv": [4.5, 12.5, 5, 14], "texture": "#0"},
				"east": {"uv": [5, 11, 6, 12.5], "texture": "#0"},
				"south": {"uv": [5, 12.5, 5.5, 14], "texture": "#0"},
				"west": {"uv": [6, 11, 7, 12.5], "texture": "#0"},
				"up": {"uv": [13, 7, 12.5, 6], "texture": "#0"},
				"down": {"uv": [7, 12.5, 6.5, 13.5], "texture": "#0"}
			}
		},
		{
			"from": [5.5, 0, 6],
			"to": [10.5, 4, 10],
			"faces": {
				"north": {"uv": [7.5, 0, 10, 2], "texture": "#0"},
				"east": {"uv": [4, 9, 6, 11], "texture": "#0"},
				"south": {"uv": [7.5, 2, 10, 4], "texture": "#0"},
				"west": {"uv": [6, 9, 8, 11], "texture": "#0"},
				"down": {"uv": [11, 4, 8.5, 6], "texture": "#0"}
			}
		},
		{
			"from": [4, 0, 4.2],
			"to": [6, 2, 7.2],
			"rotation": {"angle": 22.5, "axis": "y", "origin": [5, 1, 3.5]},
			"faces": {
				"north": {"uv": [9, 12, 10, 13], "texture": "#0"},
				"east": {"uv": [7, 11, 8.5, 12], "texture": "#0"},
				"west": {"uv": [8.5, 11, 10, 12], "texture": "#0"},
				"up": {"uv": [12, 10.5, 11, 9], "texture": "#0"},
				"down": {"uv": [11, 11, 10, 12.5], "texture": "#0"}
			}
		},
		{
			"from": [10, 0, 4.2],
			"to": [12, 2, 7.2],
			"rotation": {"angle": -22.5, "axis": "y", "origin": [11, 1, 3.5]},
			"faces": {
				"north": {"uv": [12, 11.5, 13, 12.5], "texture": "#0"},
				"east": {"uv": [11, 10.5, 12.5, 11.5], "texture": "#0"},
				"west": {"uv": [11.5, 0, 13, 1], "texture": "#0"},
				"up": {"uv": [12.5, 2.5, 11.5, 1], "texture": "#0"},
				"down": {"uv": [12.5, 2.5, 11.5, 4], "texture": "#0"}
			}
		}
	],
	"display": {
		"thirdperson_righthand": {
			"rotation": [172.27, 42.02, 177.51],
			"translation": [0.25, 7.75, 0]
		},
		"thirdperson_lefthand": {
			"rotation": [172.27, 42.02, 177.51],
			"translation": [0.25, 7.75, 0]
		},
		"firstperson_righthand": {
			"rotation": [0, 120, 0],
			"translation": [0, 7, 0]
		},
		"firstperson_lefthand": {
			"rotation": [0, 120, 0],
			"translation": [0, 7, 0]
		},
		"ground": {
			"translation": [0, 3.25, 0]
		},
		"gui": {
			"rotation": [30, 130, 0],
			"translation": [0, 2.5, 0],
			"scale": [1.13477, 1.04688, 1.11133]
		},
		"head": {
			"translation": [-0.25, 14, 0]
		},
		"fixed": {
			"rotation": [-90, 0, 0],
			"translation": [0, 3.25, -18.5],
			"scale": [2.47461, 2.41016, 2.39648]
		}
	},
	"groups": [
		{
			"name": "group",
			"origin": [0, 0, 0],
			"color": 0,
			"nbt": "{}",
			"armAnimationEnabled": false,
			"children": [0, 1, 2, 3, 4, 5, 6, 7, 8, 9, 10, 11]
		}
	]
}