{
	"credit": "Made with Blockbench",
	"texture_size": [64, 64],
	"textures": {
		"0": "./niko_hat",
		"particle": "./niko_hat"
	},
	"elements": [
		{
			"from": [0, 0, 0],
			"to": [16, 1, 16],
			"faces": {
				"north": {"uv": [7, 3.75, 11, 4], "texture": "#0"},
				"east": {"uv": [7, 4, 11, 4.25], "texture": "#0"},
				"south": {"uv": [7, 4.25, 11, 4.5], "texture": "#0"},
				"west": {"uv": [7, 4.5, 11, 4.75], "texture": "#0"},
				"up": {"uv": [4, 4, 0, 0], "texture": "#0"},
				"down": {"uv": [4, 4, 0, 8], "texture": "#0"}
			}
		},
		{
			"from": [2, 1, 2],
			"to": [14, 6, 14],
			"faces": {
				"north": {"uv": [4, 3, 7, 4.25], "texture": "#0"},
				"east": {"uv": [7, 0, 10, 1.25], "texture": "#0"},
				"south": {"uv": [7, 1.25, 10, 2.5], "texture": "#0"},
				"west": {"uv": [7, 2.5, 10, 3.75], "texture": "#0"},
				"up": {"uv": [7, 3, 4, 0], "texture": "#0"}
			}
		}
	],
	"display": {
		"thirdperson_righthand": {
			"translation": [0, 2, 0],
			"scale": [0.5, 0.5, 0.5]
		},
		"thirdperson_lefthand": {
			"translation": [0, 2, 0],
			"scale": [0.5, 0.5, 0.5]
		},
		"firstperson_righthand": {
			"translation": [2, 4.75, 0]
		},
		"firstperson_lefthand": {
			"translation": [2, 4.75, 0]
		},
		"ground": {
			"scale": [0.5, 0.5, 0.5]
		},
		"gui": {
			"rotation": [35, 135, 0],
			"translation": [0, 2, 0],
			"scale": [0.5, 0.5, 0.5]
		},
		"head": {
			"rotation": [23.25, 0, 0],
			"translation": [0, 11.75, 3.75],
			"scale": [1.3, 1.3, 1.3]
		},
		"fixed": {
			"rotation": [-90, 0, 0],
			"translation": [0, 0, -12],
			"scale": [1.5, 1.5, 1.5]
		}
	}
}