{
	"texture_size": [64, 64],
	"textures": {
		"0": "./ded_moroz",
		"particle": "./ded_moroz"
	},
	"elements": [
		{
			"from": [5.1, 7.9, 4],
			"to": [13.1, 11.9, 12],
			"rotation": {"angle": -22.5, "axis": "z", "origin": [8, 12, 8]},
			"faces": {
				"north": {"uv": [0, 5, 2, 6], "texture": "#0"},
				"east": {"uv": [2, 5, 4, 6], "texture": "#0"},
				"south": {"uv": [4, 5, 6, 6], "texture": "#0"},
				"west": {"uv": [4.5, 3, 6.5, 4], "texture": "#0"},
				"up": {"uv": [4.5, 2, 2.5, 0], "rotation": 270, "texture": "#0"},
				"down": {"uv": [4.5, 2, 2.5, 4], "rotation": 90, "texture": "#0"}
			}
		},
		{
			"from": [3, 6, 3],
			"to": [13, 10, 13],
			"rotation": {"angle": 0, "axis": "x", "origin": [0, 7, 0]},
			"faces": {
				"north": {"uv": [2.5, 4, 5, 5], "texture": "#0"},
				"east": {"uv": [4.5, 0, 7, 1], "texture": "#0"},
				"south": {"uv": [4.5, 1, 7, 2], "texture": "#0"},
				"west": {"uv": [4.5, 2, 7, 3], "texture": "#0"},
				"up": {"uv": [2.5, 2.5, 0, 0], "texture": "#0"},
				"down": {"uv": [2.5, 2.5, 0, 5], "texture": "#0"}
			}
		},
		{
			"from": [3.36732, 2.42388, 4],
			"to": [3.36732, 4.42388, 12],
			"rotation": {"angle": 22.5, "axis": "z", "origin": [3.61732, 3.92388, 8]},
			"faces": {
				"north": {"uv": [0, 0, 0, 0.5], "texture": "#missing"},
				"east": {"uv": [9.5, 4, 7.5, 4.5], "texture": "#0"},
				"south": {"uv": [0, 0, 0, 0.5], "texture": "#missing"},
				"west": {"uv": [7.5, 4, 9.5, 4.5], "texture": "#0"},
				"up": {"uv": [0, 0, 0, 2], "texture": "#missing"},
				"down": {"uv": [0, 0, 0, 2], "texture": "#missing"}
			}
		},
		{
			"from": [4, -4, 4],
			"to": [4, 3, 12],
			"faces": {
				"north": {"uv": [0, 0, 0, 1.75], "texture": "#missing"},
				"east": {"uv": [8, 0, 10, 1.75], "texture": "#0"},
				"south": {"uv": [0, 0, 0, 1.75], "texture": "#missing"},
				"west": {"uv": [8, 0, 10, 1.75], "texture": "#0"},
				"up": {"uv": [0, 0, 0, 2], "texture": "#missing"},
				"down": {"uv": [0, 0, 0, 2], "texture": "#missing"}
			}
		},
		{
			"from": [3.55, -4.2, 3.8],
			"to": [6.95, 3.2, 12.2],
			"faces": {
				"north": {"uv": [10, 2.25, 11, 4.5], "texture": "#0"},
				"east": {"uv": [13.75, 1, 15, 2], "texture": "#0"},
				"south": {"uv": [11, 2.25, 10, 4.5], "texture": "#0"},
				"west": {"uv": [8, 1.75, 10, 3.5], "texture": "#0"},
				"up": {"uv": [13.25, 1.25, 14.5, 2.25], "texture": "#0"},
				"down": {"uv": [13.5, 2.25, 14.75, 3.5], "texture": "#0"}
			}
		},
		{
			"from": [4, -4, 4],
			"to": [8, 5, 4],
			"faces": {
				"north": {"uv": [10, 0, 11, 2.25], "texture": "#0"},
				"east": {"uv": [8, 0, 10, 1.75], "texture": "#0"},
				"south": {"uv": [11, 0, 10, 2.25], "texture": "#0"},
				"west": {"uv": [8, 0, 10, 1.75], "texture": "#0"},
				"up": {"uv": [0, 0, 0, 2], "texture": "#missing"},
				"down": {"uv": [0, 0, 0, 2], "texture": "#missing"}
			}
		},
		{
			"from": [4, -4, 12],
			"to": [8, 5, 12],
			"faces": {
				"north": {"uv": [10, 0, 11, 2.25], "texture": "#0"},
				"east": {"uv": [8, 0, 10, 1.75], "texture": "#0"},
				"south": {"uv": [11, 0, 10, 2.25], "texture": "#0"},
				"west": {"uv": [8, 0, 10, 1.75], "texture": "#0"},
				"up": {"uv": [0, 0, 0, 2], "texture": "#missing"},
				"down": {"uv": [0, 0, 0, 2], "texture": "#missing"}
			}
		}
	],
	"display": {
		"thirdperson_righthand": {
			"rotation": [75, -45, 0],
			"translation": [0, 2.5, 0],
			"scale": [0.375, 0.375, 0.375]
		},
		"thirdperson_lefthand": {
			"rotation": [75, 135, 0],
			"translation": [0, 2.5, 0],
			"scale": [0.375, 0.375, 0.375]
		},
		"firstperson_righthand": {
			"rotation": [0, 0, 15],
			"translation": [1.13, 3.2, 1.13],
			"scale": [0.68, 0.68, 0.68]
		},
		"firstperson_lefthand": {
			"rotation": [0, 0, 15],
			"translation": [1.13, 3.2, 1.13],
			"scale": [0.68, 0.68, 0.68]
		},
		"ground": {
			"translation": [0, 3, 0],
			"scale": [0.25, 0.25, 0.25]
		},
		"gui": {
			"rotation": [30, 135, 0],
			"translation": [-0.25, 2.75, 0],
			"scale": [0.9, 0.9, 0.9]
		},
		"head": {
			"rotation": [0, -90, 0],
			"translation": [0, 6.5, 0],
			"scale": [1.61, 1.61, 1.61]
		},
		"fixed": {
			"rotation": [0, -90, 0],
			"translation": [0.5, 3, 0],
			"scale": [1.3, 1.3, 1.3]
		}
	},
	"groups": [
		{
			"name": "group",
			"origin": [8, 12, 8],
			"color": 0,
			"children": [0, 1]
		},
		2,
		3,
		4,
		5,
		6
	]
}