{
	"credit": "Made with Blockbench",
	"textures": {
		"0": "./born_to_kill",
		"particle": "./born_to_kill"
	},
	"elements": [
		{
			"from": [3, 6, -3.25],
			"to": [16, 8.5, 13],
			"faces": {
				"north": {"uv": [8, 8, 11.25, 8.75], "texture": "#0"},
				"east": {"uv": [0, 7.75, 4, 8.5], "texture": "#0"},
				"south": {"uv": [0, 8.5, 3.25, 9.25], "texture": "#0"},
				"west": {"uv": [4, 8, 8, 8.75], "texture": "#0"},
				"up": {"uv": [3.25, 4, 0, 0], "texture": "#0"},
				"down": {"uv": [6.5, 0, 3.25, 4], "texture": "#0"}
			}
		},
		{
			"from": [3.5, 9, -2.5],
			"to": [15.5, 14.25, 12],
			"faces": {
				"north": {"uv": [6.5, 0, 9.5, 2], "texture": "#0"},
				"east": {"uv": [6, 4, 9.75, 6], "texture": "#0"},
				"south": {"uv": [6.5, 2, 9.5, 4], "texture": "#0"},
				"west": {"uv": [6, 6, 9.75, 8], "texture": "#0"},
				"up": {"uv": [3, 7.75, 0, 4], "texture": "#0"},
				"down": {"uv": [6, 4, 3, 7.75], "texture": "#0"}
			}
		},
		{
			"from": [3.25, 8.25, -3],
			"to": [15.75, 10.25, -3],
			"faces": {
				"north": {"uv": [8, 9.25, 11.25, 9.75], "texture": "#0"},
				"east": {"uv": [0, 0, 0, 0.5], "texture": "#0"},
				"south": {"uv": [9.5, 0, 12.75, 0.5], "texture": "#0"},
				"west": {"uv": [0, 0, 0, 0.5], "texture": "#0"},
				"up": {"uv": [3.25, 0, 0, 0], "texture": "#0"},
				"down": {"uv": [3.25, 0, 0, 0], "texture": "#0"}
			}
		},
		{
			"from": [5, 8.25, -2.75],
			"to": [7.25, 13, -2.75],
			"faces": {
				"north": {"uv": [9.5, 1.5, 10, 2.75], "texture": "#0"},
				"east": {"uv": [0, 0, 0, 1.25], "texture": "#0"},
				"south": {"uv": [9.5, 2.75, 10, 4], "texture": "#0"},
				"west": {"uv": [0, 0, 0, 1.25], "texture": "#0"},
				"up": {"uv": [0.5, 0, 0, 0], "texture": "#0"},
				"down": {"uv": [0.5, 0, 0, 0], "texture": "#0"}
			}
		},
		{
			"from": [3.25, 8.25, 12.5],
			"to": [15.75, 10.25, 12.5],
			"faces": {
				"north": {"uv": [9.5, 0.5, 12.75, 1], "texture": "#0"},
				"east": {"uv": [0, 0, 0, 0.5], "texture": "#0"},
				"south": {"uv": [9.5, 1, 12.75, 1.5], "texture": "#0"},
				"west": {"uv": [0, 0, 0, 0.5], "texture": "#0"},
				"up": {"uv": [3.25, 0, 0, 0], "texture": "#0"},
				"down": {"uv": [3.25, 0, 0, 0], "texture": "#0"}
			}
		},
		{
			"from": [3.25, 8.25, -3],
			"to": [3.25, 10.25, 12.5],
			"faces": {
				"north": {"uv": [0, 0, 0, 0.5], "texture": "#0"},
				"east": {"uv": [3.25, 8.75, 7.25, 9.25], "texture": "#0"},
				"south": {"uv": [0, 0, 0, 0.5], "texture": "#0"},
				"west": {"uv": [7.25, 8.75, 11.25, 9.25], "texture": "#0"},
				"up": {"uv": [0, 4, 0, 0], "texture": "#0"},
				"down": {"uv": [0, 0, 0, 4], "texture": "#0"}
			}
		},
		{
			"from": [15.75, 8.25, -3],
			"to": [15.75, 10.25, 12.5],
			"faces": {
				"north": {"uv": [0, 0, 0, 0.5], "texture": "#0"},
				"east": {"uv": [0, 9.25, 4, 9.75], "texture": "#0"},
				"south": {"uv": [0, 0, 0, 0.5], "texture": "#0"},
				"west": {"uv": [4, 9.25, 8, 9.75], "texture": "#0"},
				"up": {"uv": [0, 4, 0, 0], "texture": "#0"},
				"down": {"uv": [0, 0, 0, 4], "texture": "#0"}
			}
		},
		{
			"from": [2.25, 8, -1.5],
			"to": [3.75, 11.75, 0],
			"faces": {
				"north": {"uv": [2, 9.75, 2.5, 10.75], "texture": "#0"},
				"east": {"uv": [2.5, 9.75, 3, 10.75], "texture": "#0"},
				"south": {"uv": [3, 9.75, 3.5, 10.75], "texture": "#0"},
				"west": {"uv": [3.5, 9.75, 4, 10.75], "texture": "#0"},
				"up": {"uv": [10.25, 7.5, 9.75, 7], "texture": "#0"},
				"down": {"uv": [8, 9.75, 7.5, 10.25], "texture": "#0"}
			}
		},
		{
			"from": [2.25, 8, 0.75],
			"to": [3.75, 11.75, 2.25],
			"faces": {
				"north": {"uv": [4, 9.75, 4.5, 10.75], "texture": "#0"},
				"east": {"uv": [9.75, 4, 10.25, 5], "texture": "#0"},
				"south": {"uv": [4.5, 9.75, 5, 10.75], "texture": "#0"},
				"west": {"uv": [5, 9.75, 5.5, 10.75], "texture": "#0"},
				"up": {"uv": [10.25, 8, 9.75, 7.5], "texture": "#0"},
				"down": {"uv": [8.5, 9.75, 8, 10.25], "texture": "#0"}
			}
		},
		{
			"from": [2.25, 8, 3.75],
			"to": [3.75, 11.75, 5.25],
			"faces": {
				"north": {"uv": [9.75, 5, 10.25, 6], "texture": "#0"},
				"east": {"uv": [5.5, 9.75, 6, 10.75], "texture": "#0"},
				"south": {"uv": [6, 9.75, 6.5, 10.75], "texture": "#0"},
				"west": {"uv": [9.75, 6, 10.25, 7], "texture": "#0"},
				"up": {"uv": [9, 10.25, 8.5, 9.75], "texture": "#0"},
				"down": {"uv": [9.5, 9.75, 9, 10.25], "texture": "#0"}
			}
		},
		{
			"from": [2.25, 8, 6.5],
			"to": [3.75, 11.75, 8],
			"faces": {
				"north": {"uv": [0, 9.75, 0.5, 10.75], "texture": "#0"},
				"east": {"uv": [0.5, 9.75, 1, 10.75], "texture": "#0"},
				"south": {"uv": [1, 9.75, 1.5, 10.75], "texture": "#0"},
				"west": {"uv": [1.5, 9.75, 2, 10.75], "texture": "#0"},
				"up": {"uv": [7, 10.25, 6.5, 9.75], "texture": "#0"},
				"down": {"uv": [7.5, 9.75, 7, 10.25], "texture": "#0"}
			}
		}
	],
	"display": {
		"thirdperson_righthand": {
			"rotation": [-28.25, 0, 0],
			"translation": [-0.25, -2.25, 1.25],
			"scale": [0.39258, 0.39258, 0.39258]
		},
		"thirdperson_lefthand": {
			"rotation": [-37, 0, 0],
			"translation": [0.75, -1.75, 0.75],
			"scale": [0.37695, 0.37695, 0.37695]
		},
		"firstperson_righthand": {
			"rotation": [144.01, 57.3, -154.21],
			"translation": [6, 0, -4.75],
			"scale": [0.87109, 0.87109, 0.87109]
		},
		"firstperson_lefthand": {
			"rotation": [-180, 41.5, 180],
			"translation": [0.75, 2.5, -2.75],
			"scale": [0.66602, 0.66602, 0.66602]
		},
		"ground": {
			"translation": [-1.5, 0, 2.5]
		},
		"gui": {
			"rotation": [30, 135, 0],
			"translation": [1.75, 0, 0],
			"scale": [0.5, 0.5, 0.5]
		},
		"head": {
			"translation": [-2, 3.25, 3.25],
			"scale": [1.25742, 1, 1]
		},
		"fixed": {
			"rotation": [-90, 0, 0],
			"translation": [-1.75, 3.5, -3],
			"scale": [1.43945, 1.43945, 1.43945]
		}
	}
}