{
	"textures": {
		"0": "./cigarette",
		"particle": "./cigarette"
	},
	"elements": [
		{
			"from": [5.82224, 1, 1.55941],
			"to": [6.82224, 2, 4.55941],
			"rotation": {"angle": 22.5, "axis": "y", "origin": [6.1361, 3.25, 2.10787]},
			"faces": {
				"north": {"uv": [1, 7, 2, 8], "texture": "#0"},
				"east": {"uv": [0, 6, 3, 7], "texture": "#0"},
				"south": {"uv": [2, 7, 3, 8], "texture": "#0"},
				"west": {"uv": [3, 6, 6, 7], "texture": "#0"},
				"up": {"uv": [7, 9, 6, 6], "texture": "#0"},
				"down": {"uv": [1, 7, 0, 10], "texture": "#0"}
			}
		},
		{
			"from": [3.6, 2, 1.3],
			"to": [7.6, 8, 1.3],
			"rotation": {"angle": 0, "axis": "y", "origin": [6.1361, 3.25, 2.10787]},
			"faces": {
				"north": {"uv": [0, 0, 4, 6], "texture": "#0"},
				"east": {"uv": [0, 0, 0, 6], "texture": "#missing"},
				"south": {"uv": [4, 0, 0, 6], "texture": "#0"},
				"west": {"uv": [0, 0, 0, 6], "texture": "#missing"},
				"up": {"uv": [4, 0, 0, 0], "texture": "#missing"},
				"down": {"uv": [4, 0, 0, 0], "texture": "#missing"}
			}
		}
	],
	"display": {
		"thirdperson_righthand": {
			"rotation": [44, -23, 0],
			"translation": [-1.25, 0, 7.75]
		},
		"thirdperson_lefthand": {
			"rotation": [44, 23.5, 0],
			"translation": [0.25, 0, 7.75]
		},
		"firstperson_righthand": {
			"translation": [-8, 10, 9.75]
		},
		"firstperson_lefthand": {
			"translation": [-9.25, 10, 9.75]
		},
		"ground": {
			"translation": [0, 3, 1.25],
			"scale": [0.3, 0.3, 0.3]
		},
		"gui": {
			"rotation": [30, -157, 0],
			"translation": [-5.5, 11.5, 0],
			"scale": [1.6, 1.6, 1.6]
		},
		"head": {
			"translation": [0, 6.5, 0],
			"scale": [1.6, 1.6, 1.6]
		},
		"fixed": {
			"rotation": [0, 67, 0],
			"translation": [10, 12, 1.5],
			"scale": [1.9, 1.9, 1.9]
		}
	}
}