{
	"credit": "Made with Blockbench",
	"textures": {
		"0": "./glasses"
	},
	"elements": [
		{
			"from": [2.75, 2.5, 4.25],
			"to": [12.75, 4.5, 13.25],
			"rotation": {"angle": 0, "axis": "y", "origin": [4.75, 3.75, 9]},
			"faces": {
				"north": {"uv": [5, 5, 10, 6], "texture": "#0"},
				"east": {"uv": [0, 6, 4.5, 7], "texture": "#0"},
				"south": {"uv": [0, 5, 5, 6], "texture": "#0"},
				"west": {"uv": [4.5, 6, 9, 7], "texture": "#0"},
				"up": {"uv": [4.5, 5, 0, 0], "rotation": 90, "texture": "#0"},
				"down": {"uv": [9, 0, 4.5, 5], "rotation": 270, "texture": "#0"}
			}
		},
		{
			"from": [8.75, 2, 2.25],
			"to": [11.75, 5, 4.25],
			"rotation": {"angle": 0, "axis": "y", "origin": [4.75, 3.75, 9]},
			"faces": {
				"north": {"uv": [4.5, 7, 6, 8.5], "texture": "#0"},
				"east": {"uv": [1, 8.5, 2, 10], "texture": "#0"},
				"south": {"uv": [3, 7, 4.5, 8.5], "texture": "#0"},
				"west": {"uv": [2, 8.5, 3, 10], "texture": "#0"},
				"up": {"uv": [4, 10, 3, 8.5], "rotation": 90, "texture": "#0"},
				"down": {"uv": [5, 8.5, 4, 10], "rotation": 270, "texture": "#0"}
			}
		},
		{
			"from": [3.75, 2, 2.25],
			"to": [6.75, 5, 4.25],
			"rotation": {"angle": 0, "axis": "y", "origin": [4.75, 3.75, 9]},
			"faces": {
				"north": {"uv": [1.5, 7, 3, 8.5], "texture": "#0"},
				"east": {"uv": [6, 7, 7, 8.5], "texture": "#0"},
				"south": {"uv": [0, 7, 1.5, 8.5], "texture": "#0"},
				"west": {"uv": [7, 7, 8, 8.5], "texture": "#0"},
				"up": {"uv": [9, 8.5, 8, 7], "rotation": 90, "texture": "#0"},
				"down": {"uv": [1, 8.5, 0, 10], "rotation": 270, "texture": "#0"}
			}
		}
	],
	"display": {
		"thirdperson_righthand": {
			"translation": [0, 1.5, -0.75],
			"scale": [0.7, 0.7, 0.7]
		},
		"thirdperson_lefthand": {
			"translation": [0, 1.5, -0.75],
			"scale": [0.7, 0.7, 0.7]
		},
		"firstperson_righthand": {
			"translation": [2.25, 4.25, -6],
			"scale": [0.86, 1.06242, 0.98867]
		},
		"firstperson_lefthand": {
			"translation": [2.25, 4.25, -6],
			"scale": [0.86, 1.06242, 0.98867]
		},
		"ground": {
			"translation": [0, 1.75, 0]
		},
		"gui": {
			"rotation": [30, 135, 0],
			"translation": [0, 4, 0]
		},
		"head": {
			"translation": [0.5, 5.25, -0.75],
			"scale": [1.37101, 1.36859, 1.53758]
		},
		"fixed": {
			"rotation": [-90, 0, 0],
			"translation": [0.75, 1, -16.5],
			"scale": [2.80078, 2.76563, 2.44141]
		}
	}
}