{
	"credit": "Made with Blockbench",
	"texture_size": [128, 128],
	"textures": {
		"0": "./blue_knight",
		"particle": "./blue_knight"
	},
	"elements": [
		{
			"from": [1.75, 1, 2],
			"to": [14.5, 16.5, 15.25],
			"rotation": {"angle": 0, "axis": "y", "origin": [10, 9, 9]},
			"faces": {
				"north": {"uv": [1.625, 1.9375, 3.25, 3.875], "texture": "#0"},
				"east": {"uv": [0, 0, 1.6875, 1.9375], "texture": "#0"},
				"south": {"uv": [0, 1.9375, 1.625, 3.875], "texture": "#0"},
				"west": {"uv": [1.6875, 0, 3.375, 1.9375], "texture": "#0"},
				"up": {"uv": [1.6875, 1.6875, 0, 0.0625], "rotation": 90, "texture": "#0"},
				"down": {"uv": [1.6875, 0, 0, 1.625], "rotation": 270, "texture": "#0"}
			}
		},
		{
			"from": [4.75, 1, 1],
			"to": [11.5, 15.25, 2.5],
			"rotation": {"angle": 0, "axis": "y", "origin": [10, 9, 9]},
			"faces": {
				"north": {"uv": [0, 3.9375, 0.875, 5.75], "texture": "#0"},
				"east": {"uv": [2.5625, 4.625, 2.75, 6.4375], "texture": "#0"},
				"south": {"uv": [3.375, 0, 4.25, 1.8125], "texture": "#0"},
				"west": {"uv": [2.75, 4.625, 2.9375, 6.4375], "texture": "#0"},
				"up": {"uv": [4, 5.25, 3.8125, 4.375], "rotation": 90, "texture": "#0"},
				"down": {"uv": [3.8125, 4.375, 3.625, 5.25], "rotation": 270, "texture": "#0"}
			}
		},
		{
			"from": [11.5, 5.75, 1],
			"to": [14.5, 10.75, 2],
			"rotation": {"angle": 0, "axis": "y", "origin": [10, 9, 9]},
			"faces": {
				"north": {"uv": [2.9375, 4.875, 3.3125, 5.5], "texture": "#0"},
				"east": {"uv": [2.9375, 3.875, 3.0625, 4.5], "texture": "#0"},
				"south": {"uv": [3.25, 2.875, 3.625, 3.5], "texture": "#0"},
				"west": {"uv": [3.0625, 3.875, 3.1875, 4.5], "texture": "#0"},
				"up": {"uv": [2.4375, 5.5, 2.3125, 5.125], "rotation": 90, "texture": "#0"},
				"down": {"uv": [2.5625, 5.125, 2.4375, 5.5], "rotation": 270, "texture": "#0"}
			}
		},
		{
			"from": [10, 6.25, 0.5],
			"to": [13.25, 7.75, 2],
			"rotation": {"angle": 0, "axis": "y", "origin": [10, 9, 9]},
			"faces": {
				"north": {"uv": [3.25, 2.5, 3.6875, 2.6875], "texture": "#0"},
				"east": {"uv": [3.25, 2.3125, 3.4375, 2.5], "texture": "#0"},
				"south": {"uv": [3.25, 2.6875, 3.6875, 2.875], "texture": "#0"},
				"west": {"uv": [3.4375, 2.3125, 3.625, 2.5], "texture": "#0"},
				"up": {"uv": [3.6875, 2.875, 3.25, 2.6875], "rotation": 90, "texture": "#0"},
				"down": {"uv": [3.6875, 2.5, 3.25, 2.6875], "rotation": 270, "texture": "#0"}
			}
		},
		{
			"from": [3.25, 6.25, 0.5],
			"to": [6.5, 7.75, 2],
			"rotation": {"angle": 0, "axis": "y", "origin": [10, 9, 9]},
			"faces": {
				"north": {"uv": [3.25, 2.5, 3.6875, 2.6875], "texture": "#0"},
				"east": {"uv": [3.4375, 4.125, 3.625, 4.3125], "texture": "#0"},
				"south": {"uv": [3.25, 2.6875, 3.6875, 2.875], "texture": "#0"},
				"west": {"uv": [3.25, 4.125, 3.4375, 4.3125], "texture": "#0"},
				"up": {"uv": [3.6875, 2.6875, 3.25, 2.5], "rotation": 90, "texture": "#0"},
				"down": {"uv": [2.0625, 5.125, 1.875, 5.5625], "rotation": 270, "texture": "#0"}
			}
		},
		{
			"from": [1.75, 5.75, 1],
			"to": [4.75, 10.75, 2],
			"rotation": {"angle": 0, "axis": "y", "origin": [10, 9, 9]},
			"faces": {
				"north": {"uv": [2.9375, 5.5, 3.3125, 6.125], "texture": "#0"},
				"east": {"uv": [2.0625, 5.125, 2.1875, 5.75], "texture": "#0"},
				"south": {"uv": [3.25, 3.5, 3.625, 4.125], "texture": "#0"},
				"west": {"uv": [2.1875, 5.125, 2.3125, 5.75], "texture": "#0"},
				"up": {"uv": [3.0625, 4.875, 2.9375, 4.5], "rotation": 90, "texture": "#0"},
				"down": {"uv": [3.1875, 4.5, 3.0625, 4.875], "rotation": 270, "texture": "#0"}
			}
		},
		{
			"from": [1, 5.75, 6.5],
			"to": [4.75, 11.5, 11.75],
			"rotation": {"angle": 0, "axis": "y", "origin": [10, 9, 9]},
			"faces": {
				"north": {"uv": [3.625, 3.625, 4.125, 4.375], "texture": "#0"},
				"east": {"uv": [0.875, 3.875, 1.5625, 4.625], "texture": "#0"},
				"south": {"uv": [3.625, 2.875, 4.125, 3.625], "texture": "#0"},
				"west": {"uv": [1.5625, 3.875, 2.25, 4.625], "texture": "#0"},
				"up": {"uv": [2.5625, 5.125, 1.875, 4.625], "rotation": 90, "texture": "#0"},
				"down": {"uv": [4.0625, 1.8125, 3.375, 2.3125], "rotation": 270, "texture": "#0"}
			}
		},
		{
			"from": [12, 5.75, 6.5],
			"to": [15.75, 11.5, 11.75],
			"rotation": {"angle": 0, "axis": "y", "origin": [10, 9, 9]},
			"faces": {
				"north": {"uv": [1.375, 4.625, 1.875, 5.375], "texture": "#0"},
				"east": {"uv": [2.25, 3.875, 2.9375, 4.625], "texture": "#0"},
				"south": {"uv": [0.875, 4.625, 1.375, 5.375], "texture": "#0"},
				"west": {"uv": [4.25, 1, 4.9375, 1.75], "texture": "#0"},
				"up": {"uv": [4.9375, 0.5, 4.25, 0], "rotation": 90, "texture": "#0"},
				"down": {"uv": [4.9375, 0.5, 4.25, 1], "rotation": 270, "texture": "#0"}
			}
		},
		{
			"name": "cube inverted",
			"from": [14.75, 16.75, 15.75],
			"to": [1.5, 0.75, 1.75],
			"rotation": {"angle": 0, "axis": "y", "origin": [10, 9, 9]},
			"faces": {
				"north": {"uv": [13.3125, 7.5, 15, 9.5], "texture": "#0"},
				"east": {"uv": [13.3125, 7.4375, 15.0625, 9.4375], "texture": "#0"},
				"south": {"uv": [13.8125, 7.75, 15.5, 9.75], "texture": "#0"},
				"west": {"uv": [13.25, 9.625, 15, 11.625], "texture": "#0"},
				"up": {"uv": [16, 10.875, 14.25, 9.1875], "rotation": 90, "texture": "#0"},
				"down": {"uv": [15.625, 8.0625, 13.875, 9.75], "rotation": 270, "texture": "#0"}
			}
		},
		{
			"name": "cube inverted",
			"from": [4.75, 11.75, 12],
			"to": [0.75, 5.5, 6.25],
			"rotation": {"angle": 0, "axis": "y", "origin": [10, 9, 9]},
			"faces": {
				"north": {"uv": [13.5625, 7.625, 14.0625, 8.4375], "texture": "#0"},
				"east": {"uv": [15.25, 9.0625, 16, 9.875], "texture": "#0"},
				"south": {"uv": [12.3125, 9.5, 12.8125, 10.3125], "texture": "#0"},
				"west": {"uv": [14.625, 8.625, 15.375, 9.4375], "texture": "#0"},
				"up": {"uv": [15.125, 10.4375, 14.375, 9.9375], "rotation": 90, "texture": "#0"},
				"down": {"uv": [16, 10.625, 15.25, 11.125], "rotation": 270, "texture": "#0"}
			}
		},
		{
			"name": "cube inverted",
			"from": [16, 11.75, 12],
			"to": [12, 5.5, 6.25],
			"rotation": {"angle": 0, "axis": "y", "origin": [10, 9, 9]},
			"faces": {
				"north": {"uv": [13.1875, 9.3125, 13.6875, 10.125], "texture": "#0"},
				"east": {"uv": [14.8125, 10.0625, 15.5625, 10.875], "texture": "#0"},
				"south": {"uv": [13.6875, 9.5, 14.1875, 10.3125], "texture": "#0"},
				"west": {"uv": [14.125, 9.625, 14.875, 10.4375], "texture": "#0"},
				"up": {"uv": [16, 10.25, 15.25, 9.75], "rotation": 90, "texture": "#0"},
				"down": {"uv": [15, 8.625, 14.25, 9.125], "rotation": 270, "texture": "#0"}
			}
		},
		{
			"name": "cube inverted",
			"from": [11.75, 15.5, 2.5],
			"to": [4.5, 0.75, 0.75],
			"rotation": {"angle": 0, "axis": "y", "origin": [10, 9, 9]},
			"faces": {
				"north": {"uv": [15.0625, 8.875, 16, 10.75], "texture": "#0"},
				"east": {"uv": [13.625, 5.625, 13.875, 7.5], "texture": "#0"},
				"south": {"uv": [14.5625, 9.0625, 15.5, 10.9375], "texture": "#0"},
				"west": {"uv": [13.625, 5.625, 13.875, 7.5], "texture": "#0"},
				"up": {"uv": [14.1875, 9.8125, 13.9375, 8.875], "rotation": 90, "texture": "#0"},
				"down": {"uv": [14.3125, 9, 14.0625, 9.9375], "rotation": 270, "texture": "#0"}
			}
		},
		{
			"name": "cube inverted",
			"from": [14.75, 11, 2],
			"to": [11.25, 5.5, 0.75],
			"rotation": {"angle": 0, "axis": "y", "origin": [10, 9, 9]},
			"faces": {
				"north": {"uv": [14.625, 8.125, 15.0625, 8.8125], "texture": "#0"},
				"south": {"uv": [14.875, 9.625, 15.3125, 10.3125], "texture": "#0"},
				"west": {"uv": [14.75, 9.25, 14.9375, 9.9375], "texture": "#0"},
				"up": {"uv": [14.5625, 9.25, 14.375, 8.8125], "rotation": 90, "texture": "#0"},
				"down": {"uv": [13.875, 11.25, 13.6875, 11.6875], "rotation": 270, "texture": "#0"}
			}
		},
		{
			"name": "cube inverted",
			"from": [4.85, 11, 2],
			"to": [1.35, 5.5, 0.75],
			"rotation": {"angle": 0, "axis": "y", "origin": [10, 9, 9]},
			"faces": {
				"north": {"uv": [14.3125, 8.0625, 14.75, 8.75], "texture": "#0"},
				"east": {"uv": [12.6875, 8.625, 12.875, 9.3125], "texture": "#0"},
				"west": {"uv": [13.375, 6.125, 13.625, 6.875], "texture": "#0"},
				"up": {"uv": [14.25, 11, 14.0625, 10.5625], "rotation": 90, "texture": "#0"},
				"down": {"uv": [14.8125, 8.1875, 14.625, 8.625], "rotation": 270, "texture": "#0"}
			}
		}
	],
	"display": {
		"thirdperson_righthand": {
			"translation": [0, -0.75, 0],
			"scale": [0.43945, 0.43945, 0.43945]
		},
		"thirdperson_lefthand": {
			"translation": [0, 0.25, 0],
			"scale": [0.46094, 0.46094, 0.46094]
		},
		"firstperson_righthand": {
			"rotation": [126.03, 71.08, -124.52],
			"translation": [8, -2, -6.5]
		},
		"firstperson_lefthand": {
			"rotation": [123.67, 73.02, -118.32],
			"translation": [8.25, 0.25, -3.75]
		},
		"ground": {
			"scale": [0.5, 0.5, 0.5]
		},
		"gui": {
			"rotation": [30, 135, 0],
			"translation": [0, -0.75, 0],
			"scale": [0.7, 0.7, 0.7]
		},
		"head": {
			"translation": [0, 1.25, 0],
			"scale": [1.15485, 1.1607, 1.14117]
		},
		"fixed": {
			"rotation": [-90, 0, 0],
			"translation": [-0.25, -1.25, -11.25],
			"scale": [1.53125, 1.53125, 1.53125]
		}
	}
}