{
	"credit": "Made with Blockbench",
	"textures": {
		"0": "./one_one"
	},
	"elements": [
		{
			"from": [0.5, 4.25, -0.75],
			"to": [15.5, 19.75, 14.75],
			"faces": {
				"north": {"uv": [4, 0, 7.75, 4], "texture": "#0"},
				"east": {"uv": [0, 0, 4, 4], "texture": "#0"},
				"south": {"uv": [4, 4, 7.75, 8], "texture": "#0"},
				"west": {"uv": [0, 4, 4, 8], "texture": "#0"},
				"up": {"uv": [11.5, 4, 7.75, 0], "texture": "#0"},
				"down": {"uv": [11.5, 4, 7.75, 8], "texture": "#0"}
			}
		},
		{
			"from": [-0.75, 0, -1.75],
			"to": [2.25, 5.5, 1.25],
			"rotation": {"angle": 45, "axis": "y", "origin": [0, 0, 0]},
			"faces": {
				"north": {"uv": [3.25, 9.25, 2.5, 8], "rotation": 180, "texture": "#0"},
				"east": {"uv": [0, 8, 1.25, 8.75], "rotation": 90, "texture": "#0"},
				"south": {"uv": [4, 8, 3.25, 9.25], "texture": "#0"},
				"west": {"uv": [1.25, 8, 2.5, 8.75], "rotation": 270, "texture": "#0"},
				"up": {"uv": [6.75, 10.25, 7.5, 11], "texture": "#0"},
				"down": {"uv": [6, 10.25, 6.75, 11], "rotation": 180, "texture": "#0"}
			}
		},
		{
			"from": [2, 17.75, 1.25],
			"to": [5, 22.75, 4.25],
			"rotation": {"angle": -45, "axis": "z", "origin": [0, 0, -2.75]},
			"faces": {
				"north": {"uv": [7.25, 9.25, 6.5, 8], "rotation": 180, "texture": "#0"},
				"east": {"uv": [4, 8, 5.25, 8.75], "rotation": 90, "texture": "#0"},
				"south": {"uv": [8, 8, 7.25, 9.25], "texture": "#0"},
				"west": {"uv": [5.25, 8, 6.5, 8.75], "rotation": 270, "texture": "#0"},
				"up": {"uv": [10.25, 8, 11, 8.75], "texture": "#0"},
				"down": {"uv": [7.5, 10.25, 8.25, 11], "rotation": 180, "texture": "#0"}
			}
		},
		{
			"from": [7, -1, 18.5],
			"to": [10, 5, 21.5],
			"rotation": {"angle": 22.5, "axis": "y", "origin": [0, 0, 0]},
			"faces": {
				"north": {"uv": [8, 8, 8.75, 9.25], "texture": "#0"},
				"east": {"uv": [0, 8.75, 0.75, 10], "texture": "#0"},
				"south": {"uv": [0.75, 8.75, 1.5, 10], "texture": "#0"},
				"west": {"uv": [1.5, 8.75, 2.25, 10], "texture": "#0"},
				"up": {"uv": [9, 11, 8.25, 10.25], "texture": "#0"},
				"down": {"uv": [9.75, 10.25, 9, 11], "texture": "#0"}
			}
		},
		{
			"from": [4.75, -0.75, 12.5],
			"to": [7.75, 5.25, 15.5],
			"rotation": {"angle": -22.5, "axis": "y", "origin": [0, 0, 0]},
			"faces": {
				"north": {"uv": [4, 8.75, 4.75, 10], "texture": "#0"},
				"east": {"uv": [4.75, 8.75, 5.5, 10], "texture": "#0"},
				"south": {"uv": [5.5, 8.75, 6.25, 10], "texture": "#0"},
				"west": {"uv": [8.75, 8, 9.5, 9.25], "texture": "#0"},
				"up": {"uv": [11.5, 9.5, 10.75, 8.75], "texture": "#0"},
				"down": {"uv": [11.5, 9.5, 10.75, 10.25], "texture": "#0"}
			}
		},
		{
			"from": [16.6, 12.5, 1.2],
			"to": [19.6, 17.5, 4.2],
			"rotation": {"angle": 0, "axis": "x", "origin": [0, 0, -2.75]},
			"faces": {
				"north": {"uv": [7.75, 9.25, 8.5, 10.25], "texture": "#0"},
				"east": {"uv": [8.5, 9.25, 9.25, 10.25], "texture": "#0"},
				"south": {"uv": [9.25, 9.25, 10, 10.25], "texture": "#0"},
				"west": {"uv": [9.5, 8, 10.25, 9], "texture": "#0"},
				"up": {"uv": [11.5, 11, 10.75, 10.25], "texture": "#0"},
				"down": {"uv": [0.75, 11, 0, 11.75], "texture": "#0"}
			}
		}
	],
	"display": {
		"thirdperson_righthand": {
			"translation": [1.25, 0, -0.25],
			"scale": [0.46, 0.46, 0.46]
		},
		"thirdperson_lefthand": {
			"scale": [0.46, 0.46, 0.46]
		},
		"firstperson_righthand": {
			"rotation": [147.94, 49.35, -140.47],
			"translation": [0, 2.75, -1.25],
			"scale": [0.46, 0.46, 0.46]
		},
		"firstperson_lefthand": {
			"rotation": [145.92, 51.54, -139.14],
			"translation": [0, 1.25, -0.25],
			"scale": [0.46, 0.46, 0.46]
		},
		"ground": {
			"translation": [0, 2, 0],
			"scale": [0.64, 0.64, 0.64]
		},
		"gui": {
			"rotation": [30, 130, 0],
			"scale": [0.5, 0.5, 0.5]
		},
		"head": {
			"rotation": [0, 1, 0],
			"translation": [0.25, 10.5, 0],
			"scale": [0.56, 0.56, 0.56]
		},
		"fixed": {
			"rotation": [-91.5, 0, 0],
			"translation": [0, 0, -8.75],
			"scale": [1, 0.98438, 1]
		}
	}
}