{
	"credit": "Made with Blockbench",
	"texture_size": [64, 64],
	"textures": {
		"0": "./sculldozer_helmet",
		"particle": "./sculldozer_helmet"
	},
	"elements": [
		{
			"from": [0, -0.3, 2],
			"to": [1, 8, 16],
			"rotation": {"angle": 22.5, "axis": "z", "origin": [0.5, 4, 9]},
			"faces": {
				"north": {"uv": [6.5, 11.75, 6.75, 13.75], "texture": "#0"},
				"east": {"uv": [6, 4.5, 9.5, 6.5], "texture": "#0"},
				"south": {"uv": [6.75, 11.75, 7, 13.75], "texture": "#0"},
				"west": {"uv": [6, 6.5, 9.5, 8.5], "texture": "#0"},
				"up": {"uv": [9.75, 14, 9.5, 10.5], "texture": "#0"},
				"down": {"uv": [10, 10.5, 9.75, 14], "texture": "#0"}
			}
		},
		{
			"from": [15, -0.2, 2],
			"to": [16, 8, 16],
			"rotation": {"angle": -22.5, "axis": "z", "origin": [15.5, 4, 9]},
			"faces": {
				"north": {"uv": [7, 11.75, 7.25, 13.75], "texture": "#0"},
				"east": {"uv": [3, 8.5, 6.5, 10.5], "texture": "#0"},
				"south": {"uv": [7.25, 11.75, 7.5, 13.75], "texture": "#0"},
				"west": {"uv": [6.5, 8.5, 10, 10.5], "texture": "#0"},
				"up": {"uv": [9.25, 14.75, 9, 11.25], "texture": "#0"},
				"down": {"uv": [9.5, 11.25, 9.25, 14.75], "texture": "#0"}
			}
		},
		{
			"from": [1, 0, 14.5],
			"to": [15, 9, 17],
			"faces": {
				"north": {"uv": [6, 0, 9.5, 2.25], "texture": "#0"},
				"east": {"uv": [2.5, 11.25, 3.25, 13.5], "texture": "#0"},
				"south": {"uv": [6, 2.25, 9.5, 4.5], "texture": "#0"},
				"west": {"uv": [3.25, 11.25, 4, 13.5], "texture": "#0"},
				"up": {"uv": [6, 11.25, 2.5, 10.5], "texture": "#0"},
				"down": {"uv": [9.5, 10.5, 6, 11.25], "texture": "#0"}
			}
		},
		{
			"from": [2, 0, 3],
			"to": [14, 11, 14.5],
			"faces": {
				"north": {"uv": [3, 0, 6, 2.75], "texture": "#0"},
				"east": {"uv": [3, 2.75, 6, 5.5], "texture": "#0"},
				"south": {"uv": [3, 5.5, 6, 8.25], "texture": "#0"},
				"west": {"uv": [0, 6, 3, 8.75], "texture": "#0"},
				"up": {"uv": [3, 3, 0, 0], "texture": "#0"},
				"down": {"uv": [3, 3, 0, 6], "texture": "#0"}
			}
		},
		{
			"from": [3, 11, 4],
			"to": [13, 13, 14],
			"faces": {
				"north": {"uv": [4, 11.25, 6.5, 11.75], "texture": "#0"},
				"east": {"uv": [6.5, 11.25, 9, 11.75], "texture": "#0"},
				"south": {"uv": [0, 11.5, 2.5, 12], "texture": "#0"},
				"west": {"uv": [4, 11.75, 6.5, 12.25], "texture": "#0"},
				"up": {"uv": [12, 5.25, 9.5, 2.75], "texture": "#0"},
				"down": {"uv": [12, 5.25, 9.5, 7.75], "texture": "#0"}
			}
		},
		{
			"from": [3, 0.7, 0.7],
			"to": [13, 11.7, 0.7],
			"rotation": {"angle": 22.5, "axis": "x", "origin": [8, 5.5, 0]},
			"faces": {
				"north": {"uv": [4, 13.25, 6.5, 16], "texture": "#0"},
				"east": {"uv": [0, 0, 0, 2.75], "texture": "#0"},
				"south": {"uv": [4, 13.25, 6.5, 16], "texture": "#0"},
				"west": {"uv": [0, 0, 0, 2.75], "texture": "#0"},
				"up": {"uv": [2.5, 0, 0, 0], "texture": "#0"},
				"down": {"uv": [2.5, 0, 0, 0], "texture": "#0"}
			}
		},
		{
			"from": [4, 1.7, 0.5],
			"to": [12, 10.7, 0.5],
			"rotation": {"angle": 22.5, "axis": "x", "origin": [8, 5.5, 0]},
			"faces": {
				"north": {"uv": [12, 11.25, 16, 16], "texture": "#0"},
				"east": {"uv": [0, 0, 0, 2.25], "texture": "#0"},
				"south": {"uv": [12, 11.25, 16, 16], "texture": "#0"},
				"west": {"uv": [0, 0, 0, 2.25], "texture": "#0"},
				"up": {"uv": [2, 0, 0, 0], "texture": "#0"},
				"down": {"uv": [2, 0, 0, 0], "texture": "#0"}
			}
		},
		{
			"from": [6, 10, 2],
			"to": [10, 12, 4],
			"faces": {
				"north": {"uv": [12, 0, 13, 0.5], "texture": "#0"},
				"east": {"uv": [13, 0, 13.5, 0.5], "texture": "#0"},
				"south": {"uv": [12, 0, 13, 0.5], "texture": "#0"},
				"west": {"uv": [13, 0, 13.5, 0.5], "texture": "#0"},
				"up": {"uv": [13, 0.5, 12, 0], "texture": "#0"},
				"down": {"uv": [13, 0, 12, 0.5], "texture": "#0"}
			}
		}
	],
	"display": {
		"thirdperson_righthand": {
			"translation": [0, 4, 0],
			"scale": [0.5, 0.5, 0.5]
		},
		"thirdperson_lefthand": {
			"translation": [0, 4, 0],
			"scale": [0.5, 0.5, 0.5]
		},
		"firstperson_righthand": {
			"translation": [0.25, 3.75, 0],
			"scale": [0.5, 0.5, 0.5]
		},
		"firstperson_lefthand": {
			"translation": [0.25, 3.75, 0],
			"scale": [0.5, 0.5, 0.5]
		},
		"ground": {
			"scale": [0.5, 0.5, 0.5]
		},
		"gui": {
			"rotation": [30, 135, 0],
			"translation": [0, 0.5, 0],
			"scale": [0.5, 0.5, 0.5]
		},
		"head": {
			"translation": [0, 3, -0.5],
			"scale": [1.12313, 1.14063, 1.23828]
		},
		"fixed": {
			"rotation": [-90, 0, 0],
			"translation": [0, 0, -12],
			"scale": [1.5, 1.5, 1.5]
		}
	}
}