{
	"credit": "Made with Blockbench",
	"textures": {
		"0": "./wand"
	},
	"elements": [
		{
			"from": [7, 10, 7],
			"to": [8, 11, 8],
			"faces": {
				"north": {"uv": [14, 2, 15, 3], "texture": "#0"},
				"east": {"uv": [15, 3, 16, 4], "texture": "#0"},
				"south": {"uv": [14, 1, 15, 2], "texture": "#0"},
				"west": {"uv": [15, 2, 16, 3], "texture": "#0"},
				"up": {"uv": [16, 2, 15, 1], "texture": "#0"}
			}
		},
		{
			"from": [6, 6, 6],
			"to": [9, 7, 9],
			"faces": {
				"north": {"uv": [8, 4, 12, 5], "texture": "#0"},
				"east": {"uv": [8, 5, 12, 6], "texture": "#0"},
				"south": {"uv": [8, 6, 12, 7], "texture": "#0"},
				"west": {"uv": [8, 7, 12, 8], "texture": "#0"},
				"down": {"uv": [12, 0, 8, 4], "texture": "#0"}
			}
		},
		{
			"from": [6, 7, 6],
			"to": [9, 10, 9],
			"faces": {
				"north": {"uv": [12, 12, 16, 16], "texture": "#0"},
				"east": {"uv": [8, 12, 12, 16], "texture": "#0"},
				"south": {"uv": [12, 4, 16, 8], "texture": "#0"},
				"west": {"uv": [8, 8, 12, 12], "texture": "#0"},
				"up": {"uv": [16, 12, 12, 8], "texture": "#0"}
			}
		},
		{
			"from": [7, -9, 7],
			"to": [8, 6, 8],
			"faces": {
				"north": {"uv": [7, 0, 8, 16], "texture": "#0"},
				"east": {"uv": [4, 0, 5, 16], "texture": "#0"},
				"south": {"uv": [6, 0, 7, 16], "texture": "#0"},
				"west": {"uv": [5, 0, 6, 16], "texture": "#0"},
				"down": {"uv": [4, 15, 3, 16], "texture": "#0"}
			}
		}
	],
	"display": {
		"thirdperson_righthand": {
			"translation": [0.75, 10, 2.5],
			"scale": [1.3, 1.3, 1.3]
		},
		"thirdperson_lefthand": {
			"translation": [-0.75, 10, 2.5],
			"scale": [1.3, 1.3, 1.3]
		},
		"firstperson_righthand": {
			"translation": [3, 13, 0]
		},
		"firstperson_lefthand": {
			"translation": [2.5, 13, 0]
		},
		"ground": {
			"rotation": [90, 0, 0],
			"translation": [1, 0, 8.75]
		},
		"gui": {
			"rotation": [0, 0, -45],
			"translation": [4.5, 3.5, 0],
			"scale": [0.92383, 0.88867, 1]
		},
		"fixed": {
			"translation": [0.5, 9.5, 0],
			"scale": [1.21484, 1.25977, 1.08203]
		}
	},
	"groups": [
		{
			"name": "group",
			"origin": [0, 0, 0],
			"color": 0,
			"nbt": "{}",
			"armAnimationEnabled": false,
			"children": [0, 1, 2, 3]
		}
	]
}