{
	"credit": "Made with Blockbench",
	"texture_size": [64, 64],
	"textures": {
		"0": "./thief",
		"particle": "./thief"
	},
	"elements": [
		{
			"from": [2.5, 4, 3.25],
			"to": [14, 16, 14],
			"faces": {
				"north": {"uv": [0, 0, 2.75, 3], "texture": "#0"},
				"east": {"uv": [2.75, 0, 5.5, 3], "texture": "#0"},
				"south": {"uv": [0, 3, 2.75, 6], "texture": "#0"},
				"west": {"uv": [2.75, 0, 5.5, 3], "texture": "#0"},
				"up": {"uv": [8.25, 2.75, 5.5, 0], "texture": "#0"},
				"down": {"uv": [8.25, 2.75, 5.5, 5.5], "texture": "#0"}
			}
		},
		{
			"from": [4.75, 16, 5],
			"to": [12, 18, 13],
			"faces": {
				"north": {"uv": [6.5, 8, 8.375, 8.5], "texture": "#0"},
				"east": {"uv": [7.75, 7.5, 9.75, 8], "texture": "#0"},
				"south": {"uv": [8.25, 0, 10.125, 0.5], "texture": "#0"},
				"west": {"uv": [2.125, 6.375, 4.125, 6.875], "texture": "#0"},
				"up": {"uv": [4.625, 5, 2.75, 3], "texture": "#0"},
				"down": {"uv": [9.625, 5.5, 7.75, 7.5], "texture": "#0"}
			}
		},
		{
			"from": [6, 18, 7.25],
			"to": [10.5, 20.25, 12.75],
			"faces": {
				"north": {"uv": [8.25, 3, 9.375, 3.625], "texture": "#0"},
				"east": {"uv": [8.25, 0.5, 9.625, 1.125], "texture": "#0"},
				"south": {"uv": [8.25, 3.75, 9.375, 4.375], "texture": "#0"},
				"west": {"uv": [8.25, 1.25, 9.625, 1.875], "texture": "#0"},
				"up": {"uv": [5.5, 6.375, 4.375, 5], "texture": "#0"},
				"down": {"uv": [4.375, 5, 3.25, 6.375], "texture": "#0"}
			}
		},
		{
			"from": [3.25, 4.75, 2],
			"to": [13, 14.75, 3.25],
			"faces": {
				"north": {"uv": [5.5, 5.5, 7.625, 8], "texture": "#0"},
				"east": {"uv": [4.125, 6.375, 4.5, 8.875], "texture": "#0"},
				"south": {"uv": [0, 6, 2.125, 8.5], "texture": "#0"},
				"west": {"uv": [4.5, 6.375, 4.875, 8.875], "texture": "#0"},
				"up": {"uv": [10.375, 2.375, 8.25, 2], "texture": "#0"},
				"down": {"uv": [10.375, 2.5, 8.25, 2.875], "texture": "#0"}
			}
		},
		{
			"name": "cube inverted",
			"from": [13.25, 15, 3.25],
			"to": [3, 4.5, 1.75],
			"faces": {
				"north": {"uv": [13.625, 2.875, 15.75, 0.375], "texture": "#0"},
				"east": {"uv": [14.125, 11, 14.5, 8.5], "texture": "#0"},
				"south": {"uv": [13.875, 11.125, 16, 8.625], "texture": "#0"},
				"west": {"uv": [15.125, 11.375, 15.5, 8.875], "texture": "#0"},
				"up": {"uv": [13.5, 9.25, 15.625, 9.625], "texture": "#0"},
				"down": {"uv": [13.875, 9.875, 16, 9.5], "texture": "#0"}
			}
		},
		{
			"name": "cube inverted",
			"from": [14.25, 16.25, 14.25],
			"to": [2.25, 3.75, 3],
			"faces": {
				"north": {"uv": [13, 11.875, 15.75, 8.875], "texture": "#0"},
				"east": {"uv": [12.625, 11.75, 15.375, 8.75], "texture": "#0"},
				"south": {"uv": [12.625, 11.625, 15.375, 8.625], "texture": "#0"},
				"west": {"uv": [12.75, 11.625, 15.5, 8.625], "texture": "#0"},
				"up": {"uv": [13, 9, 15.75, 11.75], "texture": "#0"},
				"down": {"uv": [12.75, 11.625, 15.5, 8.875], "texture": "#0"}
			}
		},
		{
			"name": "cube inverted",
			"from": [12.25, 18.25, 13.25],
			"to": [4.5, 16, 4.75],
			"faces": {
				"north": {"uv": [13.75, 10.75, 15.625, 10.25], "texture": "#0"},
				"east": {"uv": [13.875, 9.5, 15.875, 9], "texture": "#0"},
				"south": {"uv": [13.875, 10, 15.75, 9.5], "texture": "#0"},
				"west": {"uv": [13.25, 9.375, 15.25, 8.875], "texture": "#0"},
				"up": {"uv": [13.75, 1.875, 15.625, 3.875], "texture": "#0"},
				"down": {"uv": [12.25, 10.5, 14.125, 8.5], "texture": "#0"}
			}
		},
		{
			"name": "cube inverted",
			"from": [10.75, 20.5, 13],
			"to": [5.75, 18, 7],
			"faces": {
				"north": {"uv": [12.5, 10.875, 13.625, 10.25], "texture": "#0"},
				"east": {"uv": [14.625, 11.5, 16, 10.875], "texture": "#0"},
				"south": {"uv": [11.875, 10.75, 13, 10.125], "texture": "#0"},
				"west": {"uv": [12.5, 9.875, 13.875, 9.25], "texture": "#0"},
				"up": {"uv": [11.875, 4, 13, 5.375], "texture": "#0"},
				"down": {"uv": [12.375, 10, 13.5, 8.625], "texture": "#0"}
			}
		}
	],
	"display": {
		"thirdperson_righthand": {
			"translation": [0, -1.5, -1.25],
			"scale": [0.5, 0.5, 0.5]
		},
		"thirdperson_lefthand": {
			"translation": [0, -1.5, -1.25],
			"scale": [0.5, 0.5, 0.5]
		},
		"firstperson_righthand": {
			"rotation": [165.41, 43.6, -165.08],
			"translation": [4.75, -1.5, -2.5]
		},
		"firstperson_lefthand": {
			"rotation": [162.34, 39.33, -176.07],
			"translation": [3, -1.25, -4]
		},
		"ground": {
			"scale": [0.5, 0.5, 0.5]
		},
		"gui": {
			"rotation": [30, 135, 0],
			"translation": [0, -2.25, 0],
			"scale": [0.7, 0.7, 0.7]
		},
		"head": {
			"translation": [-0.5, -1.75, -0.75],
			"scale": [1.2, 1.2, 1.2]
		},
		"fixed": {
			"rotation": [-90.5, 0, 0],
			"translation": [-0.25, 0, -9.75],
			"scale": [2.22266, 2.22266, 2.22266]
		}
	}
}