{
	"credit": "Made with Blockbench",
	"texture_size": [32, 32],
	"textures": {
		"0": "./fire_pickaxe/fire_pickaxe",
		"particle": "./fire_pickaxe/fire_pickaxe"
	},
	"elements": [
		{
			"from": [0, 0, 0],
			"to": [2, 3, 3],
			"faces": {
				"north": {"uv": [2.5, 7, 3.5, 8.5], "texture": "#0"},
				"east": {"uv": [6.5, 0, 8, 1.5], "texture": "#0"},
				"south": {"uv": [3.5, 7, 4.5, 8.5], "texture": "#0"},
				"west": {"uv": [6.5, 1.5, 8, 3], "texture": "#0"},
				"up": {"uv": [8, 8.5, 7, 7], "texture": "#0"},
				"down": {"uv": [1, 7.5, 0, 9], "texture": "#0"}
			}
		},
		{
			"from": [0, 1, 3],
			"to": [2, 3, 4],
			"faces": {
				"north": {"uv": [0.5, 9, 1.5, 10], "texture": "#0"},
				"east": {"uv": [10, 2.5, 10.5, 3.5], "texture": "#0"},
				"south": {"uv": [1.5, 9, 2.5, 10], "texture": "#0"},
				"west": {"uv": [3, 10, 3.5, 11], "texture": "#0"},
				"up": {"uv": [4.5, 10.5, 3.5, 10], "texture": "#0"},
				"down": {"uv": [11, 3.5, 10, 4], "texture": "#0"}
			}
		},
		{
			"from": [0, 3, 1],
			"to": [2, 4, 3],
			"faces": {
				"north": {"uv": [10, 4, 11, 4.5], "texture": "#0"},
				"east": {"uv": [4.5, 10, 5.5, 10.5], "texture": "#0"},
				"south": {"uv": [10, 4.5, 11, 5], "texture": "#0"},
				"west": {"uv": [10, 5, 11, 5.5], "texture": "#0"},
				"up": {"uv": [3.5, 10, 2.5, 9], "texture": "#0"},
				"down": {"uv": [10, 2.5, 9, 3.5], "texture": "#0"}
			}
		},
		{
			"from": [0, 3, 3],
			"to": [2, 5, 5],
			"faces": {
				"north": {"uv": [3.5, 9, 4.5, 10], "texture": "#0"},
				"east": {"uv": [9, 3.5, 10, 4.5], "texture": "#0"},
				"south": {"uv": [4.5, 9, 5.5, 10], "texture": "#0"},
				"west": {"uv": [9, 4.5, 10, 5.5], "texture": "#0"},
				"up": {"uv": [6.5, 10, 5.5, 9], "texture": "#0"},
				"down": {"uv": [8, 9, 7, 10], "texture": "#0"}
			}
		},
		{
			"from": [0, 4, 5],
			"to": [2, 6, 6],
			"faces": {
				"north": {"uv": [9, 7, 10, 8], "texture": "#0"},
				"east": {"uv": [5.5, 10, 6, 11], "texture": "#0"},
				"south": {"uv": [8, 9, 9, 10], "texture": "#0"},
				"west": {"uv": [6, 10, 6.5, 11], "texture": "#0"},
				"up": {"uv": [8, 10.5, 7, 10], "texture": "#0"},
				"down": {"uv": [11, 7, 10, 7.5], "texture": "#0"}
			}
		},
		{
			"from": [0, 5, 4],
			"to": [2, 6, 5],
			"faces": {
				"north": {"uv": [10, 7.5, 11, 8], "texture": "#0"},
				"east": {"uv": [9, 8, 9.5, 8.5], "texture": "#0"},
				"south": {"uv": [8, 10, 9, 10.5], "texture": "#0"},
				"west": {"uv": [8.5, 11, 9, 11.5], "texture": "#0"},
				"up": {"uv": [10, 10.5, 9, 10], "texture": "#0"},
				"down": {"uv": [11, 9, 10, 9.5], "texture": "#0"}
			}
		},
		{
			"from": [0, 5, 6],
			"to": [2, 6, 7],
			"faces": {
				"north": {"uv": [10, 9.5, 11, 10], "texture": "#0"},
				"east": {"uv": [11.5, 5.5, 12, 6], "texture": "#0"},
				"south": {"uv": [10, 10, 11, 10.5], "texture": "#0"},
				"west": {"uv": [6, 11.5, 6.5, 12], "texture": "#0"},
				"up": {"uv": [11.5, 0.5, 10.5, 0], "texture": "#0"},
				"down": {"uv": [11.5, 0.5, 10.5, 1], "texture": "#0"}
			}
		},
		{
			"from": [0, 6, 5],
			"to": [2, 7, 7],
			"faces": {
				"north": {"uv": [10.5, 1, 11.5, 1.5], "texture": "#0"},
				"east": {"uv": [10.5, 1.5, 11.5, 2], "texture": "#0"},
				"south": {"uv": [10.5, 2.5, 11.5, 3], "texture": "#0"},
				"west": {"uv": [10.5, 3, 11.5, 3.5], "texture": "#0"},
				"up": {"uv": [10, 10, 9, 9], "texture": "#0"},
				"down": {"uv": [10.5, 0, 9.5, 1], "texture": "#0"}
			}
		},
		{
			"from": [0, 6, 7],
			"to": [2, 7, 8],
			"faces": {
				"north": {"uv": [3.5, 10.5, 4.5, 11], "texture": "#0"},
				"east": {"uv": [11.5, 6, 12, 6.5], "texture": "#0"},
				"south": {"uv": [4.5, 10.5, 5.5, 11], "texture": "#0"},
				"west": {"uv": [6.5, 11.5, 7, 12], "texture": "#0"},
				"up": {"uv": [11.5, 6, 10.5, 5.5], "texture": "#0"},
				"down": {"uv": [11.5, 6, 10.5, 6.5], "texture": "#0"}
			}
		},
		{
			"from": [0, 7, 6],
			"to": [2, 8, 7],
			"faces": {
				"north": {"uv": [10.5, 6.5, 11.5, 7], "texture": "#0"},
				"east": {"uv": [11.5, 6.5, 12, 7], "texture": "#0"},
				"south": {"uv": [7, 10.5, 8, 11], "texture": "#0"},
				"west": {"uv": [7, 11.5, 7.5, 12], "texture": "#0"},
				"up": {"uv": [9, 11, 8, 10.5], "texture": "#0"},
				"down": {"uv": [11.5, 8, 10.5, 8.5], "texture": "#0"}
			}
		},
		{
			"from": [0, 7, 7],
			"to": [2, 10, 10],
			"faces": {
				"north": {"uv": [1, 7.5, 2, 9], "texture": "#0"},
				"east": {"uv": [6.5, 3, 8, 4.5], "texture": "#0"},
				"south": {"uv": [4.5, 7.5, 5.5, 9], "texture": "#0"},
				"west": {"uv": [6.5, 4.5, 8, 6], "texture": "#0"},
				"up": {"uv": [6.5, 9, 5.5, 7.5], "texture": "#0"},
				"down": {"uv": [9, 0, 8, 1.5], "texture": "#0"}
			}
		},
		{
			"from": [0, 9, 10],
			"to": [2, 11, 11],
			"faces": {
				"north": {"uv": [9.5, 1, 10.5, 2], "texture": "#0"},
				"east": {"uv": [9, 10.5, 9.5, 11.5], "texture": "#0"},
				"south": {"uv": [9.5, 8, 10.5, 9], "texture": "#0"},
				"west": {"uv": [9.5, 10.5, 10, 11.5], "texture": "#0"},
				"up": {"uv": [11.5, 9, 10.5, 8.5], "texture": "#0"},
				"down": {"uv": [11, 10.5, 10, 11], "texture": "#0"}
			}
		},
		{
			"from": [0, 10, 9],
			"to": [2, 11, 10],
			"faces": {
				"north": {"uv": [0.5, 11, 1.5, 11.5], "texture": "#0"},
				"east": {"uv": [11.5, 7, 12, 7.5], "texture": "#0"},
				"south": {"uv": [1.5, 11, 2.5, 11.5], "texture": "#0"},
				"west": {"uv": [7.5, 11.5, 8, 12], "texture": "#0"},
				"up": {"uv": [12, 2.5, 11, 2], "texture": "#0"},
				"down": {"uv": [4, 11, 3, 11.5], "texture": "#0"}
			}
		},
		{
			"from": [0, 10, 11],
			"to": [2, 11, 12],
			"faces": {
				"north": {"uv": [11, 3.5, 12, 4], "texture": "#0"},
				"east": {"uv": [11.5, 7.5, 12, 8], "texture": "#0"},
				"south": {"uv": [4, 11, 5, 11.5], "texture": "#0"},
				"west": {"uv": [11.5, 8, 12, 8.5], "texture": "#0"},
				"up": {"uv": [12, 4.5, 11, 4], "texture": "#0"},
				"down": {"uv": [12, 4.5, 11, 5], "texture": "#0"}
			}
		},
		{
			"from": [0, 11, 10],
			"to": [2, 12, 11],
			"faces": {
				"north": {"uv": [5, 11, 6, 11.5], "texture": "#0"},
				"east": {"uv": [8.5, 11.5, 9, 12], "texture": "#0"},
				"south": {"uv": [11, 5, 12, 5.5], "texture": "#0"},
				"west": {"uv": [11.5, 8.5, 12, 9], "texture": "#0"},
				"up": {"uv": [7, 11.5, 6, 11], "texture": "#0"},
				"down": {"uv": [8, 11, 7, 11.5], "texture": "#0"}
			}
		},
		{
			"from": [0, 11, 11],
			"to": [2, 16, 16],
			"faces": {
				"north": {"uv": [4.5, 0, 5.5, 2.5], "texture": "#0"},
				"east": {"uv": [0, 0, 2.5, 2.5], "texture": "#0"},
				"south": {"uv": [4.5, 2.5, 5.5, 5], "texture": "#0"},
				"west": {"uv": [0, 2.5, 2.5, 5], "texture": "#0"},
				"up": {"uv": [1, 7.5, 0, 5], "texture": "#0"},
				"down": {"uv": [2, 5, 1, 7.5], "texture": "#0"}
			}
		},
		{
			"from": [0, 15, 16],
			"to": [2, 17, 17],
			"faces": {
				"north": {"uv": [0.5, 10, 1.5, 11], "texture": "#0"},
				"east": {"uv": [11, 7, 11.5, 8], "texture": "#0"},
				"south": {"uv": [1.5, 10, 2.5, 11], "texture": "#0"},
				"west": {"uv": [8, 11, 8.5, 12], "texture": "#0"},
				"up": {"uv": [12, 9.5, 11, 9], "texture": "#0"},
				"down": {"uv": [12, 9.5, 11, 10], "texture": "#0"}
			}
		},
		{
			"from": [0, 16, 15],
			"to": [2, 17, 16],
			"faces": {
				"north": {"uv": [10, 11, 11, 11.5], "texture": "#0"},
				"east": {"uv": [9, 11.5, 9.5, 12], "texture": "#0"},
				"south": {"uv": [11, 10, 12, 10.5], "texture": "#0"},
				"west": {"uv": [9.5, 11.5, 10, 12], "texture": "#0"},
				"up": {"uv": [12, 11, 11, 10.5], "texture": "#0"},
				"down": {"uv": [12, 11, 11, 11.5], "texture": "#0"}
			}
		},
		{
			"from": [0, 7, 16],
			"to": [2, 14, 17],
			"faces": {
				"north": {"uv": [2.5, 0, 3.5, 3.5], "texture": "#0"},
				"east": {"uv": [2, 5, 2.5, 8.5], "texture": "#0"},
				"south": {"uv": [3.5, 0, 4.5, 3.5], "texture": "#0"},
				"west": {"uv": [6.5, 6, 7, 9.5], "texture": "#0"},
				"up": {"uv": [1, 12, 0, 11.5], "texture": "#0"},
				"down": {"uv": [12.5, 0, 11.5, 0.5], "texture": "#0"}
			}
		},
		{
			"from": [0, 16, 7],
			"to": [2, 17, 14],
			"faces": {
				"north": {"uv": [11.5, 0.5, 12.5, 1], "texture": "#0"},
				"east": {"uv": [7, 6, 10.5, 6.5], "texture": "#0"},
				"south": {"uv": [1, 11.5, 2, 12], "texture": "#0"},
				"west": {"uv": [7, 6.5, 10.5, 7], "texture": "#0"},
				"up": {"uv": [3.5, 7, 2.5, 3.5], "texture": "#0"},
				"down": {"uv": [4.5, 3.5, 3.5, 7], "texture": "#0"}
			}
		},
		{
			"from": [0, 17, 7],
			"to": [2, 18, 12],
			"faces": {
				"north": {"uv": [11.5, 1, 12.5, 1.5], "texture": "#0"},
				"east": {"uv": [2, 8.5, 4.5, 9], "texture": "#0"},
				"south": {"uv": [11.5, 1.5, 12.5, 2], "texture": "#0"},
				"west": {"uv": [7, 8.5, 9.5, 9], "texture": "#0"},
				"up": {"uv": [5.5, 7.5, 4.5, 5], "texture": "#0"},
				"down": {"uv": [6.5, 0, 5.5, 2.5], "texture": "#0"}
			}
		},
		{
			"from": [0, 15, 8],
			"to": [2, 16, 11],
			"faces": {
				"north": {"uv": [2, 11.5, 3, 12], "texture": "#0"},
				"east": {"uv": [9, 5.5, 10.5, 6], "texture": "#0"},
				"south": {"uv": [11.5, 2.5, 12.5, 3], "texture": "#0"},
				"west": {"uv": [9.5, 2, 11, 2.5], "texture": "#0"},
				"up": {"uv": [9, 3, 8, 1.5], "texture": "#0"},
				"down": {"uv": [9, 3, 8, 4.5], "texture": "#0"}
			}
		},
		{
			"from": [0, 7, 17],
			"to": [2, 12, 18],
			"faces": {
				"north": {"uv": [5.5, 2.5, 6.5, 5], "texture": "#0"},
				"east": {"uv": [0, 9, 0.5, 11.5], "texture": "#0"},
				"south": {"uv": [5.5, 5, 6.5, 7.5], "texture": "#0"},
				"west": {"uv": [9, 0, 9.5, 2.5], "texture": "#0"},
				"up": {"uv": [4, 12, 3, 11.5], "texture": "#0"},
				"down": {"uv": [12.5, 3, 11.5, 3.5], "texture": "#0"}
			}
		},
		{
			"from": [0, 8, 15],
			"to": [2, 11, 16],
			"faces": {
				"north": {"uv": [8, 4.5, 9, 6], "texture": "#0"},
				"east": {"uv": [6.5, 9.5, 7, 11], "texture": "#0"},
				"south": {"uv": [8, 7, 9, 8.5], "texture": "#0"},
				"west": {"uv": [2.5, 10, 3, 11.5], "texture": "#0"},
				"up": {"uv": [5, 12, 4, 11.5], "texture": "#0"},
				"down": {"uv": [6, 11.5, 5, 12], "texture": "#0"}
			}
		}
	],
	"display": {
		"thirdperson_righthand": {
			"rotation": [-45, 0, 0],
			"translation": [5, 4.5, 1.75],
			"scale": [0.7, 0.7, 0.7]
		},
		"thirdperson_lefthand": {
			"rotation": [-45, 0, 0],
			"translation": [-5, 2.5, 1.75],
			"scale": [0.7, 0.7, 0.7]
		},
		"firstperson_righthand": {
			"rotation": [-80, 0, 0],
			"translation": [9, 3, 0]
		},
		"firstperson_lefthand": {
			"rotation": [-80, 0, 0],
			"translation": [-3.5, 3, 0.5]
		},
		"ground": {
			"rotation": [0, 0, -90],
			"translation": [0, -6.5, 0],
			"scale": [0.5, 0.5, 0.5]
		},
		"gui": {
			"rotation": [0, -90, 0],
			"translation": [1, -1, 0],
			"scale": [0.5, 0.8, 0.8]
		},
		"head": {
			"translation": [7.25, 0, -12]
		},
		"fixed": {
			"rotation": [0, 90, 0],
			"translation": [-1.25, -1, -6]
		}
	},
	"groups": [
		{
			"name": "group",
			"origin": [0, 0, 0],
			"color": 0,
			"children": [0, 1, 2, 3, 4, 5, 6, 7, 8, 9, 10, 11, 12, 13, 14, 15, 16, 17, 18, 19, 20, 21, 22, 23]
		}
	]
}