{
	"credit": "Made with Blockbench",
	"texture_size": [64, 64],
	"textures": {
		"0": "./medic_bag",
		"particle": "./medic_bag"
	},
	"elements": [
		{
			"from": [2, 0, 3],
			"to": [14, 2, 12],
			"faces": {
				"north": {"uv": [9, 12.75, 12, 13.25], "texture": "#0"},
				"east": {"uv": [9.75, 12.25, 12, 12.75], "texture": "#0"},
				"south": {"uv": [9, 13.25, 12, 13.75], "texture": "#0"},
				"west": {"uv": [9.75, 11.75, 12, 12.25], "texture": "#0"},
				"up": {"uv": [16, 16, 12, 13], "texture": "#0"},
				"down": {"uv": [12, 13.75, 9, 16], "texture": "#0"}
			}
		},
		{
			"from": [2, 2, 12],
			"to": [14, 11, 13],
			"rotation": {"angle": 0, "axis": "x", "origin": [8, 3.5, 7.5]},
			"faces": {
				"north": {"uv": [12, 10, 16, 13], "texture": "#0"},
				"east": {"uv": [8, 13.75, 8.25, 16], "texture": "#0"},
				"south": {"uv": [13, 7.75, 16, 10], "texture": "#0"},
				"west": {"uv": [8.75, 13.75, 9, 16], "texture": "#0"},
				"up": {"uv": [8, 15.75, 5, 15.5], "texture": "#0"},
				"down": {"uv": [8, 15.75, 5, 16], "texture": "#0"}
			}
		},
		{
			"from": [2.5, 2.5, 13],
			"to": [13.5, 10.5, 14],
			"rotation": {"angle": 0, "axis": "y", "origin": [8, 3.5, 7.5]},
			"faces": {
				"east": {"uv": [15.75, 3.25, 16, 5.5], "texture": "#0"},
				"south": {"uv": [12.75, 5.5, 15.75, 7.75], "texture": "#0"},
				"west": {"uv": [15.75, 5.5, 16, 7.75], "texture": "#0"},
				"up": {"uv": [15.75, 5.5, 12.75, 5.25], "texture": "#0"},
				"down": {"uv": [15.75, 5, 12.75, 5.25], "texture": "#0"}
			}
		},
		{
			"from": [6, 1, 1],
			"to": [10, 1, 3],
			"rotation": {"angle": 0, "axis": "x", "origin": [8, 1, 2]},
			"faces": {
				"up": {"uv": [13, 10, 12, 9.5], "texture": "#0"},
				"down": {"uv": [13, 9.5, 12, 10], "texture": "#0"}
			}
		}
	],
	"display": {
		"thirdperson_righthand": {
			"rotation": [0, 131.5, 0],
			"translation": [0, 4.5, 0],
			"scale": [0.7, 0.7, 0.7]
		},
		"firstperson_righthand": {
			"rotation": [0, 139, 0],
			"translation": [-2, 5.75, 0]
		},
		"ground": {
			"scale": [0.5, 0.5, 0.5]
		},
		"gui": {
			"rotation": [30, 135, 0],
			"translation": [0, 1.75, 0],
			"scale": [0.7, 0.7, 0.7]
		},
		"head": {
			"translation": [0, 1.5, 0]
		},
		"fixed": {
			"rotation": [-90, 0, 0],
			"translation": [0, 0, -15],
			"scale": [1.9, 1.9, 1.9]
		}
	}
}