{
	"credit": "Made with Blockbench",
	"texture_size": [64, 64],
	"textures": {
		"0": "./medic_bag",
		"particle": "./medic_bag"
	},
	"elements": [
		{
			"from": [10.75, 1, 1.75],
			"to": [12.75, 10, 13.75],
			"rotation": {"angle": 0, "axis": "y", "origin": [8, 2.25, 4.75]},
			"faces": {
				"north": {"uv": [9.75, 11.75, 12, 12.25], "rotation": 270, "texture": "#0"},
				"east": {"uv": [16, 16, 12, 13], "texture": "#0"},
				"south": {"uv": [9.75, 12.25, 12, 12.75], "rotation": 90, "texture": "#0"},
				"west": {"uv": [12, 13.75, 9, 16], "rotation": 180, "texture": "#0"},
				"up": {"uv": [9, 12.75, 12, 13.25], "rotation": 90, "texture": "#0"},
				"down": {"uv": [9, 13.25, 12, 13.75], "rotation": 90, "texture": "#0"}
			}
		},
		{
			"from": [12.75, 1, 1.75],
			"to": [13.75, 10, 13.75],
			"rotation": {"angle": 0, "axis": "y", "origin": [8, 2.25, 4.75]},
			"faces": {
				"north": {"uv": [8.75, 13.75, 9, 16], "texture": "#0"},
				"east": {"uv": [13, 7.75, 16, 10], "texture": "#0"},
				"south": {"uv": [8, 13.75, 8.25, 16], "texture": "#0"},
				"west": {"uv": [12, 10, 16, 13], "texture": "#0"},
				"up": {"uv": [8, 15.75, 5, 15.5], "rotation": 270, "texture": "#0"},
				"down": {"uv": [8, 15.75, 5, 16], "rotation": 90, "texture": "#0"}
			}
		},
		{
			"from": [13.75, 1.5, 2.25],
			"to": [14.75, 9.5, 13.25],
			"rotation": {"angle": 0, "axis": "y", "origin": [8, 2.25, 4.75]},
			"faces": {
				"north": {"uv": [15.75, 3.25, 16, 5.5], "texture": "#0"},
				"east": {"uv": [12.75, 5.5, 15.75, 7.75], "texture": "#0"},
				"south": {"uv": [15.75, 5.5, 16, 7.75], "texture": "#0"},
				"up": {"uv": [15.75, 5.25, 12.75, 5], "rotation": 270, "texture": "#0"},
				"down": {"uv": [15.75, 5.25, 12.75, 5.5], "rotation": 90, "texture": "#0"}
			}
		},
		{
			"from": [11.75, 10, 5.75],
			"to": [11.75, 12, 9.75],
			"rotation": {"angle": 0, "axis": "y", "origin": [8, 2.25, 4.75]},
			"faces": {
				"east": {"uv": [13, 10, 12, 9.5], "texture": "#0"},
				"west": {"uv": [13, 9.5, 12, 10], "rotation": 180, "texture": "#0"}
			}
		}
	],
	"display": {
		"thirdperson_lefthand": {
			"rotation": [90, 180, 0],
			"translation": [-4, -1.75, -2.5]
		},
		"firstperson_lefthand": {
			"translation": [5.75, 3.25, 0]
		},
		"ground": {
			"rotation": [0, 0, 90],
			"scale": [0.5, 0.5, 0.5]
		},
		"gui": {
			"rotation": [30, -135, 0],
			"translation": [2.5, 3.25, 0]
		},
		"fixed": {
			"rotation": [0, 90, 0],
			"translation": [0, 6.75, 5.25],
			"scale": [1.9, 1.9, 1.9]
		}
	}
}