{
	"credit": "Made with Blockbench",
	"textures": {
		"0": "./gentelmann_headcrab"
	},
	"elements": [
		{
			"from": [5, 2, 5],
			"to": [11, 5, 13],
			"rotation": {"angle": 0, "axis": "y", "origin": [8, 3.5, 8]},
			"faces": {
				"north": {"uv": [3.5, 5.5, 7, 7.5], "texture": "#0"},
				"east": {"uv": [0, 7.5, 5, 9.5], "texture": "#0"},
				"south": {"uv": [0, 5.5, 3.5, 7.5], "texture": "#0"},
				"west": {"uv": [5, 7.5, 10, 9.5], "texture": "#0"},
				"up": {"uv": [7, 5.5, 3.5, 0.5], "texture": "#0"},
				"down": {"uv": [3.5, 0.5, 0, 5.5], "texture": "#0"}
			}
		},
		{
			"from": [5, 0, 11.5],
			"to": [6.6, 2, 13],
			"faces": {
				"north": {"uv": [11, 10.5, 12, 12], "texture": "#0"},
				"east": {"uv": [9, 10.5, 10, 12], "texture": "#0"},
				"south": {"uv": [10, 10.5, 11, 12], "texture": "#0"},
				"west": {"uv": [12, 10.5, 13, 12], "texture": "#0"},
				"up": {"uv": [16, 0, 16, 0], "texture": "#0"},
				"down": {"uv": [9, 10.5, 10, 9.5], "rotation": 90, "texture": "#0"}
			}
		},
		{
			"from": [9.4, 0, 11.5],
			"to": [11, 2, 13],
			"faces": {
				"north": {"uv": [11, 10.5, 12, 12], "texture": "#0"},
				"east": {"uv": [9, 10.5, 10, 12], "texture": "#0"},
				"south": {"uv": [11, 10.5, 10, 12], "texture": "#0"},
				"west": {"uv": [12, 10.5, 13, 12], "texture": "#0"},
				"up": {"uv": [16, 0, 16, 0], "texture": "#0"},
				"down": {"uv": [10, 9.5, 9, 10.5], "texture": "#0"}
			}
		},
		{
			"from": [9.4, 0.89372, 3.21053],
			"to": [10.9, 1.89372, 6.81053],
			"rotation": {"angle": -22.5, "axis": "x", "origin": [10.15, 1.12312, 3.15725]},
			"faces": {
				"north": {"uv": [1, 10, 0, 11], "texture": "#0"},
				"east": {"uv": [3, 13.5, 2, 11], "rotation": 90, "texture": "#0"},
				"south": {"uv": [16, 0, 16, 0], "texture": "#0"},
				"west": {"uv": [3, 13.5, 4, 11], "rotation": 90, "texture": "#0"},
				"up": {"uv": [0, 13.5, 1, 11], "texture": "#0"},
				"down": {"uv": [1, 11, 2, 13.5], "texture": "#0"}
			}
		},
		{
			"from": [5.1, 0.89372, 3.21053],
			"to": [6.6, 1.89372, 6.81053],
			"rotation": {"angle": -22.5, "axis": "x", "origin": [10.15, 1.12312, 3.15725]},
			"faces": {
				"north": {"uv": [0, 10, 1, 11], "texture": "#0"},
				"east": {"uv": [3, 11, 4, 13.5], "rotation": 90, "texture": "#0"},
				"south": {"uv": [16, 0, 16, 0], "texture": "#0"},
				"west": {"uv": [3, 11, 2, 13.5], "rotation": 90, "texture": "#0"},
				"up": {"uv": [1, 13.5, 0, 11], "texture": "#0"},
				"down": {"uv": [2, 11, 1, 13.5], "texture": "#0"}
			}
		},
		{
			"from": [8.8, 1.3, 4.5],
			"to": [9.4, 2.5, 5],
			"faces": {
				"north": {"uv": [15, 14, 16, 16], "texture": "#0"},
				"east": {"uv": [13, 14, 14, 16], "texture": "#0"},
				"south": {"uv": [13, 12, 14, 14], "texture": "#0"},
				"west": {"uv": [14, 14, 15, 16], "texture": "#0"},
				"up": {"uv": [15, 14, 14, 13], "texture": "#0"},
				"down": {"uv": [16, 13, 15, 14], "texture": "#0"}
			}
		},
		{
			"from": [6.6, 1.3, 4.5],
			"to": [7.2, 2.5, 5],
			"faces": {
				"north": {"uv": [9, 14, 10, 16], "texture": "#0"},
				"east": {"uv": [11, 14, 10, 16], "texture": "#0"},
				"south": {"uv": [12, 14, 13, 16], "texture": "#0"},
				"west": {"uv": [11, 14, 12, 16], "texture": "#0"},
				"up": {"uv": [9, 15, 8, 14], "texture": "#0"},
				"down": {"uv": [8, 14, 7, 15], "texture": "#0"}
			}
		},
		{
			"from": [8.1, 2, 4.5],
			"to": [8.7, 2.8, 5],
			"faces": {
				"north": {"uv": [0, 14.5, 1, 16], "texture": "#0"},
				"east": {"uv": [2, 14.5, 3, 16], "texture": "#0"},
				"south": {"uv": [16, 0, 16, 0], "texture": "#0"},
				"west": {"uv": [1, 14.5, 2, 16], "texture": "#0"},
				"up": {"uv": [2, 14.5, 1, 13.5], "texture": "#0"},
				"down": {"uv": [1, 14.5, 0, 13.5], "texture": "#0"}
			}
		},
		{
			"from": [7.3, 2, 4.5],
			"to": [7.9, 2.8, 5],
			"faces": {
				"north": {"uv": [3, 14.5, 4, 16], "texture": "#0"},
				"east": {"uv": [4, 14.5, 5, 16], "texture": "#0"},
				"south": {"uv": [16, 0, 16, 0], "texture": "#0"},
				"west": {"uv": [5, 14.5, 6, 16], "texture": "#0"},
				"up": {"uv": [4, 14.5, 3, 13.5], "texture": "#0"},
				"down": {"uv": [3, 13.5, 2, 14.5], "texture": "#0"}
			}
		},
		{
			"from": [7.4, 1.7, 4.6],
			"to": [7.8, 2, 4.9],
			"faces": {
				"north": {"uv": [8, 15, 9, 16], "texture": "#0"},
				"east": {"uv": [6, 14, 6.5, 15], "texture": "#0"},
				"south": {"uv": [7, 15, 8, 16], "texture": "#0"},
				"west": {"uv": [7, 15, 6, 16], "texture": "#0"},
				"up": {"uv": [16, 0, 16, 0], "texture": "#0"},
				"down": {"uv": [7, 15, 6.5, 14], "texture": "#0"}
			}
		},
		{
			"from": [6.7, 1, 4.6],
			"to": [7.1, 1.3, 4.9],
			"faces": {
				"north": {"uv": [11.5, 13, 13, 14], "texture": "#0"},
				"east": {"uv": [9, 13, 10, 14], "texture": "#0"},
				"south": {"uv": [10, 13, 11.5, 14], "texture": "#0"},
				"west": {"uv": [9, 12, 10, 13], "texture": "#0"},
				"up": {"uv": [16, 0, 16, 0], "texture": "#0"},
				"down": {"uv": [13, 12, 11.5, 13], "texture": "#0"}
			}
		},
		{
			"from": [8.9, 1, 4.6],
			"to": [9.3, 1.3, 4.9],
			"faces": {
				"north": {"uv": [11.5, 13, 13, 14], "texture": "#0"},
				"east": {"uv": [9, 13, 10, 14], "texture": "#0"},
				"south": {"uv": [10, 13, 11.5, 14], "texture": "#0"},
				"west": {"uv": [9, 13, 10, 12], "texture": "#0"},
				"up": {"uv": [16, 0, 16, 0], "texture": "#0"},
				"down": {"uv": [13, 12, 11.5, 13], "texture": "#0"}
			}
		},
		{
			"from": [8.2, 1.7, 4.6],
			"to": [8.6, 2, 4.9],
			"faces": {
				"north": {"uv": [8, 15, 9, 16], "texture": "#0"},
				"east": {"uv": [6, 14, 6.5, 15], "texture": "#0"},
				"south": {"uv": [7, 15, 8, 16], "texture": "#0"},
				"west": {"uv": [6, 15, 7, 16], "texture": "#0"},
				"up": {"uv": [16, 0, 16, 0], "texture": "#0"},
				"down": {"uv": [7, 14, 6.5, 15], "texture": "#0"}
			}
		},
		{
			"from": [9, -2.1, 9],
			"to": [10, -2.1, 8],
			"rotation": {"angle": 22.5, "axis": "z", "origin": [0, 0, 0]},
			"faces": {
				"north": {"uv": [16, 0, 16, 0], "texture": "#0"},
				"east": {"uv": [16, 0, 16, 0], "texture": "#0"},
				"south": {"uv": [16, 0, 16, 0], "texture": "#0"},
				"west": {"uv": [16, 0, 16, 0], "texture": "#0"},
				"up": {"uv": [11.5, 13, 11, 12.5], "texture": "#0"},
				"down": {"uv": [11.5, 12.5, 11, 13], "texture": "#0"}
			}
		},
		{
			"from": [8.7, -1.9, 10.2],
			"to": [9.7, -1.9, 9.2],
			"rotation": {"angle": 22.5, "axis": "z", "origin": [0, 0, 0]},
			"faces": {
				"north": {"uv": [16, 0, 16, 0], "texture": "#0"},
				"east": {"uv": [16, 0, 16, 0], "texture": "#0"},
				"south": {"uv": [16, 0, 16, 0], "texture": "#0"},
				"west": {"uv": [16, 0, 16, 0], "texture": "#0"},
				"up": {"uv": [11.5, 13, 11, 12.5], "texture": "#0"},
				"down": {"uv": [11.5, 12.5, 11, 13], "texture": "#0"}
			}
		},
		{
			"from": [4.8, 4.1, 9],
			"to": [5.8, 4.1, 8],
			"rotation": {"angle": -22.5, "axis": "z", "origin": [0, 0, 0]},
			"faces": {
				"north": {"uv": [16, 0, 16, 0], "texture": "#0"},
				"east": {"uv": [16, 0, 16, 0], "texture": "#0"},
				"south": {"uv": [16, 0, 16, 0], "texture": "#0"},
				"west": {"uv": [16, 0, 16, 0], "texture": "#0"},
				"up": {"uv": [11.5, 13, 11, 12.5], "texture": "#0"},
				"down": {"uv": [11.5, 12.5, 11, 13], "texture": "#0"}
			}
		},
		{
			"from": [5, 4.3, 7.8],
			"to": [6, 4.3, 6.8],
			"rotation": {"angle": -22.5, "axis": "z", "origin": [0, 0, 0]},
			"faces": {
				"north": {"uv": [16, 0, 16, 0], "texture": "#0"},
				"east": {"uv": [16, 0, 16, 0], "texture": "#0"},
				"south": {"uv": [16, 0, 16, 0], "texture": "#0"},
				"west": {"uv": [16, 0, 16, 0], "texture": "#0"},
				"up": {"uv": [11.5, 13, 11, 12.5], "texture": "#0"},
				"down": {"uv": [11.5, 12.5, 11, 13], "texture": "#0"}
			}
		},
		{
			"from": [5, 4.3, 10.2],
			"to": [6, 4.3, 9.2],
			"rotation": {"angle": -22.5, "axis": "z", "origin": [0, 0, 0]},
			"faces": {
				"north": {"uv": [16, 0, 16, 0], "texture": "#0"},
				"east": {"uv": [16, 0, 16, 0], "texture": "#0"},
				"south": {"uv": [16, 0, 16, 0], "texture": "#0"},
				"west": {"uv": [16, 0, 16, 0], "texture": "#0"},
				"up": {"uv": [11.5, 13, 11, 12.5], "texture": "#0"},
				"down": {"uv": [11.5, 12.5, 11, 13], "texture": "#0"}
			}
		},
		{
			"from": [8.7, -1.9, 7.8],
			"to": [9.7, -1.9, 6.8],
			"rotation": {"angle": 22.5, "axis": "z", "origin": [0, 0, 0]},
			"faces": {
				"north": {"uv": [16, 0, 16, 0], "texture": "#0"},
				"east": {"uv": [16, 0, 16, 0], "texture": "#0"},
				"south": {"uv": [16, 0, 16, 0], "texture": "#0"},
				"west": {"uv": [16, 0, 16, 0], "texture": "#0"},
				"up": {"uv": [11.5, 13, 11, 12.5], "texture": "#0"},
				"down": {"uv": [11.5, 12.5, 11, 13], "texture": "#0"}
			}
		},
		{
			"from": [9.7, -0.72438, 2.15265],
			"to": [10.7, 1.47562, 2.85265],
			"rotation": {"angle": 45, "axis": "x", "origin": [10.1, 0.57562, 3.05265]},
			"faces": {
				"north": {"uv": [5, 12.5, 6, 14.5], "texture": "#0"},
				"east": {"uv": [4, 12.5, 5, 14.5], "texture": "#0"},
				"south": {"uv": [7, 12, 8, 14], "texture": "#0"},
				"west": {"uv": [6, 12, 7, 14], "texture": "#0"},
				"up": {"uv": [16, 0, 16, 0], "texture": "#0"},
				"down": {"uv": [6, 11.5, 5, 12.5], "texture": "#0"}
			}
		},
		{
			"from": [5.3, -0.72438, 2.15265],
			"to": [6.3, 1.47562, 2.95265],
			"rotation": {"angle": 45, "axis": "x", "origin": [10.1, 0.57562, 3.05265]},
			"faces": {
				"north": {"uv": [5, 12.5, 6, 14.5], "texture": "#0"},
				"east": {"uv": [4, 12.5, 5, 14.5], "texture": "#0"},
				"south": {"uv": [7, 12, 8, 14], "texture": "#0"},
				"west": {"uv": [6, 12, 7, 14], "texture": "#0"},
				"up": {"uv": [16, 0, 16, 0], "texture": "#0"},
				"down": {"uv": [6, 11.5, 5, 12.5], "texture": "#0"}
			}
		},
		{
			"from": [5, 5, 6],
			"to": [11, 6, 12],
			"faces": {
				"north": {"uv": [7.5, 7, 11, 7.5], "texture": "#0"},
				"east": {"uv": [7.5, 6, 11, 6.5], "texture": "#0"},
				"south": {"uv": [7.5, 6.5, 11, 7], "texture": "#0"},
				"west": {"uv": [7.5, 5.5, 11, 6], "texture": "#0"},
				"up": {"uv": [12.5, 7, 16, 10.5], "texture": "#0"},
				"down": {"uv": [0, 0, 0, 0], "texture": "#0"}
			}
		},
		{
			"from": [6, 6, 7],
			"to": [10, 12, 11],
			"faces": {
				"north": {"uv": [13.5, 3.5, 16, 7], "texture": "#0"},
				"east": {"uv": [11, 3.5, 13.5, 7], "texture": "#0"},
				"south": {"uv": [11, 0, 13.5, 3.5], "texture": "#0"},
				"west": {"uv": [13.5, 0, 16, 3.5], "texture": "#0"},
				"up": {"uv": [8.5, 0, 11, 2.5], "texture": "#0"},
				"down": {"uv": [0, 0, 0, 0], "texture": "#0"}
			}
		},
		{
			"from": [7, 8.3, 6.2],
			"to": [9, 10, 8.2],
			"rotation": {"angle": 0, "axis": "x", "origin": [8, 9, 7]},
			"faces": {
				"north": {"uv": [2.5, 9.5, 4, 11], "texture": "#0"},
				"east": {"uv": [7, 9.5, 8.5, 11], "texture": "#0"},
				"south": {"uv": [0, 0, 0, 0], "texture": "#0"},
				"west": {"uv": [4, 9.5, 5.5, 11], "texture": "#0"},
				"up": {"uv": [5.5, 9.5, 7, 11], "texture": "#0"},
				"down": {"uv": [1, 9.5, 2.5, 11], "texture": "#0"}
			}
		},
		{
			"from": [7, 7.7, 6.2],
			"to": [9, 8.3, 6.2],
			"rotation": {"angle": 0, "axis": "x", "origin": [8, 9, 7]},
			"faces": {
				"north": {"uv": [13, 11, 16, 12], "texture": "#0"},
				"east": {"uv": [0, 0, 0, 0], "texture": "#0"},
				"south": {"uv": [13, 11, 16, 12], "texture": "#0"},
				"west": {"uv": [0, 0, 0, 0], "texture": "#0"},
				"up": {"uv": [0, 0, 0, 0], "texture": "#0"},
				"down": {"uv": [0, 0, 0, 0], "texture": "#0"}
			}
		}
	],
	"display": {
		"thirdperson_righthand": {
			"rotation": [61.75, 0, 0],
			"translation": [0, 4.5, 3.75]
		},
		"thirdperson_lefthand": {
			"rotation": [61.75, 0, 0],
			"translation": [0, 4.5, 3.75]
		},
		"firstperson_righthand": {
			"rotation": [167.53, 40.4, -169.48],
			"translation": [0, 9.25, 1.25]
		},
		"firstperson_lefthand": {
			"rotation": [167.53, 40.4, -169.48],
			"translation": [0, 9.25, 1.25]
		},
		"ground": {
			"translation": [0, 4.25, 0]
		},
		"gui": {
			"rotation": [30, 135, 0],
			"translation": [0, 2, 0],
			"scale": [0.8, 0.8, 0.8]
		},
		"head": {
			"translation": [-0.25, 19, -2.25],
			"scale": [2.86328, 2.46289, 2.41602]
		},
		"fixed": {
			"rotation": [-91, 0, 0],
			"translation": [0, 3.25, -31],
			"scale": [4, 4, 4]
		}
	},
	"groups": [
		{
			"name": "Headcrab",
			"origin": [0, 0, 0],
			"color": 0,
			"children": [
				0,
				1,
				2,
				3,
				4,
				5,
				6,
				7,
				8,
				9,
				10,
				11,
				12,
				13,
				14,
				15,
				16,
				17,
				18,
				19,
				20,
				{
					"name": "Hat",
					"origin": [8, 8, 8],
					"color": 0,
					"children": [21, 22, 23, 24]
				}
			]
		}
	]
}