{
	"parent": "ushanka",
	"texture_size": [36, 37],
	"textures": {
		"0": "./ushanka",
		"particle": "./ushanka"
	},
	"elements": [
		{
			"from": [3, 5, 2],
			"to": [13, 9, 4],
			"faces": {
				"north": {"uv": [4.5, 2.5, 7, 3.5], "texture": "#0"},
				"east": {"uv": [6.75, 0.5, 7.25, 1.5], "texture": "#0"},
				"south": {"uv": [5, 3.5, 7.5, 4.5], "texture": "#0"},
				"west": {"uv": [4.75, 6.75, 5.25, 7.75], "texture": "#0"},
				"up": {"uv": [8.25, 2.5, 5.75, 2], "texture": "#0"},
				"down": {"uv": [3.75, 6.5, 1.25, 7], "texture": "#0"}
			}
		},
		{
			"from": [3, 8, 4],
			"to": [13, 9, 13],
			"faces": {
				"north": {"uv": [3.75, 6.5, 6.25, 6.75], "texture": "#0"},
				"east": {"uv": [6.75, 0, 9, 0.25], "texture": "#0"},
				"south": {"uv": [6.25, 6.5, 8.75, 6.75], "texture": "#0"},
				"west": {"uv": [6.75, 0.25, 9, 0.5], "texture": "#0"},
				"up": {"uv": [2.5, 2.25, 0, 0], "texture": "#0"},
				"down": {"uv": [2.5, 2.25, 0, 4.5], "texture": "#0"}
			}
		},
		{
			"from": [3, -2, 4],
			"to": [4, 8, 9],
			"faces": {
				"north": {"uv": [3.75, 6.75, 4, 9.25], "texture": "#0"},
				"east": {"uv": [2.5, 4, 3.75, 6.5], "texture": "#0"},
				"south": {"uv": [4, 6.75, 4.25, 9.25], "texture": "#0"},
				"west": {"uv": [3.75, 4, 5, 6.5], "texture": "#0"},
				"up": {"uv": [6.75, 8, 6.5, 6.75], "texture": "#0"},
				"down": {"uv": [7, 6.75, 6.75, 8], "texture": "#0"}
			}
		},
		{
			"from": [3, 0, 9],
			"to": [4, 8, 13],
			"faces": {
				"north": {"uv": [5.5, 6.75, 5.75, 8.75], "texture": "#0"},
				"east": {"uv": [5.75, 0, 6.75, 2], "texture": "#0"},
				"south": {"uv": [5.75, 6.75, 6, 8.75], "texture": "#0"},
				"west": {"uv": [6, 4.5, 7, 6.5], "texture": "#0"},
				"up": {"uv": [1.25, 8, 1, 7], "texture": "#0"},
				"down": {"uv": [1.5, 7, 1.25, 8], "texture": "#0"}
			}
		},
		{
			"from": [4, 0, 12],
			"to": [12, 8, 13],
			"faces": {
				"north": {"uv": [2.5, 0, 4.5, 2], "texture": "#0"},
				"east": {"uv": [6, 6.75, 6.25, 8.75], "texture": "#0"},
				"south": {"uv": [2.5, 2, 4.5, 4], "texture": "#0"},
				"west": {"uv": [6.25, 6.75, 6.5, 8.75], "texture": "#0"},
				"up": {"uv": [8.75, 1.75, 6.75, 1.5], "texture": "#0"},
				"down": {"uv": [8.75, 1.75, 6.75, 2], "texture": "#0"}
			}
		},
		{
			"from": [12, -2, 4],
			"to": [13, 8, 9],
			"faces": {
				"north": {"uv": [4.25, 6.75, 4.5, 9.25], "texture": "#0"},
				"east": {"uv": [0, 4.5, 1.25, 7], "texture": "#0"},
				"south": {"uv": [4.5, 6.75, 4.75, 9.25], "texture": "#0"},
				"west": {"uv": [4.5, 0, 5.75, 2.5], "texture": "#0"},
				"up": {"uv": [0.25, 8.25, 0, 7], "texture": "#0"},
				"down": {"uv": [0.5, 7, 0.25, 8.25], "texture": "#0"}
			}
		},
		{
			"from": [12, 0, 9],
			"to": [13, 8, 13],
			"faces": {
				"north": {"uv": [2.25, 4.5, 2.5, 6.5], "texture": "#0"},
				"east": {"uv": [1.25, 4.5, 2.25, 6.5], "texture": "#0"},
				"south": {"uv": [5.25, 6.75, 5.5, 8.75], "texture": "#0"},
				"west": {"uv": [5, 4.5, 6, 6.5], "texture": "#0"},
				"up": {"uv": [0.75, 8, 0.5, 7], "texture": "#0"},
				"down": {"uv": [1, 7, 0.75, 8], "texture": "#0"}
			}
		}
	],
	"display": {
		"thirdperson_righthand": {
			"rotation": [75, 45, 0],
			"translation": [0, 2.5, 0],
			"scale": [0.375, 0.375, 0.375]
		},
		"thirdperson_lefthand": {
			"rotation": [75, 45, 0],
			"translation": [0, 2.5, 0],
			"scale": [0.375, 0.375, 0.375]
		},
		"firstperson_righthand": {
			"rotation": [0, 0, 15],
			"translation": [1.13, 3.2, 1.13],
			"scale": [0.68, 0.68, 0.68]
		},
		"firstperson_lefthand": {
			"rotation": [0, 0, 15],
			"translation": [1.13, 3.2, 1.13],
			"scale": [0.68, 0.68, 0.68]
		},
		"ground": {
			"translation": [0, 3, 0],
			"scale": [0.25, 0.25, 0.25]
		},
		"gui": {
			"rotation": [30, 225, 0],
			"translation": [0, 2.5, 0],
			"scale": [0.8, 0.8, 0.8]
		},
		"head": {
			"translation": [0, 6.5, 0],
			"scale": [1.6, 1.6, 1.6]
		},
		"fixed": {
			"translation": [0, 5.75, -1],
			"scale": [1.3, 1.3, 1.3]
		}
	}
}