{
	"credit": "Made with Blockbench",
	"texture_size": [32, 32],
	"textures": {
		"0": "./chains_mask",
		"particle": "./chains_mask"
	},
	"elements": [
		{
			"from": [6, 5, 2],
			"to": [10, 7, 4],
			"rotation": {"angle": 22.5, "axis": "x", "origin": [0, 0, 0]},
			"faces": {
				"north": {"uv": [13, 13, 16, 14.5], "texture": "#0"},
				"east": {"uv": [11.5, 13, 13, 14.5], "texture": "#0"},
				"south": {"uv": [10, 14.5, 13, 16], "texture": "#0"},
				"west": {"uv": [10, 13, 11.5, 14.5], "texture": "#0"},
				"down": {"uv": [16, 14.5, 13, 16], "texture": "#0"}
			}
		},
		{
			"from": [5, 4.9, 4.5],
			"to": [11, 6.9, 7],
			"faces": {
				"north": {"uv": [12, 11, 16, 13], "texture": "#0"},
				"east": {"uv": [9.5, 11, 12, 13], "texture": "#0"},
				"south": {"uv": [11, 9, 16, 11], "texture": "#0"},
				"west": {"uv": [9.5, 7, 12, 9], "texture": "#0"},
				"down": {"uv": [16, 6.5, 12, 9], "texture": "#0"}
			}
		},
		{
			"from": [4, 6.9, 4.5],
			"to": [12, 13.9, 7],
			"faces": {
				"north": {"uv": [0, 10, 6.5, 16], "texture": "#0"},
				"east": {"uv": [0, 7.5, 6.5, 10], "rotation": 90, "texture": "#0"},
				"south": {"uv": [0, 1.5, 6.5, 7.5], "texture": "#0"},
				"west": {"uv": [0, 7.5, 6.5, 10], "rotation": 90, "texture": "#0"},
				"up": {"uv": [6.5, 10, 0, 7.5], "texture": "#0"},
				"down": {"uv": [6.5, 7.5, 0, 10], "texture": "#0"}
			}
		},
		{
			"from": [7, 8, 3],
			"to": [9, 10, 6],
			"rotation": {"angle": -22.5, "axis": "x", "origin": [8, 10, 4]},
			"faces": {
				"north": {"uv": [7.5, 12.5, 9.5, 14.5], "texture": "#0"},
				"east": {"uv": [7.5, 14.5, 9.5, 16], "texture": "#0"},
				"west": {"uv": [7.5, 11, 9.5, 12.5], "texture": "#0"},
				"up": {"uv": [9.5, 11, 7.5, 9], "texture": "#0"},
				"down": {"uv": [10.5, 5.5, 9.5, 7], "texture": "#0"}
			}
		},
		{
			"from": [12, 8.4, 7],
			"to": [12, 10.4, 13.9],
			"faces": {
				"east": {"uv": [12.5, 4.5, 16, 6.5], "texture": "#0"},
				"west": {"uv": [12.5, 4.5, 16, 6.5], "texture": "#0"}
			}
		},
		{
			"from": [7, 13.9, 7],
			"to": [9, 13.9, 13.9],
			"faces": {
				"up": {"uv": [16, 6.5, 12.5, 4.5], "rotation": 90, "texture": "#0"},
				"down": {"uv": [12.5, 6.5, 16, 4.5], "rotation": 90, "texture": "#0"}
			}
		},
		{
			"from": [4, 8.4, 7],
			"to": [4, 10.4, 13.9],
			"faces": {
				"east": {"uv": [12.5, 4.5, 16, 6.5], "texture": "#0"},
				"west": {"uv": [12.5, 4.5, 16, 6.5], "texture": "#0"}
			}
		},
		{
			"from": [6.8, 8.3, 13.9],
			"to": [9.3, 10.8, 14.9],
			"faces": {
				"north": {"uv": [7.5, 3, 10, 5.5], "texture": "#0"},
				"east": {"uv": [6.5, 3, 7.5, 5.5], "texture": "#0"},
				"south": {"uv": [6.5, 6.5, 9, 9], "texture": "#0"},
				"west": {"uv": [6.5, 3, 7.5, 5.5], "texture": "#0"},
				"up": {"uv": [9, 6.5, 6.5, 5.5], "texture": "#0"},
				"down": {"uv": [9, 5.5, 6.5, 6.5], "texture": "#0"}
			}
		},
		{
			"from": [9.3, 8.4, 13.9],
			"to": [12, 10.4, 13.9],
			"faces": {
				"north": {"uv": [10.5, 4.5, 12.5, 6.5], "rotation": 90, "texture": "#0"},
				"south": {"uv": [10.5, 4.5, 12.5, 6.5], "rotation": 90, "texture": "#0"}
			}
		},
		{
			"from": [7, 10.8, 13.9],
			"to": [9, 13.9, 13.9],
			"faces": {
				"north": {"uv": [10.5, 4.5, 12.5, 6.5], "texture": "#0"},
				"south": {"uv": [10.5, 4.5, 12.5, 6.5], "texture": "#0"}
			}
		},
		{
			"from": [4, 8.4, 13.9],
			"to": [6.8, 10.4, 13.9],
			"faces": {
				"north": {"uv": [10.5, 4.5, 12.5, 6.5], "rotation": 90, "texture": "#0"},
				"south": {"uv": [10.5, 4.5, 12.5, 6.5], "rotation": 90, "texture": "#0"}
			}
		},
		{
			"name": "cube inverted",
			"from": [12.2, 14.1, 6.9],
			"to": [3.8, 6.7, 4.3],
			"faces": {
				"north": {"uv": [12, 3.5, 16, 0], "texture": "#0"},
				"east": {"uv": [16, 0, 12, 3.5], "rotation": 90, "texture": "#0"},
				"south": {"uv": [12, 3.5, 16, 0], "texture": "#0"},
				"west": {"uv": [16, 0, 12, 3.5], "rotation": 90, "texture": "#0"},
				"up": {"uv": [8, 0, 12, 1.5], "texture": "#0"},
				"down": {"uv": [12, 3.5, 16, 0], "texture": "#0"}
			}
		},
		{
			"name": "cube inverted",
			"from": [11.2, 6.7, 7],
			"to": [4.8, 4.7, 4.3],
			"faces": {
				"north": {"uv": [12.5, 2, 16, 0], "texture": "#0"},
				"east": {"uv": [13.5, 2, 16, 0], "texture": "#0"},
				"south": {"uv": [12, 2, 16, 0], "texture": "#0"},
				"west": {"uv": [13.5, 2, 16, 0], "texture": "#0"},
				"up": {"uv": [12, 0, 16, 2.5], "texture": "#0"}
			}
		},
		{
			"name": "cube inverted",
			"from": [9.2, 10.2, 6],
			"to": [6.8, 7.8, 2.7],
			"rotation": {"angle": -22.5, "axis": "x", "origin": [8, 10, 4]},
			"faces": {
				"east": {"uv": [14, 1.5, 16, 0], "texture": "#0"},
				"south": {"uv": [14, 2, 16, 0], "texture": "#0"},
				"west": {"uv": [14, 1.5, 16, 0], "texture": "#0"},
				"up": {"uv": [15, 0, 16, 1.5], "texture": "#0"},
				"down": {"uv": [14, 2, 16, 0], "texture": "#0"}
			}
		},
		{
			"name": "cube inverted",
			"from": [10.2, 7, 4.2],
			"to": [5.8, 4.8, 1.8],
			"rotation": {"angle": 22.5, "axis": "x", "origin": [0, 0, 0]},
			"faces": {
				"north": {"uv": [13, 1.5, 16, 0], "texture": "#0"},
				"east": {"uv": [14.5, 1.5, 16, 0], "texture": "#0"},
				"south": {"uv": [13, 1.5, 16, 0], "texture": "#0"},
				"west": {"uv": [14.5, 1.5, 16, 0], "texture": "#0"},
				"up": {"uv": [13, 0, 16, 1.5], "texture": "#0"}
			}
		}
	],
	"display": {
		"thirdperson_righthand": {
			"translation": [0, -3, -2],
			"scale": [0.7, 0.7, 0.7]
		},
		"thirdperson_lefthand": {
			"translation": [0, -3, -2],
			"scale": [0.7, 0.7, 0.7]
		},
		"firstperson_righthand": {
			"translation": [0, 0.75, 2]
		},
		"firstperson_lefthand": {
			"translation": [0, 0.75, 2]
		},
		"ground": {
			"scale": [0.5, 0.5, 0.5]
		},
		"gui": {
			"rotation": [30, 135, 0],
			"translation": [-0.25, -0.5, 0]
		},
		"head": {
			"translation": [0, -3, -3.25],
			"scale": [1.62109, 1.61523, 1.63867]
		},
		"fixed": {
			"rotation": [-18.75, 0, 0],
			"scale": [2, 2, 2]
		}
	}
}