{
	"credit": "Made with Blockbench",
	"texture_size": [64, 64],
	"textures": {
		"0": "./black_hat",
		"particle": "./black_hat"
	},
	"elements": [
		{
			"from": [0, 0, 0],
			"to": [16, 1, 16],
			"faces": {
				"north": {"uv": [0, 8.75, 4, 9], "texture": "#0"},
				"east": {"uv": [0, 8, 4, 8.25], "texture": "#0"},
				"south": {"uv": [0, 8.25, 4, 8.5], "texture": "#0"},
				"west": {"uv": [0, 8.5, 4, 8.75], "texture": "#0"},
				"up": {"uv": [4, 4, 0, 0], "texture": "#0"},
				"down": {"uv": [4, 4, 0, 8], "texture": "#0"}
			}
		},
		{
			"from": [3, 1, 3],
			"to": [13, 14, 13],
			"faces": {
				"north": {"uv": [4, 0, 6.5, 3.25], "texture": "#0"},
				"east": {"uv": [6.5, 0, 9, 3.25], "texture": "#0"},
				"south": {"uv": [4, 3.25, 6.5, 6.5], "texture": "#0"},
				"west": {"uv": [6.5, 3.25, 9, 6.5], "texture": "#0"},
				"up": {"uv": [11.5, 2.5, 9, 0], "texture": "#0"}
			}
		},
		{
			"from": [5, 5, 2.9],
			"to": [11, 9, 2.9],
			"faces": {
				"north": {"uv": [13.75, 14.5, 16, 16], "texture": "#0"},
				"east": {"uv": [0, 0, 0, 1], "texture": "#0"},
				"south": {"uv": [13.75, 14.5, 16, 16], "texture": "#0"},
				"west": {"uv": [0, 0, 0, 1], "texture": "#0"},
				"up": {"uv": [1.5, 0, 0, 0], "texture": "#0"},
				"down": {"uv": [1.5, 0, 0, 0], "texture": "#0"}
			}
		},
		{
			"name": "cube inverted",
			"from": [13.2, 14.2, 13.2],
			"to": [2.8, 0.8, 2.8],
			"faces": {
				"north": {"uv": [13, 0, 16, 2.75], "texture": "#0"},
				"east": {"uv": [13, 0, 16, 2.75], "texture": "#0"},
				"south": {"uv": [13, 0, 16, 2.75], "texture": "#0"},
				"west": {"uv": [13, 0, 16, 2.75], "texture": "#0"},
				"down": {"uv": [16, 0, 13, 2.75], "texture": "#0"}
			}
		},
		{
			"name": "cube inverted",
			"from": [16.2, 1.2, 16.2],
			"to": [-0.2, -0.2, -0.2],
			"faces": {
				"north": {"uv": [13, 0, 16, 2.75], "texture": "#0"},
				"east": {"uv": [13, 0, 16, 2.25], "texture": "#0"},
				"south": {"uv": [13, 0.25, 16, 2.5], "texture": "#0"},
				"west": {"uv": [13, 0.5, 16, 2.75], "texture": "#0"},
				"up": {"uv": [16, 2.75, 13, 0], "texture": "#0"},
				"down": {"uv": [16, 0, 13, 2.75], "texture": "#0"}
			}
		}
	],
	"display": {
		"thirdperson_righthand": {
			"translation": [0, 2.75, 0],
			"scale": [0.5, 0.5, 0.5]
		},
		"thirdperson_lefthand": {
			"translation": [0, 2.75, 0],
			"scale": [0.5, 0.5, 0.5]
		},
		"firstperson_righthand": {
			"translation": [0, 0.75, 0],
			"scale": [0.7, 0.7, 0.7]
		},
		"firstperson_lefthand": {
			"translation": [0, 0.75, 0],
			"scale": [0.7, 0.7, 0.7]
		},
		"ground": {
			"scale": [0.5, 0.5, 0.5]
		},
		"gui": {
			"rotation": [30, 135, 0],
			"translation": [0, 0.75, 0],
			"scale": [0.5, 0.5, 0.5]
		},
		"head": {
			"translation": [0, 14, 0]
		},
		"fixed": {
			"rotation": [-90, 0, 0],
			"translation": [0, 0, -12.5],
			"scale": [1.5, 1.5, 1.5]
		}
	}
}