{
	"credit": "Made with Blockbench",
	"texture_size": [32, 32],
	"textures": {
		"0": "./wolf_mask",
		"particle": "./wolf_mask"
	},
	"elements": [
		{
			"from": [3.9, 3.5, 5.8],
			"to": [12.1, 12, 8.4],
			"faces": {
				"north": {"uv": [11, 10, 16, 16], "texture": "#0"},
				"east": {"uv": [7, 10, 9, 16], "texture": "#0"},
				"south": {"uv": [2, 10, 7, 16], "texture": "#0"},
				"west": {"uv": [9, 10, 11, 16], "texture": "#0"},
				"up": {"uv": [10, 2, 5, 0], "texture": "#0"},
				"down": {"uv": [5, 0, 0, 2], "texture": "#0"}
			}
		},
		{
			"from": [6.8, 5.4, 5.2],
			"to": [9.2, 8.4, 7.2],
			"rotation": {"angle": 22.5, "axis": "x", "origin": [8, 6.5, 5]},
			"faces": {
				"north": {"uv": [12.5, 4, 14.5, 6.5], "texture": "#0"},
				"east": {"uv": [11.5, 5.5, 12.5, 8], "texture": "#0"},
				"west": {"uv": [15, 4, 16, 6.5], "texture": "#0"},
				"down": {"uv": [16, 6.5, 14, 8], "texture": "#0"}
			}
		},
		{
			"from": [4, 6.5, 15.4],
			"to": [6.8, 8.5, 15.4],
			"faces": {
				"north": {"uv": [5.5, 5.5, 7.5, 7.5], "texture": "#0"},
				"south": {"uv": [5.5, 5.5, 7.5, 7.5], "texture": "#0"}
			}
		},
		{
			"from": [7, 8.9, 15.4],
			"to": [9, 12, 15.4],
			"faces": {
				"north": {"uv": [5.5, 5.5, 7.5, 7.5], "rotation": 90, "texture": "#0"},
				"south": {"uv": [5.5, 5.5, 7.5, 7.5], "rotation": 90, "texture": "#0"}
			}
		},
		{
			"from": [9.3, 6.5, 15.4],
			"to": [12, 8.5, 15.4],
			"faces": {
				"north": {"uv": [5.5, 5.5, 7.5, 7.5], "texture": "#0"},
				"south": {"uv": [5.5, 5.5, 7.5, 7.5], "texture": "#0"}
			}
		},
		{
			"from": [6.8, 6.4, 15.4],
			"to": [9.3, 8.9, 16.4],
			"faces": {
				"north": {"uv": [5.5, 3, 8, 5.5], "texture": "#0"},
				"east": {"uv": [10.5, 3, 11.5, 5.5], "texture": "#0"},
				"south": {"uv": [8, 3, 10.5, 5.5], "texture": "#0"},
				"west": {"uv": [11.5, 3, 12.5, 5.5], "texture": "#0"},
				"up": {"uv": [8, 3, 5.5, 2], "texture": "#0"},
				"down": {"uv": [10.5, 2, 8, 3], "texture": "#0"}
			}
		},
		{
			"from": [4, 6.5, 8.4],
			"to": [4, 8.5, 15.4],
			"faces": {
				"east": {"uv": [7.5, 5.5, 11.5, 7.5], "texture": "#0"},
				"west": {"uv": [7.5, 5.5, 11.5, 7.5], "texture": "#0"}
			}
		},
		{
			"from": [7, 12, 8.4],
			"to": [9, 12, 15.4],
			"faces": {
				"up": {"uv": [11.5, 7.5, 7.5, 5.5], "rotation": 90, "texture": "#0"},
				"down": {"uv": [7.5, 7.5, 11.5, 5.5], "rotation": 90, "texture": "#0"}
			}
		},
		{
			"from": [12, 6.5, 8.4],
			"to": [12, 8.5, 15.4],
			"faces": {
				"east": {"uv": [7.5, 5.5, 11.5, 7.5], "texture": "#0"},
				"west": {"uv": [7.5, 5.5, 11.5, 7.5], "texture": "#0"}
			}
		},
		{
			"name": "cube inverted inverted",
			"from": [3.7, 12.3, 5.6],
			"to": [12.3, 3.3, 8.3],
			"faces": {
				"north": {"uv": [13, 0, 16, 3.5], "texture": "#0"},
				"east": {"uv": [13, 0, 16, 3.5], "texture": "#0"},
				"south": {"uv": [13, 0, 16, 3.5], "texture": "#0"},
				"west": {"uv": [13, 0, 16, 3.5], "texture": "#0"},
				"up": {"uv": [16, 3.5, 13, 0], "texture": "#0"},
				"down": {"uv": [16, 0, 13, 3.5], "texture": "#0"}
			}
		},
		{
			"name": "cube inverted inverted",
			"from": [9.4, 5.2, 5],
			"to": [6.6, 8.4, 7.2],
			"rotation": {"angle": 22.5, "axis": "x", "origin": [8, 6.5, 5]},
			"faces": {
				"north": {"uv": [14, 0, 16, 2.5], "texture": "#0"},
				"east": {"uv": [13.5, 0, 14.5, 2.5], "texture": "#0"},
				"west": {"uv": [15, 0, 16, 2.5], "texture": "#0"},
				"down": {"uv": [16, 1, 14, 2.5], "texture": "#0"}
			}
		}
	],
	"display": {
		"thirdperson_righthand": {
			"translation": [0, -1.5, -3],
			"scale": [0.7, 0.7, 0.7]
		},
		"thirdperson_lefthand": {
			"translation": [0, -1.5, -3],
			"scale": [0.7, 0.7, 0.7]
		},
		"firstperson_righthand": {
			"translation": [0, 2.25, 0]
		},
		"firstperson_lefthand": {
			"translation": [0, 2.25, 0]
		},
		"ground": {
			"scale": [0.5, 0.5, 0.5]
		},
		"gui": {
			"rotation": [30, 135, 0],
			"translation": [-0.5, 1, 0],
			"scale": [0.7, 0.7, 0.7]
		},
		"head": {
			"translation": [0, 0.25, -4],
			"scale": [1.60938, 1.54102, 1.40625]
		},
		"fixed": {
			"rotation": [-13.5, 0, 0],
			"translation": [0, 2.75, -2.75],
			"scale": [2, 2, 2]
		}
	}
}