{
	"credit": "Made with Blockbench",
	"textures": {
		"0": "./hatty_hattington"
	},
	"elements": [
		{
			"from": [3, 0, 3],
			"to": [13, 10, 13],
			"faces": {
				"north": {"uv": [3, 0, 5.5, 2.5], "texture": "#0"},
				"east": {"uv": [3, 2.5, 5.5, 5], "texture": "#0"},
				"south": {"uv": [3, 5, 5.5, 7.5], "texture": "#0"},
				"west": {"uv": [5.5, 0, 8, 2.5], "texture": "#0"},
				"up": {"uv": [16, 0, 16, 0], "texture": "#0"},
				"down": {"uv": [8, 5, 5.5, 7.5], "texture": "#0"}
			}
		},
		{
			"from": [2, 10, 2],
			"to": [14, 11, 14],
			"faces": {
				"north": {"uv": [8, 4, 11, 4.25], "texture": "#0"},
				"east": {"uv": [8, 4.25, 11, 4.5], "texture": "#0"},
				"south": {"uv": [8, 4.5, 11, 4.75], "texture": "#0"},
				"west": {"uv": [8, 4.75, 11, 5], "texture": "#0"},
				"up": {"uv": [3, 3, 0, 0], "texture": "#0"},
				"down": {"uv": [3, 3, 0, 6], "texture": "#0"}
			}
		},
		{
			"from": [4, 11, 4],
			"to": [12, 21, 12],
			"faces": {
				"north": {"uv": [0, 6, 2, 8.5], "texture": "#0"},
				"east": {"uv": [2, 7.5, 4, 10], "texture": "#0"},
				"south": {"uv": [4, 7.5, 6, 10], "texture": "#0"},
				"west": {"uv": [6, 7.5, 8, 10], "texture": "#0"},
				"up": {"uv": [10, 2, 8, 0], "texture": "#0"},
				"down": {"uv": [16, 0, 16, 0], "texture": "#0"}
			}
		},
		{
			"from": [6.5, 13, 3],
			"to": [9.5, 14, 4],
			"faces": {
				"north": {"uv": [8, 9, 9.25, 9.5], "texture": "#0"},
				"east": {"uv": [16, 0, 16, 0], "texture": "#0"},
				"south": {"uv": [16, 0, 16, 0], "texture": "#0"},
				"west": {"uv": [16, 0, 16, 0], "texture": "#0"},
				"up": {"uv": [9.25, 10, 8, 9.5], "texture": "#0"},
				"down": {"uv": [9.25, 8.5, 8, 9], "texture": "#0"}
			}
		},
		{
			"from": [6.5, 11, 3],
			"to": [9.5, 12, 4],
			"faces": {
				"north": {"uv": [9.25, 9.5, 10.5, 10], "texture": "#0"},
				"east": {"uv": [16, 0, 16, 0], "texture": "#0"},
				"south": {"uv": [16, 0, 16, 0], "texture": "#0"},
				"west": {"uv": [16, 0, 16, 0], "texture": "#0"},
				"up": {"uv": [10.5, 9.5, 9.25, 9], "texture": "#0"},
				"down": {"uv": [16, 0, 16, 0], "texture": "#0"}
			}
		},
		{
			"from": [5.5, 11, 3],
			"to": [6.5, 14, 4],
			"faces": {
				"north": {"uv": [12.5, 8.25, 13, 10], "texture": "#0"},
				"east": {"uv": [13, 8.25, 13.5, 10], "texture": "#0"},
				"south": {"uv": [16, 0, 16, 0], "texture": "#0"},
				"west": {"uv": [12, 8.25, 12.5, 10], "texture": "#0"},
				"up": {"uv": [11.5, 8.25, 11, 7.75], "texture": "#0"},
				"down": {"uv": [16, 0, 16, 0], "texture": "#0"}
			}
		},
		{
			"from": [9.5, 11, 3],
			"to": [10.5, 14, 4],
			"faces": {
				"north": {"uv": [10.5, 8.25, 11, 10], "texture": "#0"},
				"east": {"uv": [11, 8.25, 11.5, 10], "texture": "#0"},
				"south": {"uv": [16, 0, 16, 0], "texture": "#0"},
				"west": {"uv": [11.5, 8.25, 12, 10], "texture": "#0"},
				"up": {"uv": [11, 8.25, 10.5, 7.75], "texture": "#0"},
				"down": {"uv": [16, 0, 16, 0], "texture": "#0"}
			}
		},
		{
			"name": "cube inverted",
			"from": [13.2, 9.8, 13.2],
			"to": [2.8, -0.2, 2.8],
			"faces": {
				"north": {"uv": [13, 16, 16, 13], "texture": "#0"},
				"east": {"uv": [13, 16, 16, 13], "texture": "#0"},
				"south": {"uv": [13, 16, 16, 13], "texture": "#0"},
				"west": {"uv": [13, 16, 16, 13], "texture": "#0"},
				"up": {"uv": [13, 13, 16, 16], "texture": "#0"},
				"down": {"uv": [16, 0, 16, 0], "texture": "#0"}
			}
		},
		{
			"name": "cube inverted",
			"from": [14.2, 11.2, 14.2],
			"to": [1.8, 9.8, 1.8],
			"faces": {
				"north": {"uv": [13, 16, 16, 15.75], "texture": "#0"},
				"east": {"uv": [13, 16, 16, 15.75], "texture": "#0"},
				"south": {"uv": [13, 15.25, 16, 15], "texture": "#0"},
				"west": {"uv": [13, 15.5, 16, 15.25], "texture": "#0"},
				"up": {"uv": [13, 13, 16, 16], "texture": "#0"},
				"down": {"uv": [13, 16, 16, 13], "texture": "#0"}
			}
		},
		{
			"name": "cube inverted",
			"from": [10.7, 14.2, 3.8],
			"to": [5.3, 11.2, 2.8],
			"faces": {
				"north": {"uv": [16, 3.25, 16, 3.25], "texture": "#0"},
				"east": {"uv": [15.5, 16, 16, 14.25], "texture": "#0"},
				"south": {"uv": [14.5, 16, 15, 14.25], "texture": "#0"},
				"west": {"uv": [15, 16, 15.5, 14.25], "texture": "#0"},
				"up": {"uv": [16, 0, 16, 0], "texture": "#0"},
				"down": {"uv": [14.5, 14.25, 15, 13.75], "texture": "#0"}
			}
		},
		{
			"name": "cube inverted",
			"from": [12.2, 21.2, 12.2],
			"to": [3.8, 11.2, 3.8],
			"faces": {
				"north": {"uv": [13, 16, 16, 13], "texture": "#0"},
				"east": {"uv": [13, 16, 16, 13], "texture": "#0"},
				"south": {"uv": [13, 16, 16, 13], "texture": "#0"},
				"west": {"uv": [13, 16, 16, 13], "texture": "#0"},
				"down": {"uv": [13, 16, 16, 13], "texture": "#0"}
			}
		}
	],
	"display": {
		"thirdperson_righthand": {
			"scale": [0.46094, 0.50391, 0.49805]
		},
		"thirdperson_lefthand": {
			"scale": [0.46094, 0.50391, 0.49805]
		},
		"firstperson_righthand": {
			"translation": [1.25, -4, 0]
		},
		"firstperson_lefthand": {
			"translation": [1.25, -4, 0]
		},
		"ground": {
			"translation": [0, 2, 0],
			"scale": [0.5625, 0.51953, 0.57813]
		},
		"gui": {
			"rotation": [30, 135, 0],
			"translation": [0, -0.25, 0],
			"scale": [0.5, 0.5, 0.5]
		},
		"head": {
			"translation": [0, 3.75, 0],
			"scale": [1.47461, 1.31055, 1.4707]
		},
		"fixed": {
			"rotation": [-90, 0, 0],
			"translation": [0, 0, -17.25],
			"scale": [2, 2, 2]
		}
	}
}