{
	"credit": "Made with Blockbench",
	"textures": {
		"0": "./kotelnik"
	},
	"elements": [
		{
			"from": [3, 3, 3],
			"to": [13, 4, 5],
			"rotation": {"angle": 0, "axis": "y", "origin": [10, 9.5, 8]},
			"faces": {
				"north": {"uv": [6.75, 1, 9.25, 1.25], "texture": "#0"},
				"east": {"uv": [6.75, 2.25, 7.25, 2.5], "texture": "#0"},
				"south": {"uv": [6.75, 0.75, 9.25, 1], "texture": "#0"},
				"west": {"uv": [7.25, 2.25, 7.75, 2.5], "texture": "#0"},
				"up": {"uv": [3, 6.25, 2.5, 3.75], "rotation": 90, "texture": "#0"},
				"down": {"uv": [4.25, 2.75, 3.75, 5.25], "rotation": 270, "texture": "#0"}
			}
		},
		{
			"from": [3, 11, 3],
			"to": [13, 12, 5],
			"rotation": {"angle": 0, "axis": "y", "origin": [10, 9.5, 8]},
			"faces": {
				"north": {"uv": [6.75, 1.5, 9.25, 1.75], "texture": "#0"},
				"east": {"uv": [7.75, 2.25, 8.25, 2.5], "texture": "#0"},
				"south": {"uv": [6.75, 1.25, 9.25, 1.5], "texture": "#0"},
				"west": {"uv": [7.75, 4.25, 8.25, 4.5], "texture": "#0"},
				"up": {"uv": [3.5, 6.25, 3, 3.75], "rotation": 90, "texture": "#0"},
				"down": {"uv": [4.75, 2.75, 4.25, 5.25], "rotation": 270, "texture": "#0"}
			}
		},
		{
			"from": [12, 4, 3],
			"to": [13, 11, 5],
			"rotation": {"angle": 0, "axis": "y", "origin": [10, 9.5, 8]},
			"faces": {
				"north": {"uv": [3.75, 7, 4, 8.75], "texture": "#0"},
				"east": {"uv": [4.75, 3.75, 5.25, 5.5], "texture": "#0"},
				"south": {"uv": [3.5, 7, 3.75, 8.75], "texture": "#0"},
				"west": {"uv": [0, 5, 0.5, 6.75], "texture": "#0"},
				"up": {"uv": [8.25, 4.75, 7.75, 4.5], "rotation": 90, "texture": "#0"},
				"down": {"uv": [8.25, 4.75, 7.75, 5], "rotation": 270, "texture": "#0"}
			}
		},
		{
			"from": [11, 4, 3],
			"to": [12, 11, 5],
			"rotation": {"angle": 0, "axis": "y", "origin": [10, 9.5, 8]},
			"faces": {
				"north": {"uv": [4.25, 7, 4.5, 8.75], "texture": "#0"},
				"east": {"uv": [0.5, 5, 1, 6.75], "texture": "#0"},
				"south": {"uv": [4, 7, 4.25, 8.75], "texture": "#0"},
				"west": {"uv": [1, 5, 1.5, 6.75], "texture": "#0"},
				"up": {"uv": [8.25, 5.25, 7.75, 5], "rotation": 90, "texture": "#0"},
				"down": {"uv": [8.25, 7, 7.75, 7.25], "rotation": 270, "texture": "#0"}
			}
		},
		{
			"from": [9, 4, 3],
			"to": [10, 11, 5],
			"rotation": {"angle": 0, "axis": "y", "origin": [10, 9.5, 8]},
			"faces": {
				"north": {"uv": [7, 7, 7.25, 8.75], "texture": "#0"},
				"east": {"uv": [1.5, 5, 2, 6.75], "texture": "#0"},
				"south": {"uv": [7, 5.25, 7.25, 7], "texture": "#0"},
				"west": {"uv": [2, 5, 2.5, 6.75], "texture": "#0"},
				"up": {"uv": [7.75, 8, 7.25, 7.75], "rotation": 90, "texture": "#0"},
				"down": {"uv": [8.25, 7.25, 7.75, 7.5], "rotation": 270, "texture": "#0"}
			}
		},
		{
			"from": [4, 4, 3],
			"to": [5, 11, 5],
			"rotation": {"angle": 0, "axis": "y", "origin": [10, 9.5, 8]},
			"faces": {
				"north": {"uv": [4.75, 7.25, 5, 9], "texture": "#0"},
				"east": {"uv": [3.5, 5.25, 4, 7], "texture": "#0"},
				"south": {"uv": [4.5, 7.25, 4.75, 9], "texture": "#0"},
				"west": {"uv": [5.25, 3.75, 5.75, 5.5], "texture": "#0"},
				"up": {"uv": [8.25, 7.75, 7.75, 7.5], "rotation": 90, "texture": "#0"},
				"down": {"uv": [8.25, 7.75, 7.75, 8], "rotation": 270, "texture": "#0"}
			}
		},
		{
			"from": [6, 4, 3],
			"to": [8, 11, 5],
			"rotation": {"angle": 0, "axis": "y", "origin": [10, 9.5, 8]},
			"faces": {
				"north": {"uv": [5.5, 5.5, 6, 7.25], "texture": "#0"},
				"east": {"uv": [4, 5.25, 4.5, 7], "texture": "#0"},
				"south": {"uv": [4.5, 5.5, 5, 7.25], "texture": "#0"},
				"west": {"uv": [5, 5.5, 5.5, 7.25], "texture": "#0"},
				"up": {"uv": [8, 6.5, 7.5, 6], "rotation": 90, "texture": "#0"},
				"down": {"uv": [8, 6.5, 7.5, 7], "rotation": 270, "texture": "#0"}
			}
		},
		{
			"from": [10, 4, 3],
			"to": [11, 11, 5],
			"rotation": {"angle": 0, "axis": "y", "origin": [10, 9.5, 8]},
			"faces": {
				"north": {"uv": [5.25, 7.25, 5.5, 9], "texture": "#0"},
				"east": {"uv": [5.75, 0, 6.25, 1.75], "texture": "#0"},
				"south": {"uv": [5, 7.25, 5.25, 9], "texture": "#0"},
				"west": {"uv": [5.75, 3.75, 6.25, 5.5], "texture": "#0"},
				"up": {"uv": [1.5, 8.25, 1, 8], "rotation": 90, "texture": "#0"},
				"down": {"uv": [2, 8, 1.5, 8.25], "rotation": 270, "texture": "#0"}
			}
		},
		{
			"from": [8, 4, 3],
			"to": [9, 11, 5],
			"rotation": {"angle": 0, "axis": "y", "origin": [10, 9.5, 8]},
			"faces": {
				"north": {"uv": [5.5, 7.25, 5.75, 9], "texture": "#0"},
				"east": {"uv": [6, 5.5, 6.5, 7.25], "texture": "#0"},
				"south": {"uv": [7.25, 5.25, 7.5, 7], "texture": "#0"},
				"west": {"uv": [6.25, 0, 6.75, 1.75], "texture": "#0"},
				"up": {"uv": [8.5, 2, 8, 1.75], "rotation": 90, "texture": "#0"},
				"down": {"uv": [2.5, 8, 2, 8.25], "rotation": 270, "texture": "#0"}
			}
		},
		{
			"from": [5, 4, 3],
			"to": [6, 11, 5],
			"rotation": {"angle": 0, "axis": "y", "origin": [10, 9.5, 8]},
			"faces": {
				"north": {"uv": [6, 7.25, 6.25, 9], "texture": "#0"},
				"east": {"uv": [2.5, 6.25, 3, 8], "texture": "#0"},
				"south": {"uv": [5.75, 7.25, 6, 9], "texture": "#0"},
				"west": {"uv": [3, 6.25, 3.5, 8], "texture": "#0"},
				"up": {"uv": [8.5, 2.25, 8, 2], "rotation": 90, "texture": "#0"},
				"down": {"uv": [3, 8, 2.5, 8.25], "rotation": 270, "texture": "#0"}
			}
		},
		{
			"from": [3, 4, 3],
			"to": [4, 11, 5],
			"rotation": {"angle": 0, "axis": "y", "origin": [10, 9.5, 8]},
			"faces": {
				"north": {"uv": [6.5, 7.25, 6.75, 9], "texture": "#0"},
				"east": {"uv": [6.25, 3.75, 6.75, 5.5], "texture": "#0"},
				"south": {"uv": [6.25, 7.25, 6.5, 9], "texture": "#0"},
				"west": {"uv": [6.5, 5.5, 7, 7.25], "texture": "#0"},
				"up": {"uv": [8.5, 3, 8, 2.75], "rotation": 90, "texture": "#0"},
				"down": {"uv": [3.5, 8, 3, 8.25], "rotation": 270, "texture": "#0"}
			}
		},
		{
			"from": [12, 5, 5],
			"to": [14, 10, 10],
			"rotation": {"angle": 0, "axis": "y", "origin": [10, 9.5, 8]},
			"faces": {
				"north": {"uv": [1, 6.75, 1.5, 8], "texture": "#0"},
				"east": {"uv": [2.5, 0, 3.75, 1.25], "texture": "#0"},
				"south": {"uv": [5, 0, 5.5, 1.25], "texture": "#0"},
				"west": {"uv": [2.5, 1.25, 3.75, 2.5], "texture": "#0"},
				"up": {"uv": [8, 2.25, 6.75, 1.75], "rotation": 90, "texture": "#0"},
				"down": {"uv": [8, 2.75, 6.75, 3.25], "rotation": 270, "texture": "#0"}
			}
		},
		{
			"from": [2, 5, 5],
			"to": [4, 10, 10],
			"rotation": {"angle": 0, "axis": "y", "origin": [10, 9.5, 8]},
			"faces": {
				"north": {"uv": [2, 6.75, 2.5, 8], "texture": "#0"},
				"east": {"uv": [2.5, 2.5, 3.75, 3.75], "texture": "#0"},
				"south": {"uv": [1.5, 6.75, 2, 8], "texture": "#0"},
				"west": {"uv": [3.75, 0, 5, 1.25], "texture": "#0"},
				"up": {"uv": [8, 3.75, 6.75, 3.25], "rotation": 90, "texture": "#0"},
				"down": {"uv": [8, 3.75, 6.75, 4.25], "rotation": 270, "texture": "#0"}
			}
		},
		{
			"from": [7, 13, 6],
			"to": [9, 16, 14],
			"rotation": {"angle": 0, "axis": "y", "origin": [10, 9.5, 8]},
			"faces": {
				"north": {"uv": [0, 7.5, 0.5, 8.25], "texture": "#0"},
				"east": {"uv": [3.75, 1.25, 5.75, 2], "texture": "#0"},
				"south": {"uv": [7.25, 7, 7.75, 7.75], "texture": "#0"},
				"west": {"uv": [3.75, 2, 5.75, 2.75], "texture": "#0"},
				"up": {"uv": [6.75, 3.25, 4.75, 2.75], "rotation": 90, "texture": "#0"},
				"down": {"uv": [6.75, 3.25, 4.75, 3.75], "rotation": 270, "texture": "#0"}
			}
		},
		{
			"from": [7, 16, 10],
			"to": [9, 19, 14],
			"rotation": {"angle": 0, "axis": "y", "origin": [10, 9.5, 8]},
			"faces": {
				"north": {"uv": [7.5, 5.25, 8, 6], "texture": "#0"},
				"east": {"uv": [5.75, 1.75, 6.75, 2.5], "texture": "#0"},
				"south": {"uv": [0.5, 7.5, 1, 8.25], "texture": "#0"},
				"west": {"uv": [0, 6.75, 1, 7.5], "texture": "#0"},
				"up": {"uv": [7.75, 4.75, 6.75, 4.25], "rotation": 90, "texture": "#0"},
				"down": {"uv": [7.75, 4.75, 6.75, 5.25], "rotation": 270, "texture": "#0"}
			}
		},
		{
			"from": [3, 12, 5],
			"to": [13, 13, 15],
			"rotation": {"angle": 0, "axis": "y", "origin": [10, 9.5, 8]},
			"faces": {
				"north": {"uv": [6.75, 0.5, 9.25, 0.75], "texture": "#0"},
				"east": {"uv": [5.75, 2.5, 8.25, 2.75], "texture": "#0"},
				"south": {"uv": [6.75, 0, 9.25, 0.25], "texture": "#0"},
				"west": {"uv": [6.75, 0.25, 9.25, 0.5], "texture": "#0"},
				"up": {"uv": [2.5, 2.5, 0, 0], "rotation": 90, "texture": "#0"},
				"down": {"uv": [2.5, 2.5, 0, 5], "rotation": 270, "texture": "#0"}
			}
		}
	],
	"display": {
		"thirdperson_righthand": {
			"translation": [0, -2, 1.25],
			"scale": [0.5, 0.5, 0.5]
		},
		"thirdperson_lefthand": {
			"translation": [0, -2, 1.25],
			"scale": [0.5, 0.5, 0.5]
		},
		"firstperson_righthand": {
			"translation": [0, 2, 0],
			"scale": [0.5, 0.5, 0.5]
		},
		"firstperson_lefthand": {
			"translation": [0, 2, 0],
			"scale": [0.5, 0.5, 0.5]
		},
		"ground": {
			"translation": [0, -0.5, 0],
			"scale": [0.74805, 0.73828, 0.6875]
		},
		"gui": {
			"rotation": [30, 135, 0],
			"scale": [0.5, 0.5, 0.5]
		},
		"head": {
			"translation": [0, 0.5, -2],
			"scale": [1.5, 1.5, 1.5]
		},
		"fixed": {
			"rotation": [-45, 0, 0],
			"translation": [0, -2.25, -4.25],
			"scale": [2, 2, 2]
		}
	}
}