{
	"credit": "Made with Blockbench",
	"textures": {
		"0": "./luxurious_axe"
	},
	"elements": [
		{
			"from": [8, 15, 1],
			"to": [8, 23, 8],
			"rotation": {"angle": 0, "axis": "y", "origin": [4.5, 19, 4.5]},
			"faces": {
				"north": {"uv": [0, 0, 0, 4], "texture": "#0"},
				"east": {"uv": [0, 0, 3.5, 4], "texture": "#0"},
				"south": {"uv": [0, 0, 0, 4], "texture": "#0"},
				"west": {"uv": [3.5, 0, 7, 4], "texture": "#0"},
				"up": {"uv": [3.5, 0, 0, 0], "rotation": 90, "texture": "#0"},
				"down": {"uv": [3.5, 0, 0, 0], "rotation": 270, "texture": "#0"}
			}
		},
		{
			"from": [7, 18, 8],
			"to": [9, 20, 10],
			"faces": {
				"north": {"uv": [9, 3, 10, 4], "texture": "#0"},
				"east": {"uv": [9, 5.5, 10, 6.5], "texture": "#0"},
				"south": {"uv": [9, 6.5, 10, 7.5], "texture": "#0"},
				"west": {"uv": [9, 7.5, 10, 8.5], "texture": "#0"},
				"up": {"uv": [10, 9.5, 9, 8.5], "texture": "#0"},
				"down": {"uv": [1, 9.5, 0, 10.5], "texture": "#0"}
			}
		},
		{
			"from": [7, 21, 6.5],
			"to": [9, 24, 8.5],
			"faces": {
				"north": {"uv": [5.5, 8, 6.5, 9.5], "texture": "#0"},
				"east": {"uv": [8, 5.5, 9, 7], "texture": "#0"},
				"south": {"uv": [6.5, 8, 7.5, 9.5], "texture": "#0"},
				"west": {"uv": [8, 7, 9, 8.5], "texture": "#0"},
				"up": {"uv": [2, 10.5, 1, 9.5], "texture": "#0"},
				"down": {"uv": [3, 9.5, 2, 10.5], "texture": "#0"}
			}
		},
		{
			"from": [7.5, 17, 7],
			"to": [8.5, 21, 8],
			"faces": {
				"north": {"uv": [3, 9.5, 3.5, 11.5], "texture": "#0"},
				"east": {"uv": [3.5, 9.5, 4, 11.5], "texture": "#0"},
				"south": {"uv": [4, 9.5, 4.5, 11.5], "texture": "#0"},
				"west": {"uv": [4.5, 9.5, 5, 11.5], "texture": "#0"},
				"up": {"uv": [16, 0, 16, 0], "texture": "#0"},
				"down": {"uv": [16, 0, 16, 0], "texture": "#0"}
			}
		},
		{
			"from": [6, 13, 5.5],
			"to": [10, 17, 9.5],
			"faces": {
				"north": {"uv": [4, 4, 6, 6], "texture": "#0"},
				"east": {"uv": [4, 6, 6, 8], "texture": "#0"},
				"south": {"uv": [6, 4, 8, 6], "texture": "#0"},
				"west": {"uv": [6, 6, 8, 8], "texture": "#0"},
				"up": {"uv": [9, 2, 7, 0], "texture": "#0"},
				"down": {"uv": [9, 2, 7, 4], "texture": "#0"}
			}
		},
		{
			"from": [7, 2, 6.5],
			"to": [9, 13, 8.5],
			"faces": {
				"north": {"uv": [0, 4, 1, 9.5], "texture": "#0"},
				"east": {"uv": [1, 4, 2, 9.5], "texture": "#0"},
				"south": {"uv": [2, 4, 3, 9.5], "texture": "#0"},
				"west": {"uv": [3, 4, 4, 9.5], "texture": "#0"},
				"up": {"uv": [16, 0, 16, 0], "texture": "#0"},
				"down": {"uv": [16, 0, 16, 0], "texture": "#0"}
			}
		},
		{
			"from": [6.5, 0, 6],
			"to": [9.5, 2, 9],
			"faces": {
				"north": {"uv": [7.5, 8.5, 9, 9.5], "texture": "#0"},
				"east": {"uv": [9, 0, 10.5, 1], "texture": "#0"},
				"south": {"uv": [9, 1, 10.5, 2], "texture": "#0"},
				"west": {"uv": [9, 2, 10.5, 3], "texture": "#0"},
				"up": {"uv": [5.5, 9.5, 4, 8], "texture": "#0"},
				"down": {"uv": [9.5, 4, 8, 5.5], "texture": "#0"}
			}
		}
	],
	"display": {
		"thirdperson_righthand": {
			"translation": [0, -1.25, 2],
			"scale": [1, 0.82617, 0.91797]
		},
		"thirdperson_lefthand": {
			"translation": [0, -1.25, 2],
			"scale": [1, 0.82617, 0.91797]
		},
		"firstperson_righthand": {
			"rotation": [4, 23.25, 0],
			"translation": [1.25, -3, 0]
		},
		"firstperson_lefthand": {
			"rotation": [4, 23.25, 0],
			"translation": [1.25, -3, 0]
		},
		"ground": {
			"rotation": [90, 90, 0]
		},
		"gui": {
			"rotation": [90, 43.25, -90],
			"translation": [-1.25, -3, 0],
			"scale": [1, 0.70313, 0.75]
		},
		"fixed": {
			"rotation": [0, 90, 0],
			"translation": [0, -1.75, -1.75],
			"scale": [1, 1.13477, 1.23047]
		}
	},
	"groups": [
		{
			"name": "group",
			"origin": [8, 8, 8],
			"color": 0,
			"nbt": "{}",
			"armAnimationEnabled": false,
			"children": [0, 1, 2, 3, 4, 5, 6]
		}
	]
}