{
	"credit": "Made with Blockbench",
	"texture_size": [64, 64],
	"textures": {
		"0": "./new_year_hat",
		"particle": "./new_year_hat"
	},
	"elements": [
		{
			"from": [2, 0, 2],
			"to": [14, 3, 14],
			"faces": {
				"north": {"uv": [7.5, 1.5, 10.5, 2.25], "texture": "#0"},
				"east": {"uv": [7.5, 2.25, 10.5, 3], "texture": "#0"},
				"south": {"uv": [7.5, 0.75, 10.5, 1.5], "texture": "#0"},
				"west": {"uv": [7.5, 0, 10.5, 0.75], "texture": "#0"},
				"up": {"uv": [3, 3, 0, 0], "texture": "#0"},
				"down": {"uv": [3, 3, 0, 6], "texture": "#0"}
			}
		},
		{
			"from": [3, 3, 3],
			"to": [13, 7, 13],
			"rotation": {"angle": 0, "axis": "x", "origin": [8, 6, 7.5]},
			"faces": {
				"north": {"uv": [4.75, 3, 7.25, 4], "texture": "#0"},
				"east": {"uv": [4.75, 4, 7.25, 5], "texture": "#0"},
				"south": {"uv": [4.75, 5, 7.25, 6], "texture": "#0"},
				"west": {"uv": [4.75, 6, 7.25, 7], "texture": "#0"},
				"up": {"uv": [5.5, 2.5, 3, 0], "texture": "#0"}
			}
		},
		{
			"from": [4.5, 6, 4.8],
			"to": [11.5, 12, 12.8],
			"rotation": {"angle": -45, "axis": "x", "origin": [8, 8.5, 10.5]},
			"faces": {
				"east": {"uv": [5.5, 0, 7.5, 1.5], "texture": "#0"},
				"south": {"uv": [3, 5, 4.75, 6.5], "texture": "#0"},
				"west": {"uv": [5.5, 1.5, 7.5, 3], "texture": "#0"},
				"up": {"uv": [4.75, 5, 3, 3], "texture": "#0"},
				"down": {"uv": [3, 2.5, 4.75, 4.5], "texture": "#0"}
			}
		},
		{
			"from": [6.5, 9, 10],
			"to": [9.5, 12, 14],
			"faces": {
				"east": {"uv": [10.5, 3.75, 11.5, 4.5], "texture": "#0"},
				"west": {"uv": [10.5, 3, 11.5, 3.75], "texture": "#0"},
				"up": {"uv": [10.5, 4.25, 9.75, 3.25], "texture": "#0"},
				"down": {"uv": [10.5, 3, 9.75, 4], "texture": "#0"}
			}
		},
		{
			"from": [5.5, 8, 14],
			"to": [10.5, 13, 19],
			"faces": {
				"north": {"uv": [8.5, 3, 9.75, 4.25], "texture": "#0"},
				"east": {"uv": [8.5, 5.5, 9.75, 6.75], "texture": "#0"},
				"south": {"uv": [7.25, 5.5, 8.5, 6.75], "texture": "#0"},
				"west": {"uv": [7.25, 4.25, 8.5, 5.5], "texture": "#0"},
				"up": {"uv": [9.75, 5.5, 8.5, 4.25], "texture": "#0"},
				"down": {"uv": [8.5, 3, 7.25, 4.25], "texture": "#0"}
			}
		}
	],
	"display": {
		"thirdperson_righthand": {
			"translation": [0, 2, 0],
			"scale": [0.5, 0.5, 0.5]
		},
		"thirdperson_lefthand": {
			"translation": [0, 2, 0],
			"scale": [0.5, 0.5, 0.5]
		},
		"firstperson_righthand": {
			"translation": [0, 5, 0],
			"scale": [0.5, 0.5, 0.5]
		},
		"firstperson_lefthand": {
			"translation": [0, 5, 0],
			"scale": [0.4, 0.5, 0.5]
		},
		"ground": {
			"scale": [0.5, 0.5, 0.5]
		},
		"gui": {
			"rotation": [30, 135, 0],
			"translation": [0, 1, 0],
			"scale": [0.5, 0.5, 0.5]
		},
		"head": {
			"rotation": [32, 0, 0],
			"translation": [0, 11.75, 6.25],
			"scale": [1.31445, 1.35352, 1.33398]
		},
		"fixed": {
			"rotation": [-90, 0, 0],
			"translation": [0, 0, -16],
			"scale": [2, 2, 2]
		}
	},
	"groups": [
		{
			"name": "group",
			"origin": [0, 0, 0],
			"color": 0,
			"nbt": "{}",
			"armAnimationEnabled": false,
			"children": [0, 1, 2, 3, 4]
		}
	]
}