{
	"texture_size": [64, 64],
	"textures": {
		"1": "./altyn_helmet"
	},
	"elements": [
		{
			"from": [3, 9, -3],
			"to": [13, 10, -1],
			"rotation": {"angle": -45, "axis": "x", "origin": [8, 9, 3]},
			"faces": {
				"north": {"uv": [3.5, 5.75, 6, 6], "texture": "#1"},
				"east": {"uv": [4.5, 3.75, 5, 4], "texture": "#1"},
				"south": {"uv": [0, 6, 2.5, 6.25], "texture": "#1"},
				"west": {"uv": [6, 7, 6.5, 7.25], "texture": "#1"},
				"up": {"uv": [2.5, 5.5, 0, 5], "texture": "#1"},
				"down": {"uv": [7.5, 3.75, 5, 4.25], "texture": "#1"}
			}
		},
		{
			"from": [3, 9, 2],
			"to": [13, 10, 3],
			"rotation": {"angle": -45, "axis": "x", "origin": [8, 9, 3]},
			"faces": {
				"north": {"uv": [3.5, 6, 6, 6.25], "texture": "#1"},
				"east": {"uv": [7.25, 2.5, 7.5, 2.75], "texture": "#1"},
				"south": {"uv": [6, 5.75, 8.5, 6], "texture": "#1"},
				"west": {"uv": [7.25, 2.75, 7.5, 3], "texture": "#1"},
				"up": {"uv": [8.5, 6.25, 6, 6], "texture": "#1"},
				"down": {"uv": [2.5, 6.25, 0, 6.5], "texture": "#1"}
			}
		},
		{
			"from": [11, 9, -1],
			"to": [13, 10, 2],
			"rotation": {"angle": -45, "axis": "x", "origin": [8, 9, 3]},
			"faces": {
				"north": {"uv": [7.25, 0.75, 7.75, 1], "texture": "#1"},
				"east": {"uv": [3.75, 7, 4.5, 7.25], "texture": "#1"},
				"south": {"uv": [7.25, 1, 7.75, 1.25], "texture": "#1"},
				"west": {"uv": [4.5, 7, 5.25, 7.25], "texture": "#1"},
				"up": {"uv": [1.75, 7.25, 1.25, 6.5], "texture": "#1"},
				"down": {"uv": [2.25, 6.5, 1.75, 7.25], "texture": "#1"}
			}
		},
		{
			"from": [12, 10, -1],
			"to": [12, 11, 2],
			"rotation": {"angle": -45, "axis": "x", "origin": [8, 9, 3]},
			"faces": {
				"north": {"uv": [0, 0, 0, 0.25], "texture": "#1"},
				"east": {"uv": [7.25, 0.25, 8, 0.5], "texture": "#1"},
				"south": {"uv": [0, 0, 0, 0.25], "texture": "#1"},
				"west": {"uv": [7.25, 0.5, 8, 0.75], "texture": "#1"},
				"up": {"uv": [0, 0.75, 0, 0], "texture": "#1"},
				"down": {"uv": [0, 0, 0, 0.75], "texture": "#1"}
			}
		},
		{
			"from": [3, 9, -1],
			"to": [5, 10, 2],
			"rotation": {"angle": -45, "axis": "x", "origin": [8, 9, 3]},
			"faces": {
				"north": {"uv": [1.25, 7.25, 1.75, 7.5], "texture": "#1"},
				"east": {"uv": [5.25, 7, 6, 7.25], "texture": "#1"},
				"south": {"uv": [7.25, 1.25, 7.75, 1.5], "texture": "#1"},
				"west": {"uv": [7, 6.75, 7.75, 7], "texture": "#1"},
				"up": {"uv": [7, 7.5, 6.5, 6.75], "texture": "#1"},
				"down": {"uv": [0.5, 7, 0, 7.75], "texture": "#1"}
			}
		},
		{
			"from": [5, 10, -1],
			"to": [11, 10, 2],
			"rotation": {"angle": -45, "axis": "x", "origin": [8, 9, 3]},
			"faces": {
				"north": {"uv": [0, 0, 1.5, 0], "texture": "#1"},
				"east": {"uv": [0, 0, 0.75, 0], "texture": "#1"},
				"south": {"uv": [0, 0, 1.5, 0], "texture": "#1"},
				"west": {"uv": [0, 0, 0.75, 0], "texture": "#1"},
				"up": {"uv": [6.5, 5, 5, 4.25], "texture": "#1"},
				"down": {"uv": [6.5, 4.25, 5, 5], "texture": "#1"}
			}
		},
		{
			"from": [4, 10, -1],
			"to": [4, 11, 2],
			"rotation": {"angle": -45, "axis": "x", "origin": [8, 9, 3]},
			"faces": {
				"north": {"uv": [0, 0, 0, 0.25], "texture": "#1"},
				"east": {"uv": [7, 7, 7.75, 7.25], "texture": "#1"},
				"south": {"uv": [0, 0, 0, 0.25], "texture": "#1"},
				"west": {"uv": [7.25, 0, 8, 0.25], "texture": "#1"},
				"up": {"uv": [0, 0.75, 0, 0], "texture": "#1"},
				"down": {"uv": [0, 0, 0, 0.75], "texture": "#1"}
			}
		},
		{
			"from": [4, 10, -1],
			"to": [12, 11, -1],
			"rotation": {"angle": -45, "axis": "x", "origin": [8, 9, 3]},
			"faces": {
				"north": {"uv": [6.5, 4.25, 8.5, 4.5], "texture": "#1"},
				"east": {"uv": [0, 0, 0, 0.25], "texture": "#1"},
				"south": {"uv": [6.5, 4.5, 8.5, 4.75], "texture": "#1"},
				"west": {"uv": [0, 0, 0, 0.25], "texture": "#1"},
				"up": {"uv": [2, 0, 0, 0], "texture": "#1"},
				"down": {"uv": [2, 0, 0, 0], "texture": "#1"}
			}
		},
		{
			"from": [4, 10, 2],
			"to": [12, 11, 2],
			"rotation": {"angle": -45, "axis": "x", "origin": [8, 9, 3]},
			"faces": {
				"north": {"uv": [6.5, 4.75, 8.5, 5], "texture": "#1"},
				"east": {"uv": [0, 0, 0, 0.25], "texture": "#1"},
				"south": {"uv": [6.5, 5, 8.5, 5.25], "texture": "#1"},
				"west": {"uv": [0, 0, 0, 0.25], "texture": "#1"},
				"up": {"uv": [2, 0, 0, 0], "texture": "#1"},
				"down": {"uv": [2, 0, 0, 0], "texture": "#1"}
			}
		},
		{
			"from": [3, 8, -3],
			"to": [3, 9, 3],
			"rotation": {"angle": -45, "axis": "x", "origin": [8, 9, 3]},
			"faces": {
				"north": {"uv": [0, 0, 0, 0.25], "texture": "#1"},
				"east": {"uv": [3.5, 6.75, 5, 7], "texture": "#1"},
				"south": {"uv": [0, 0, 0, 0.25], "texture": "#1"},
				"west": {"uv": [5, 6.75, 6.5, 7], "texture": "#1"},
				"up": {"uv": [0, 1.5, 0, 0], "texture": "#1"},
				"down": {"uv": [0, 0, 0, 1.5], "texture": "#1"}
			}
		},
		{
			"from": [13, 8, -3],
			"to": [13, 9, 3],
			"rotation": {"angle": -45, "axis": "x", "origin": [8, 9, 3]},
			"faces": {
				"north": {"uv": [0, 0, 0, 0.25], "texture": "#1"},
				"east": {"uv": [6.5, 5.25, 8, 5.5], "texture": "#1"},
				"south": {"uv": [0, 0, 0, 0.25], "texture": "#1"},
				"west": {"uv": [6.5, 5.5, 8, 5.75], "texture": "#1"},
				"up": {"uv": [0, 1.5, 0, 0], "texture": "#1"},
				"down": {"uv": [0, 0, 0, 1.5], "texture": "#1"}
			}
		},
		{
			"from": [3, 8, 3],
			"to": [13, 9, 13],
			"faces": {
				"north": {"uv": [2.5, 5.25, 5, 5.5], "texture": "#1"},
				"east": {"uv": [0, 5.5, 2.5, 5.75], "texture": "#1"},
				"south": {"uv": [2.5, 5.5, 5, 5.75], "texture": "#1"},
				"west": {"uv": [0, 5.75, 2.5, 6], "texture": "#1"},
				"up": {"uv": [2.5, 2.5, 0, 0], "texture": "#1"},
				"down": {"uv": [2.5, 2.5, 0, 5], "texture": "#1"}
			}
		},
		{
			"from": [4, 9.3, 4],
			"to": [12, 9.3, 12],
			"faces": {
				"north": {"uv": [2.5, 5.25, 5, 5.5], "texture": "#1"},
				"east": {"uv": [0, 5.5, 2.5, 5.75], "texture": "#1"},
				"south": {"uv": [2.5, 5.5, 5, 5.75], "texture": "#1"},
				"west": {"uv": [0, 5.75, 2.5, 6], "texture": "#1"},
				"up": {"uv": [2.25, 2.25, 0.25, 0.25], "texture": "#1"},
				"down": {"uv": [2.25, 0.25, 0.25, 2.25], "texture": "#1"}
			}
		},
		{
			"from": [3, 3, 3],
			"to": [4, 8, 13],
			"faces": {
				"north": {"uv": [2.25, 6.5, 2.5, 7.75], "texture": "#1"},
				"east": {"uv": [2.5, 4, 5, 5.25], "texture": "#1"},
				"south": {"uv": [7, 0, 7.25, 1.25], "texture": "#1"},
				"west": {"uv": [4.5, 0, 7, 1.25], "texture": "#1"},
				"up": {"uv": [2.75, 8.25, 2.5, 5.75], "texture": "#1"},
				"down": {"uv": [3, 5.75, 2.75, 8.25], "texture": "#1"}
			}
		},
		{
			"from": [2.7, 4, 4],
			"to": [2.7, 8, 12],
			"faces": {
				"north": {"uv": [2.25, 6.5, 2.5, 7.75], "texture": "#1"},
				"east": {"uv": [4.75, 0, 6.75, 1], "texture": "#1"},
				"south": {"uv": [7, 0, 7.25, 1.25], "texture": "#1"},
				"west": {"uv": [4.75, 0, 6.75, 1], "texture": "#1"},
				"up": {"uv": [2.75, 8.25, 2.5, 5.75], "texture": "#1"},
				"down": {"uv": [3, 5.75, 2.75, 8.25], "texture": "#1"}
			}
		},
		{
			"from": [3, 1, 8],
			"to": [4, 3, 13],
			"faces": {
				"north": {"uv": [7.25, 1.5, 7.5, 2], "texture": "#1"},
				"east": {"uv": [3.5, 6.25, 4.75, 6.75], "texture": "#1"},
				"south": {"uv": [1.75, 7.25, 2, 7.75], "texture": "#1"},
				"west": {"uv": [4.75, 6.25, 6, 6.75], "texture": "#1"},
				"up": {"uv": [1.25, 8.25, 1, 7], "texture": "#1"},
				"down": {"uv": [7.25, 1.25, 7, 2.5], "texture": "#1"}
			}
		},
		{
			"from": [12, 3, 3],
			"to": [13, 8, 13],
			"faces": {
				"north": {"uv": [0.5, 7, 0.75, 8.25], "texture": "#1"},
				"east": {"uv": [4.5, 1.25, 7, 2.5], "texture": "#1"},
				"south": {"uv": [0.75, 7, 1, 8.25], "texture": "#1"},
				"west": {"uv": [4.5, 2.5, 7, 3.75], "texture": "#1"},
				"up": {"uv": [3.25, 8.25, 3, 5.75], "texture": "#1"},
				"down": {"uv": [3.5, 5.75, 3.25, 8.25], "texture": "#1"}
			}
		},
		{
			"from": [13.3, 4, 4],
			"to": [13.3, 8, 12],
			"faces": {
				"north": {"uv": [0.5, 7, 0.75, 8.25], "texture": "#1"},
				"east": {"uv": [4.75, 1.25, 6.75, 2.25], "texture": "#1"},
				"south": {"uv": [0.75, 7, 1, 8.25], "texture": "#1"},
				"west": {"uv": [4.75, 1.25, 6.75, 2.25], "texture": "#1"},
				"up": {"uv": [3.25, 8.25, 3, 5.75], "texture": "#1"},
				"down": {"uv": [3.5, 5.75, 3.25, 8.25], "texture": "#1"}
			}
		},
		{
			"from": [12, 1, 8],
			"to": [13, 3, 13],
			"faces": {
				"north": {"uv": [2, 7.25, 2.25, 7.75], "texture": "#1"},
				"east": {"uv": [6, 6.25, 7.25, 6.75], "texture": "#1"},
				"south": {"uv": [7.25, 2, 7.5, 2.5], "texture": "#1"},
				"west": {"uv": [0, 6.5, 1.25, 7], "texture": "#1"},
				"up": {"uv": [7.25, 3.75, 7, 2.5], "texture": "#1"},
				"down": {"uv": [3.75, 7, 3.5, 8.25], "texture": "#1"}
			}
		},
		{
			"from": [4, 0, 13],
			"to": [12, 8, 13],
			"faces": {
				"north": {"uv": [2.5, 0, 4.5, 2], "texture": "#1"},
				"east": {"uv": [0, 0, 0, 2], "texture": "#1"},
				"south": {"uv": [2.5, 2, 4.5, 4], "texture": "#1"},
				"west": {"uv": [0, 0, 0, 2], "texture": "#1"},
				"up": {"uv": [2, 0, 0, 0], "texture": "#1"},
				"down": {"uv": [2, 0, 0, 0], "texture": "#1"}
			}
		},
		{
			"from": [4, 3, 13.3],
			"to": [12, 8, 13.3],
			"faces": {
				"north": {"uv": [2.5, 2, 4.5, 3.25], "texture": "#1"},
				"east": {"uv": [0, 0, 0, 2], "texture": "#1"},
				"south": {"uv": [2.5, 2, 4.5, 3.25], "texture": "#1"},
				"west": {"uv": [0, 0, 0, 2], "texture": "#1"},
				"up": {"uv": [2, 0, 0, 0], "texture": "#1"},
				"down": {"uv": [2, 0, 0, 0], "texture": "#1"}
			}
		},
		{
			"from": [4, 0, 4],
			"to": [4, 3, 5],
			"faces": {
				"north": {"uv": [0, 0, 0, 0.75], "texture": "#missing"},
				"east": {"uv": [2, 8.25, 2.25, 9], "texture": "#1"},
				"south": {"uv": [0, 0, 0, 0.75], "texture": "#missing"},
				"west": {"uv": [2, 8.25, 2.25, 9], "texture": "#1"},
				"up": {"uv": [0, 0, 0, 0.25], "texture": "#missing"},
				"down": {"uv": [0, 0, 0, 0.25], "texture": "#missing"}
			}
		},
		{
			"from": [12, 0, 4],
			"to": [12, 3, 5],
			"faces": {
				"north": {"uv": [0, 0, 0, 0.75], "texture": "#missing"},
				"east": {"uv": [2.25, 8.25, 2.5, 9], "texture": "#1"},
				"south": {"uv": [0, 0, 0, 0.75], "texture": "#missing"},
				"west": {"uv": [2.25, 8.25, 2.5, 9], "texture": "#1"},
				"up": {"uv": [0, 0, 0, 0.25], "texture": "#missing"},
				"down": {"uv": [0, 0, 0, 0.25], "texture": "#missing"}
			}
		},
		{
			"from": [4, 0, 4],
			"to": [12, 0, 5],
			"faces": {
				"north": {"uv": [0, 0, 2, 0], "texture": "#missing"},
				"east": {"uv": [0, 0, 0.25, 0], "texture": "#missing"},
				"south": {"uv": [0, 0, 2, 0], "texture": "#missing"},
				"west": {"uv": [0, 0, 0.25, 0], "texture": "#missing"},
				"up": {"uv": [0, 8.5, 2, 8.75], "texture": "#1"},
				"down": {"uv": [0, 8.5, 2, 8.75], "texture": "#1"}
			}
		},
		{
			"from": [4, 0, 4],
			"to": [12, 1, 4],
			"faces": {
				"north": {"uv": [0, 8.25, 2, 8.5], "texture": "#1"},
				"east": {"uv": [0, 0, 0, 0.25], "texture": "#missing"},
				"south": {"uv": [0, 8.25, 2, 8.5], "texture": "#1"},
				"west": {"uv": [0, 0, 0, 0.25], "texture": "#missing"},
				"up": {"uv": [0, 0, 2, 0], "texture": "#missing"},
				"down": {"uv": [0, 0, 2, 0], "texture": "#missing"}
			}
		}
	],
	"display": {
		"thirdperson_righthand": {
			"rotation": [75, 45, 0],
			"translation": [0, 2.5, 0],
			"scale": [0.375, 0.375, 0.375]
		},
		"thirdperson_lefthand": {
			"rotation": [75, 45, 0],
			"translation": [0, 2.5, 0],
			"scale": [0.375, 0.375, 0.375]
		},
		"firstperson_righthand": {
			"rotation": [0, 0, 15],
			"translation": [1.13, 3.2, 1.13],
			"scale": [0.68, 0.68, 0.68]
		},
		"firstperson_lefthand": {
			"rotation": [0, 0, 15],
			"translation": [1.13, 3.2, 1.13],
			"scale": [0.68, 0.68, 0.68]
		},
		"ground": {
			"translation": [0, 3, 0],
			"scale": [0.25, 0.25, 0.25]
		},
		"gui": {
			"rotation": [30, 225, 0],
			"translation": [-1, 1.75, 0],
			"scale": [0.75, 0.75, 0.75]
		},
		"head": {
			"translation": [0, 6.25, 0],
			"scale": [1.61, 1.61, 1.61]
		},
		"fixed": {
			"translation": [0, 3.75, -1],
			"scale": [1.3, 1.3, 1.3]
		}
	},
	"groups": [
		0,
		1,
		2,
		3,
		4,
		5,
		6,
		7,
		8,
		9,
		10,
		{
			"name": "helmet",
			"origin": [0, 0, 0],
			"color": 0,
			"children": [11, 12, 13, 14, 15, 16, 17, 18, 19, 20]
		},
		21,
		22,
		23,
		24
	]
}