{
	"credit": "Made with Blockbench",
	"textures": {
		"0": "./gabriel_helmet"
	},
	"elements": [
		{
			"from": [13, 10, 4],
			"to": [14, 11, 13],
			"faces": {
				"north": {"uv": [10, 6.5, 10.25, 6.75], "texture": "#0"},
				"east": {"uv": [0, 9.75, 2.25, 10], "texture": "#0"},
				"south": {"uv": [10, 6.75, 10.25, 7], "texture": "#0"},
				"west": {"uv": [2.25, 9.75, 4.5, 10], "texture": "#0"},
				"up": {"uv": [4.75, 12, 4.5, 9.75], "texture": "#0"},
				"down": {"uv": [5, 9.75, 4.75, 12], "texture": "#0"}
			}
		},
		{
			"from": [-2.5, 7, 14],
			"to": [18.5, 27, 14],
			"faces": {
				"north": {"uv": [0, 0, 4, 5], "texture": "#0"},
				"south": {"uv": [4, 0, 8, 5], "texture": "#0"}
			}
		},
		{
			"from": [2, 10, 4],
			"to": [3, 11, 13],
			"faces": {
				"north": {"uv": [10, 7, 10.25, 7.25], "texture": "#0"},
				"east": {"uv": [9.75, 8.5, 12, 8.75], "texture": "#0"},
				"south": {"uv": [10, 7.25, 10.25, 7.5], "texture": "#0"},
				"west": {"uv": [9.75, 8.75, 12, 9], "texture": "#0"},
				"up": {"uv": [10, 11.25, 9.75, 9], "texture": "#0"},
				"down": {"uv": [0.25, 10, 0, 12.25], "texture": "#0"}
			}
		},
		{
			"from": [9, 7.5, 2.5],
			"to": [11, 9.5, 3.5],
			"faces": {
				"north": {"uv": [0.75, 10, 1.25, 10.5], "texture": "#0"},
				"east": {"uv": [2.75, 10, 3, 10.5], "texture": "#0"},
				"south": {"uv": [16, 0, 16, 0], "texture": "#0"},
				"west": {"uv": [16, 0, 16, 0], "texture": "#0"},
				"up": {"uv": [3.75, 10.25, 3.25, 10], "texture": "#0"},
				"down": {"uv": [4.25, 10, 3.75, 10.25], "texture": "#0"}
			}
		},
		{
			"from": [5, 7.5, 2.5],
			"to": [7, 9.5, 3.5],
			"faces": {
				"north": {"uv": [1.75, 10, 2.25, 10.5], "texture": "#0"},
				"east": {"uv": [16, 0, 16, 0], "texture": "#0"},
				"south": {"uv": [16, 0, 16, 0], "texture": "#0"},
				"west": {"uv": [10, 5, 10.25, 5.5], "texture": "#0"},
				"up": {"uv": [10.5, 5.75, 10, 5.5], "texture": "#0"},
				"down": {"uv": [10.5, 5.75, 10, 6], "texture": "#0"}
			}
		},
		{
			"from": [7, 4, 2.5],
			"to": [9, 11, 3.5],
			"faces": {
				"north": {"uv": [9.25, 8.5, 9.75, 10.25], "texture": "#0"},
				"east": {"uv": [0.25, 10, 0.5, 11.75], "texture": "#0"},
				"south": {"uv": [16, 0, 16, 0], "texture": "#0"},
				"west": {"uv": [0.5, 10, 0.75, 11.75], "texture": "#0"},
				"up": {"uv": [10.5, 6.25, 10, 6], "texture": "#0"},
				"down": {"uv": [10.5, 6.25, 10, 6.5], "texture": "#0"}
			}
		},
		{
			"from": [3, 0, 3.5],
			"to": [13, 3, 6],
			"faces": {
				"north": {"uv": [8, 2, 10.5, 2.75], "texture": "#0"},
				"east": {"uv": [5.75, 9.5, 6.5, 10.25], "texture": "#0"},
				"south": {"uv": [16, 0, 16, 0], "texture": "#0"},
				"west": {"uv": [6.5, 9.5, 7.25, 10.25], "texture": "#0"},
				"up": {"uv": [10.5, 1, 8, 0], "texture": "#0"},
				"down": {"uv": [10.5, 1, 8, 1.75], "texture": "#0"}
			}
		},
		{
			"from": [3, 0, 6],
			"to": [13, 3, 13],
			"faces": {
				"north": {"uv": [8, 3.5, 10.5, 4.25], "texture": "#0"},
				"east": {"uv": [7.5, 8.5, 9.25, 9.25], "texture": "#0"},
				"south": {"uv": [8, 4.25, 10.5, 5], "texture": "#0"},
				"west": {"uv": [7.5, 9.25, 9.25, 10], "texture": "#0"},
				"up": {"uv": [16, 0, 16, 0], "texture": "#0"},
				"down": {"uv": [10, 6.75, 7.5, 8.5], "texture": "#0"}
			}
		},
		{
			"from": [3, 3, 3],
			"to": [13, 12, 13],
			"faces": {
				"north": {"uv": [5, 5, 7.5, 7.25], "texture": "#0"},
				"east": {"uv": [5, 7.25, 7.5, 9.5], "texture": "#0"},
				"south": {"uv": [0, 7.5, 2.5, 9.75], "texture": "#0"},
				"west": {"uv": [2.5, 7.5, 5, 9.75], "texture": "#0"},
				"up": {"uv": [2.5, 7.5, 0, 5], "texture": "#0"},
				"down": {"uv": [5, 5, 2.5, 7.5], "texture": "#0"}
			}
		}
	],
	"display": {
		"thirdperson_righthand": {
			"scale": [0.34375, 0.33789, 0.35547]
		},
		"thirdperson_lefthand": {
			"scale": [0.34375, 0.33789, 0.35547]
		},
		"firstperson_righthand": {
			"rotation": [-180, 59.75, -180],
			"translation": [-0.5, 6, 2.25],
			"scale": [0.45508, 0.52539, 0.41406]
		},
		"firstperson_lefthand": {
			"rotation": [-180, 59.75, -180],
			"translation": [-0.5, 6, 2.25],
			"scale": [0.45508, 0.52539, 0.41406]
		},
		"ground": {
			"scale": [0.5, 0.5, 0.5]
		},
		"gui": {
			"rotation": [30, 135, 0],
			"translation": [0, -2.25, 0],
			"scale": [0.5, 0.5, 0.5]
		},
		"head": {
			"translation": [0, 3.25, 0],
			"scale": [1.4668, 1.27539, 1.49023]
		},
		"fixed": {
			"rotation": [-90, 0, 0],
			"translation": [0, 0, -22.25],
			"scale": [2.65039, 2.90039, 2.99219]
		}
	},
	"groups": [
		{
			"name": "group",
			"origin": [8, 8, 8],
			"color": 0,
			"nbt": "{}",
			"armAnimationEnabled": false,
			"children": [0, 1, 2, 3, 4, 5, 6, 7, 8]
		}
	]
}