{
	"credit": "Made with Blockbench",
	"texture_size": [64, 64],
	"textures": {
		"0": "./bullet_hero",
		"particle": "./bullet_hero"
	},
	"elements": [
		{
			"from": [2.1147, 0, 2.1147],
			"to": [14.1147, 12, 14.1147],
			"rotation": {"angle": 0, "axis": "y", "origin": [4.1147, 10.75, 8]},
			"faces": {
				"north": {"uv": [3, 3, 6, 6], "texture": "#0"},
				"east": {"uv": [0, 6, 3, 9], "texture": "#0"},
				"south": {"uv": [6, 0, 9, 3], "texture": "#0"},
				"west": {"uv": [3, 0, 6, 3], "texture": "#0"},
				"up": {"uv": [6, 9, 3, 6], "rotation": 270, "texture": "#0"},
				"down": {"uv": [9, 3, 6, 6], "rotation": 90, "texture": "#0"}
			}
		},
		{
			"from": [2.6147, 12, 2.6147],
			"to": [13.6147, 12.5, 13.6147],
			"rotation": {"angle": 0, "axis": "y", "origin": [4.1147, 10.75, 8]},
			"faces": {
				"north": {"uv": [10, 3.25, 12.75, 3.5], "texture": "#0"},
				"east": {"uv": [10, 3.5, 12.75, 3.75], "texture": "#0"},
				"south": {"uv": [10, 3.75, 12.75, 4], "texture": "#0"},
				"west": {"uv": [10, 3, 12.75, 3.25], "texture": "#0"}
			}
		},
		{
			"from": [2.1147, 12.5, 2.1147],
			"to": [14.1147, 18.5, 14.1147],
			"rotation": {"angle": 0, "axis": "y", "origin": [4.1147, 10.75, 8]},
			"faces": {
				"north": {"uv": [9, 0, 12, 1.5], "texture": "#0"},
				"east": {"uv": [6, 9, 9, 10.5], "texture": "#0"},
				"south": {"uv": [9, 1.5, 12, 3], "texture": "#0"},
				"west": {"uv": [3, 9, 6, 10.5], "texture": "#0"},
				"up": {"uv": [9, 9, 6, 6], "rotation": 270, "texture": "#0"},
				"down": {"uv": [3, 9, 0, 12], "rotation": 90, "texture": "#0"}
			}
		},
		{
			"from": [2.2147, -1.98365, 13.33046],
			"to": [14.0147, 10.01635, 14.33046],
			"rotation": {"angle": -22.5, "axis": "x", "origin": [4.1147, 10.75, 8]},
			"faces": {
				"north": {"uv": [0, 0, 3, 3], "texture": "#0"},
				"east": {"uv": [9.25, 3, 9.5, 6], "texture": "#0"},
				"south": {"uv": [0, 3, 3, 6], "texture": "#0"},
				"west": {"uv": [9, 3, 9.25, 6], "texture": "#0"},
				"up": {"uv": [9.75, 6, 9.5, 3], "rotation": 270, "texture": "#0"},
				"down": {"uv": [10, 3, 9.75, 6], "rotation": 90, "texture": "#0"}
			}
		},
		{
			"name": "cube inverted",
			"from": [14.3147, 18.7, 14.3147],
			"to": [1.9147, -0.2, 1.9147],
			"rotation": {"angle": 0, "axis": "y", "origin": [4.1147, 10.75, 8]},
			"faces": {
				"north": {"uv": [13.25, 16, 16, 13.25], "texture": "#0"},
				"east": {"uv": [13.25, 16, 16, 13.25], "texture": "#0"},
				"south": {"uv": [13.25, 16, 16, 13.25], "texture": "#0"},
				"west": {"uv": [13.25, 16, 16, 13.25], "texture": "#0"},
				"up": {"uv": [13.25, 13.25, 16, 16], "rotation": 270, "texture": "#0"},
				"down": {"uv": [13.25, 16, 16, 13.25], "rotation": 90, "texture": "#0"}
			}
		}
	],
	"display": {
		"thirdperson_righthand": {
			"translation": [0, 2, 0],
			"scale": [0.5, 0.5, 0.5]
		},
		"thirdperson_lefthand": {
			"translation": [0, 2, 0],
			"scale": [0.5, 0.5, 0.5]
		},
		"firstperson_righthand": {
			"scale": [0.5, 0.5, 0.5]
		},
		"firstperson_lefthand": {
			"scale": [0.5, 0.5, 0.5]
		},
		"ground": {
			"scale": [0.5, 0.5, 0.5]
		},
		"gui": {
			"rotation": [30, 135, 0],
			"scale": [0.5, 0.5, 0.5]
		},
		"head": {
			"translation": [0, 12, 0],
			"scale": [0.7, 0.7, 0.7]
		},
		"fixed": {
			"rotation": [-90, 0, 0],
			"translation": [0, 0, -11.5],
			"scale": [1.4, 1.4, 1.4]
		}
	}
}