{
	"credit": "Made with Blockbench",
	"texture_size": [64, 64],
	"textures": {
		"0": "./red_shell",
		"particle": "./red_shell"
	},
	"elements": [
		{
			"from": [2, 0, 2],
			"to": [14, 25, 14],
			"faces": {
				"north": {"uv": [0, 0, 3, 6.25], "texture": "#0"},
				"east": {"uv": [3, 0, 6, 6.25], "texture": "#0"},
				"south": {"uv": [6, 0, 9, 6.25], "texture": "#0"},
				"west": {"uv": [0, 6.25, 3, 12.5], "texture": "#0"},
				"up": {"uv": [6, 9.25, 3, 6.25], "texture": "#0"},
				"down": {"uv": [9, 6.25, 6, 9.25], "texture": "#0"}
			}
		},
		{
			"name": "cube inverted",
			"from": [14.2, 25.2, 14.2],
			"to": [1.8, -0.2, 1.8],
			"faces": {
				"north": {"uv": [12, 16, 16, 12], "texture": "#0"},
				"east": {"uv": [12, 16, 16, 12], "texture": "#0"},
				"south": {"uv": [12, 16, 16, 12], "texture": "#0"},
				"west": {"uv": [12, 16, 16, 12], "texture": "#0"},
				"up": {"uv": [12, 12, 16, 16], "texture": "#0"},
				"down": {"uv": [12, 16, 16, 12], "texture": "#0"}
			}
		}
	],
	"display": {
		"thirdperson_righthand": {
			"translation": [0, 1, 0],
			"scale": [0.5, 0.5, 0.5]
		},
		"thirdperson_lefthand": {
			"translation": [0, 1, 0],
			"scale": [0.5, 0.5, 0.5]
		},
		"firstperson_righthand": {
			"scale": [0.5, 0.5, 0.5]
		},
		"firstperson_lefthand": {
			"scale": [0.5, 0.5, 0.5]
		},
		"ground": {
			"scale": [0.5, 0.5, 0.5]
		},
		"gui": {
			"rotation": [30, 135, 0],
			"translation": [0, -1.75, 0],
			"scale": [0.5, 0.5, 0.5]
		},
		"head": {
			"translation": [0, 12.25, 0],
			"scale": [0.7, 0.7, 0.7]
		},
		"fixed": {
			"rotation": [-90, 0, 0],
			"translation": [0, 0, -14],
			"scale": [1.7, 1.7, 1.7]
		}
	}
}