{
	"credit": "Made with Blockbench",
	"textures": {
		"0": "./scanner"
	},
	"elements": [
		{
			"from": [5.5, 1, -1],
			"to": [10.5, 6.5, -0.5],
			"rotation": {"angle": 0, "axis": "y", "origin": [0, -3, -6]},
			"faces": {
				"north": {"uv": [0, 4, 1.25, 5.375], "texture": "#0"},
				"east": {"uv": [7, 3.25, 7.125, 4.625], "texture": "#0"},
				"west": {"uv": [3.5, 7, 3.625, 8.375], "texture": "#0"},
				"up": {"uv": [8.25, 4.875, 7, 4.75], "texture": "#0"},
				"down": {"uv": [8.25, 5, 7, 5.125], "texture": "#0"}
			}
		},
		{
			"from": [6.7, 7.6, 6],
			"to": [7.7, 12.2, 7],
			"rotation": {"angle": -22.5, "axis": "z", "origin": [4.6, 10, -0.5]},
			"faces": {
				"north": {"uv": [6, 6.75, 6.25, 7.875], "texture": "#0"},
				"east": {"uv": [6.25, 6.75, 6.5, 7.875], "texture": "#0"},
				"south": {"uv": [6.5, 6.75, 6.75, 7.875], "texture": "#0"},
				"west": {"uv": [6.75, 6.75, 7, 7.875], "texture": "#0"},
				"up": {"uv": [7.25, 5.5, 7, 5.25], "texture": "#0"}
			}
		},
		{
			"from": [6.7, 7.6, 0],
			"to": [7.7, 12.2, 1],
			"rotation": {"angle": -22.5, "axis": "z", "origin": [4.6, 10, -6.5]},
			"faces": {
				"north": {"uv": [0, 7, 0.25, 8.125], "texture": "#0"},
				"east": {"uv": [0.25, 7, 0.5, 8.125], "texture": "#0"},
				"south": {"uv": [0.5, 7, 0.75, 8.125], "texture": "#0"},
				"west": {"uv": [0.75, 7, 1, 8.125], "texture": "#0"},
				"up": {"uv": [7.5, 5.5, 7.25, 5.25], "texture": "#0"}
			}
		},
		{
			"from": [7.7, 4.4, 6],
			"to": [8.7, 9.6, 7],
			"rotation": {"angle": 22.5, "axis": "z", "origin": [4.6, 10, -0.5]},
			"faces": {
				"north": {"uv": [6.25, 3.5, 6.5, 4.75], "texture": "#0"},
				"east": {"uv": [3.75, 6.25, 4, 7.5], "texture": "#0"},
				"south": {"uv": [4, 6.25, 4.25, 7.5], "texture": "#0"},
				"west": {"uv": [4.25, 6.25, 4.5, 7.5], "texture": "#0"},
				"up": {"uv": [7.5, 6.5, 7.25, 6.25], "texture": "#0"}
			}
		},
		{
			"from": [7.7, 4.4, 0],
			"to": [8.7, 9.6, 1],
			"rotation": {"angle": 22.5, "axis": "z", "origin": [4.6, 10, -6.5]},
			"faces": {
				"north": {"uv": [4.5, 6.25, 4.75, 7.5], "texture": "#0"},
				"east": {"uv": [6.25, 4.75, 6.5, 6], "texture": "#0"},
				"south": {"uv": [5, 6.25, 5.25, 7.5], "texture": "#0"},
				"west": {"uv": [5.25, 6.25, 5.5, 7.5], "texture": "#0"},
				"up": {"uv": [7.5, 6.75, 7.25, 6.5], "texture": "#0"}
			}
		},
		{
			"from": [5, 0, -0.5],
			"to": [11, 7.5, 7.5],
			"rotation": {"angle": 0, "axis": "y", "origin": [0, -3, -6]},
			"faces": {
				"north": {"uv": [3.5, 0, 5, 1.875], "texture": "#0"},
				"east": {"uv": [0, 0, 2, 1.875], "texture": "#0"},
				"south": {"uv": [3.5, 2, 5, 3.875], "texture": "#0"},
				"west": {"uv": [0, 2, 2, 3.875], "texture": "#0"},
				"up": {"uv": [3.5, 2, 2, 0], "texture": "#0"},
				"down": {"uv": [3.5, 2, 2, 4], "texture": "#0"}
			}
		},
		{
			"from": [7.5, 10.2, -0.3],
			"to": [8.5, 11.2, 7.1],
			"rotation": {"angle": 0, "axis": "y", "origin": [0.1, -3, -6]},
			"faces": {
				"north": {"uv": [7.25, 6.75, 7.5, 7], "texture": "#0"},
				"east": {"uv": [6.25, 0, 8.125, 0.25], "texture": "#0"},
				"south": {"uv": [7, 7.25, 7.25, 7.5], "texture": "#0"},
				"west": {"uv": [6.25, 0.25, 8.125, 0.5], "texture": "#0"},
				"up": {"uv": [5, 7.125, 4.75, 5.25], "texture": "#0"},
				"down": {"uv": [1.75, 6, 1.5, 7.875], "texture": "#0"}
			}
		},
		{
			"from": [5, 0.5, 7.5],
			"to": [11, 1.5, 8.5],
			"rotation": {"angle": 0, "axis": "y", "origin": [0, 0, -3]},
			"faces": {
				"south": {"uv": [6.25, 0.5, 7.75, 0.75], "texture": "#0"},
				"up": {"uv": [7.75, 1, 6.25, 0.75], "texture": "#0"},
				"down": {"uv": [7.75, 1, 6.25, 1.25], "texture": "#0"}
			}
		},
		{
			"from": [4, 0, 7],
			"to": [5, 2, 9],
			"rotation": {"angle": 0, "axis": "y", "origin": [0, 0, -3]},
			"faces": {
				"north": {"uv": [7, 6.75, 7.25, 7.25], "texture": "#0"},
				"east": {"uv": [0.75, 5.5, 1.25, 6], "texture": "#0"},
				"south": {"uv": [2.75, 7.25, 3, 7.75], "texture": "#0"},
				"west": {"uv": [7, 1.25, 7.5, 1.75], "texture": "#0"},
				"up": {"uv": [3.25, 7.75, 3, 7.25], "texture": "#0"},
				"down": {"uv": [3.5, 7.25, 3.25, 7.75], "texture": "#0"}
			}
		},
		{
			"from": [11, 0, 7],
			"to": [12, 2, 9],
			"rotation": {"angle": 0, "axis": "y", "origin": [0, 0, -3]},
			"faces": {
				"north": {"uv": [7.25, 3.25, 7.5, 3.75], "texture": "#0"},
				"east": {"uv": [7, 1.75, 7.5, 2.25], "texture": "#0"},
				"south": {"uv": [7.25, 3.75, 7.5, 4.25], "texture": "#0"},
				"west": {"uv": [2, 7, 2.5, 7.5], "texture": "#0"},
				"up": {"uv": [7.5, 4.75, 7.25, 4.25], "texture": "#0"},
				"down": {"uv": [5, 7.25, 4.75, 7.75], "texture": "#0"}
			}
		},
		{
			"from": [4.5, 1, 8],
			"to": [4.5, 3, 11],
			"rotation": {"angle": -22.5, "axis": "x", "origin": [4.5, 2, 10.5]},
			"faces": {
				"east": {"uv": [7, 1.25, 6.25, 1.75], "texture": "#0"},
				"west": {"uv": [6.25, 1.25, 7, 1.75], "texture": "#0"}
			}
		},
		{
			"from": [11.5, 1, 8],
			"to": [11.5, 3, 11],
			"rotation": {"angle": -22.5, "axis": "x", "origin": [4.5, 2, 10.5]},
			"faces": {
				"east": {"uv": [7, 1.75, 6.25, 2.25], "texture": "#0"},
				"west": {"uv": [6.25, 1.75, 7, 2.25], "texture": "#0"}
			}
		},
		{
			"from": [6.5, 2.4, -2],
			"to": [9.5, 5.4, -1],
			"rotation": {"angle": 0, "axis": "y", "origin": [0, 0, -3]},
			"faces": {
				"north": {"uv": [0, 5.5, 0.75, 6.25], "texture": "#0"},
				"east": {"uv": [1, 7, 1.25, 7.75], "texture": "#0"},
				"west": {"uv": [2.5, 7, 2.75, 7.75], "texture": "#0"},
				"up": {"uv": [3.5, 7.25, 2.75, 7], "texture": "#0"},
				"down": {"uv": [7.75, 3, 7, 3.25], "texture": "#0"}
			}
		},
		{
			"from": [8.6, 4.9, -5.2],
			"to": [13.6, 9.9, -4.2],
			"rotation": {"angle": -22.5, "axis": "y", "origin": [4, 8.5, -3]},
			"faces": {
				"north": {"uv": [1.25, 4, 2.5, 5.25], "texture": "#0"},
				"east": {"uv": [5.5, 6.25, 5.75, 7.5], "texture": "#0"},
				"south": {"uv": [2.5, 4, 3.75, 5.25], "texture": "#0"},
				"west": {"uv": [5.75, 6.25, 6, 7.5], "texture": "#0"},
				"up": {"uv": [7.25, 6.5, 6, 6.25], "texture": "#0"},
				"down": {"uv": [7.5, 6, 6.25, 6.25], "texture": "#0"}
			}
		},
		{
			"from": [8.6, -1.6, -5.2],
			"to": [13.6, 3.4, -4.2],
			"rotation": {"angle": -22.5, "axis": "y", "origin": [4, 8.5, -3]},
			"faces": {
				"north": {"uv": [3.75, 4, 5, 5.25], "texture": "#0"},
				"east": {"uv": [6.5, 3.5, 6.75, 4.75], "texture": "#0"},
				"south": {"uv": [5, 0, 6.25, 1.25], "texture": "#0"},
				"west": {"uv": [6.5, 4.75, 6.75, 6], "texture": "#0"},
				"up": {"uv": [7.25, 6.75, 6, 6.5], "texture": "#0"},
				"down": {"uv": [1.25, 6.75, 0, 7], "texture": "#0"}
			}
		},
		{
			"from": [1.8, -1.6, -2.1],
			"to": [6.8, 3.4, -1.1],
			"rotation": {"angle": 22.5, "axis": "y", "origin": [4, 8.5, -3]},
			"faces": {
				"north": {"uv": [5, 1.25, 6.25, 2.5], "texture": "#0"},
				"east": {"uv": [1.25, 6.75, 1.5, 8], "texture": "#0"},
				"south": {"uv": [5, 2.5, 6.25, 3.75], "texture": "#0"},
				"west": {"uv": [1.75, 6.75, 2, 8], "texture": "#0"},
				"up": {"uv": [3.25, 7, 2, 6.75], "texture": "#0"},
				"down": {"uv": [8, 2.75, 6.75, 3], "texture": "#0"}
			}
		},
		{
			"from": [1.8, 4.9, -2.1],
			"to": [6.8, 9.9, -1.1],
			"rotation": {"angle": 22.5, "axis": "y", "origin": [4, 8.5, -3]},
			"faces": {
				"north": {"uv": [5, 3.75, 6.25, 5], "texture": "#0"},
				"east": {"uv": [6.75, 3, 7, 4.25], "texture": "#0"},
				"south": {"uv": [5, 5, 6.25, 6.25], "texture": "#0"},
				"west": {"uv": [6.75, 4.25, 7, 5.5], "texture": "#0"},
				"up": {"uv": [8, 5.75, 6.75, 5.5], "texture": "#0"},
				"down": {"uv": [8, 5.75, 6.75, 6], "texture": "#0"}
			}
		},
		{
			"from": [6.5, 4.5, 7.5],
			"to": [9.5, 7.5, 11.5],
			"faces": {
				"east": {"uv": [1.25, 5.25, 2.25, 6], "texture": "#0"},
				"south": {"uv": [0.75, 6, 1.5, 6.75], "texture": "#0"},
				"west": {"uv": [2.25, 5.25, 3.25, 6], "texture": "#0"},
				"up": {"uv": [4, 6.25, 3.25, 5.25], "texture": "#0"},
				"down": {"uv": [4.75, 5.25, 4, 6.25], "texture": "#0"}
			}
		},
		{
			"from": [7, 5.5, 11.5],
			"to": [9, 7.5, 14.5],
			"faces": {
				"east": {"uv": [6.25, 2.25, 7, 2.75], "texture": "#0"},
				"south": {"uv": [7, 2.25, 7.5, 2.75], "texture": "#0"},
				"west": {"uv": [2.5, 6.25, 3.25, 6.75], "texture": "#0"},
				"up": {"uv": [6.75, 3.5, 6.25, 2.75], "texture": "#0"},
				"down": {"uv": [3.75, 6.25, 3.25, 7], "texture": "#0"}
			}
		}
	],
	"display": {
		"thirdperson_righthand": {
			"translation": [0, 3.5, 5],
			"scale": [0.5, 0.5, 0.5]
		},
		"thirdperson_lefthand": {
			"translation": [0, 3.5, 5],
			"scale": [0.5, 0.5, 0.5]
		},
		"firstperson_righthand": {
			"translation": [4.5, 2, 0]
		},
		"firstperson_lefthand": {
			"translation": [4.5, 2, 0]
		},
		"ground": {
			"scale": [0.5, 0.5, 0.5]
		},
		"gui": {
			"rotation": [35, 130, 0],
			"translation": [2.5, 5.5, 0]
		},
		"head": {
			"rotation": [-1.35, -5.72, 24.23],
			"translation": [-11.75, 15, 6.75]
		},
		"fixed": {
			"rotation": [-97.5, 0, 0],
			"translation": [0, 8, -23.5],
			"scale": [2, 2, 2]
		}
	},
	"groups": [
		{
			"name": "group",
			"origin": [8, 8, 8],
			"color": 0,
			"children": [0, 1, 2, 3, 4, 5, 6, 7, 8, 9, 10, 11, 12, 13, 14, 15, 16, 17, 18]
		}
	]
}