{
	"credit": "Made with Blockbench",
	"textures": {
		"0": "./duck"
	},
	"elements": [
		{
			"from": [3, 2, 4],
			"to": [10, 7, 13],
			"faces": {
				"north": {"uv": [1.75, 5.25, 3.5, 6.5], "texture": "#0"},
				"east": {"uv": [5.25, 0, 7.5, 1.25], "texture": "#0"},
				"south": {"uv": [3.5, 5.75, 5.25, 7], "texture": "#0"},
				"west": {"uv": [5.25, 1.25, 7.5, 2.5], "texture": "#0"},
				"up": {"uv": [6.75, 5.75, 5, 3.5], "texture": "#0"},
				"down": {"uv": [1.75, 5.25, 0, 7.5], "texture": "#0"}
			}
		},
		{
			"from": [4, 2, 3],
			"to": [4, 9, 13],
			"rotation": {"angle": -22.5, "axis": "y", "origin": [0, 0, 0]},
			"faces": {
				"north": {"uv": [0, 0, 0, 1.75], "texture": "#0"},
				"east": {"uv": [2.75, 0, 5.25, 1.75], "texture": "#0"},
				"south": {"uv": [0, 0, 0, 1.75], "texture": "#0"},
				"west": {"uv": [2.75, 1.75, 5.25, 3.5], "texture": "#0"},
				"up": {"uv": [0, 2.5, 0, 0], "texture": "#0"},
				"down": {"uv": [0, 0, 0, 2.5], "texture": "#0"}
			}
		},
		{
			"from": [8, 2, 7.5],
			"to": [8, 9, 17.5],
			"rotation": {"angle": 22.5, "axis": "y", "origin": [0, 0, 0]},
			"faces": {
				"north": {"uv": [0, 0, 0, 1.75], "texture": "#0"},
				"east": {"uv": [0, 3.5, 2.5, 5.25], "texture": "#0"},
				"south": {"uv": [0, 0, 0, 1.75], "texture": "#0"},
				"west": {"uv": [2.5, 3.5, 5, 5.25], "texture": "#0"},
				"up": {"uv": [0, 2.5, 0, 0], "texture": "#0"},
				"down": {"uv": [0, 0, 0, 2.5], "texture": "#0"}
			}
		},
		{
			"from": [4, 6, 0],
			"to": [9, 11, 5],
			"faces": {
				"north": {"uv": [5.25, 5.75, 6.5, 7], "texture": "#0"},
				"east": {"uv": [1.75, 6.5, 3, 7.75], "texture": "#0"},
				"south": {"uv": [6.5, 5.75, 7.75, 7], "texture": "#0"},
				"west": {"uv": [6.75, 2.5, 8, 3.75], "texture": "#0"},
				"up": {"uv": [8, 5, 6.75, 3.75], "texture": "#0"},
				"down": {"uv": [4.25, 7, 3, 8.25], "texture": "#0"}
			}
		},
		{
			"from": [7, 3, 12],
			"to": [7, 10, 23],
			"faces": {
				"north": {"uv": [0, 0, 0, 1.75], "texture": "#0"},
				"east": {"uv": [0, 0, 2.75, 1.75], "texture": "#0"},
				"south": {"uv": [0, 0, 0, 1.75], "texture": "#0"},
				"west": {"uv": [0, 1.75, 2.75, 3.5], "texture": "#0"},
				"up": {"uv": [0, 2.75, 0, 0], "texture": "#0"},
				"down": {"uv": [0, 0, 0, 2.75], "texture": "#0"}
			}
		},
		{
			"from": [8.25, 0, 8],
			"to": [8.25, 2, 10],
			"faces": {
				"north": {"uv": [0, 0, 0, 0.5], "texture": "#0"},
				"east": {"uv": [3.5, 5.25, 4, 5.75], "texture": "#0"},
				"south": {"uv": [0, 0, 0, 0.5], "texture": "#0"},
				"west": {"uv": [4, 5.25, 4.5, 5.75], "texture": "#0"},
				"up": {"uv": [0, 0.5, 0, 0], "texture": "#0"},
				"down": {"uv": [0, 0, 0, 0.5], "texture": "#0"}
			}
		},
		{
			"from": [4.25, 0, 8],
			"to": [4.25, 2, 10],
			"faces": {
				"north": {"uv": [0, 0, 0, 0.5], "texture": "#0"},
				"east": {"uv": [4.5, 5.25, 5, 5.75], "texture": "#0"},
				"south": {"uv": [0, 0, 0, 0.5], "texture": "#0"},
				"west": {"uv": [5.75, 2.5, 6.25, 3], "texture": "#0"},
				"up": {"uv": [0, 0.5, 0, 0], "texture": "#0"},
				"down": {"uv": [0, 0, 0, 0.5], "texture": "#0"}
			}
		},
		{
			"from": [3.75, 0, 7.25],
			"to": [5, 0, 10],
			"faces": {
				"north": {"uv": [0, 0, 0.25, 0], "texture": "#0"},
				"east": {"uv": [0, 0, 0.75, 0], "texture": "#0"},
				"south": {"uv": [0, 0, 0.25, 0], "texture": "#0"},
				"west": {"uv": [0, 0, 0.75, 0], "texture": "#0"},
				"up": {"uv": [6.5, 3.25, 6.25, 2.5], "texture": "#0"},
				"down": {"uv": [6.75, 2.5, 6.5, 3.25], "texture": "#0"}
			}
		},
		{
			"from": [7.5, 0, 7.25],
			"to": [8.75, 0, 10],
			"faces": {
				"north": {"uv": [0, 0, 0.25, 0], "texture": "#0"},
				"east": {"uv": [0, 0, 0.75, 0], "texture": "#0"},
				"south": {"uv": [0, 0, 0.25, 0], "texture": "#0"},
				"west": {"uv": [0, 0, 0.75, 0], "texture": "#0"},
				"up": {"uv": [7, 5.75, 6.75, 5], "texture": "#0"},
				"down": {"uv": [4.5, 7, 4.25, 7.75], "texture": "#0"}
			}
		},
		{
			"from": [5, 7, -1],
			"to": [8, 8.25, 1],
			"faces": {
				"north": {"uv": [5.75, 3, 6.25, 3.25], "texture": "#0"},
				"east": {"uv": [5.75, 3.25, 6.25, 3.5], "texture": "#0"},
				"south": {"uv": [6.25, 3.25, 6.75, 3.5], "texture": "#0"},
				"west": {"uv": [3, 6.5, 3.5, 6.75], "texture": "#0"},
				"up": {"uv": [5.75, 3, 5.25, 2.5], "texture": "#0"},
				"down": {"uv": [5.75, 3, 5.25, 3.5], "texture": "#0"}
			}
		},
		{
			"from": [3, 8, -0.5],
			"to": [4.75, 10, 1.25],
			"faces": {
				"north": {"uv": [7, 7, 7.5, 7.5], "texture": "#0"},
				"east": {"uv": [0, 7.5, 0.5, 8], "texture": "#0"},
				"south": {"uv": [7.5, 0, 8, 0.5], "texture": "#0"},
				"west": {"uv": [0.5, 7.5, 1, 8], "texture": "#0"},
				"up": {"uv": [8, 1, 7.5, 0.5], "texture": "#0"},
				"down": {"uv": [1.5, 7.5, 1, 8], "texture": "#0"}
			}
		},
		{
			"from": [8.25, 8, -0.5],
			"to": [10, 10, 1.25],
			"faces": {
				"north": {"uv": [4.5, 7, 5, 7.5], "texture": "#0"},
				"east": {"uv": [5, 7, 5.5, 7.5], "texture": "#0"},
				"south": {"uv": [7, 5, 7.5, 5.5], "texture": "#0"},
				"west": {"uv": [5.5, 7, 6, 7.5], "texture": "#0"},
				"up": {"uv": [6.5, 7.5, 6, 7], "texture": "#0"},
				"down": {"uv": [7, 7, 6.5, 7.5], "texture": "#0"}
			}
		}
	],
	"display": {
		"thirdperson_righthand": {
			"translation": [1.5, 5, 1.5],
			"scale": [0.58, 0.59, 0.6]
		},
		"thirdperson_lefthand": {
			"translation": [-1, 4.75, 1.25],
			"scale": [0.56, 0.57, 0.58]
		},
		"firstperson_righthand": {
			"rotation": [161.61, 48.63, -146.49],
			"translation": [5, 3.5, -6]
		},
		"firstperson_lefthand": {
			"rotation": [137.67, 50.55, -140.67],
			"translation": [3.25, 3.25, -0.75]
		},
		"ground": {
			"translation": [0, 4, 0]
		},
		"gui": {
			"rotation": [30, 135, 0],
			"translation": [-1.5, 3.25, 0]
		},
		"head": {
			"translation": [2, 14.75, -1.5]
		},
		"fixed": {
			"rotation": [-83.5, 0, 0],
			"translation": [0, 0, -14],
			"scale": [1.79, 1.81, 1.81]
		}
	}
}