{
	"credit": "Made with Blockbench",
	"texture_size": [32, 32],
	"textures": {
		"0": "./shovel",
		"particle": "./shovel"
	},
	"elements": [
		{
			"from": [6, 20.75, 7.75],
			"to": [7, 22.75, 9.75],
			"faces": {
				"north": {"uv": [11, 11, 11.5, 12], "texture": "#0"},
				"east": {"uv": [10, 7, 11, 8], "texture": "#0"},
				"south": {"uv": [3, 11.5, 3.5, 12.5], "texture": "#0"},
				"west": {"uv": [3, 10.5, 4, 11.5], "texture": "#0"},
				"up": {"uv": [4, 12.5, 3.5, 11.5], "texture": "#0"},
				"down": {"uv": [4.5, 11.5, 4, 12.5], "texture": "#0"}
			}
		},
		{
			"from": [9, 20.75, 7.75],
			"to": [10, 22.75, 9.75],
			"faces": {
				"north": {"uv": [4.5, 11.5, 5, 12.5], "texture": "#0"},
				"east": {"uv": [4, 10.5, 5, 11.5], "texture": "#0"},
				"south": {"uv": [8, 11.5, 8.5, 12.5], "texture": "#0"},
				"west": {"uv": [10, 10.5, 11, 11.5], "texture": "#0"},
				"up": {"uv": [9, 12.5, 8.5, 11.5], "texture": "#0"},
				"down": {"uv": [10.5, 11.5, 10, 12.5], "texture": "#0"}
			}
		},
		{
			"from": [5, 22.75, 7.75],
			"to": [11, 24.25, 9.75],
			"faces": {
				"north": {"uv": [7, 7, 10, 7.75], "texture": "#0"},
				"east": {"uv": [6, 11, 7, 11.75], "texture": "#0"},
				"south": {"uv": [0, 8, 3, 8.75], "texture": "#0"},
				"west": {"uv": [11, 7, 12, 7.75], "texture": "#0"},
				"up": {"uv": [9, 4, 6, 3], "texture": "#0"},
				"down": {"uv": [9, 4, 6, 5], "texture": "#0"}
			}
		},
		{
			"from": [6, 19.25, 7.75],
			"to": [10, 20.75, 9.75],
			"faces": {
				"north": {"uv": [1, 9.5, 3, 10.25], "texture": "#0"},
				"east": {"uv": [11, 8, 12, 8.75], "texture": "#0"},
				"south": {"uv": [3, 9.5, 5, 10.25], "texture": "#0"},
				"west": {"uv": [9, 11, 10, 11.75], "texture": "#0"},
				"up": {"uv": [5, 8, 3, 7], "texture": "#0"},
				"down": {"uv": [5, 8, 3, 9], "texture": "#0"}
			}
		},
		{
			"from": [7.25, 10.5, 8.25],
			"to": [8.75, 18.5, 9.25],
			"faces": {
				"north": {"uv": [5, 6, 5.75, 10], "texture": "#0"},
				"east": {"uv": [7, 8, 7.5, 12], "texture": "#0"},
				"south": {"uv": [6, 5, 6.75, 9], "texture": "#0"},
				"west": {"uv": [7.5, 8, 8, 12], "texture": "#0"},
				"up": {"uv": [12.75, 4.5, 12, 4], "texture": "#0"},
				"down": {"uv": [12.75, 4.5, 12, 5], "texture": "#0"}
			}
		},
		{
			"from": [7, 17, 7.75],
			"to": [9, 19.25, 9.75],
			"faces": {
				"north": {"uv": [8, 10, 9, 11.25], "texture": "#0"},
				"east": {"uv": [10, 9, 11, 10.25], "texture": "#0"},
				"south": {"uv": [1, 10.5, 2, 11.75], "texture": "#0"},
				"west": {"uv": [2, 10.5, 3, 11.75], "texture": "#0"},
				"up": {"uv": [1, 12, 0, 11], "texture": "#0"},
				"down": {"uv": [12, 0, 11, 1], "texture": "#0"}
			}
		},
		{
			"from": [7, 6.5, 8],
			"to": [9, 10.5, 9.5],
			"faces": {
				"north": {"uv": [8, 8, 9, 10], "texture": "#0"},
				"east": {"uv": [10, 1, 10.75, 3], "texture": "#0"},
				"south": {"uv": [0, 9, 1, 11], "texture": "#0"},
				"west": {"uv": [5, 10, 5.75, 12], "texture": "#0"},
				"up": {"uv": [12, 9.75, 11, 9], "texture": "#0"},
				"down": {"uv": [12, 10, 11, 10.75], "texture": "#0"}
			}
		},
		{
			"from": [2.5, 5, 7],
			"to": [13.5, 8.5, 9],
			"faces": {
				"north": {"uv": [0, 0, 5.75, 1.75], "texture": "#0"},
				"east": {"uv": [6, 9, 7, 10.75], "texture": "#0"},
				"south": {"uv": [0, 2, 5.75, 3.75], "texture": "#0"},
				"west": {"uv": [9, 9, 10, 10.75], "texture": "#0"},
				"up": {"uv": [5.75, 5, 0, 4], "texture": "#0"},
				"down": {"uv": [5.75, 5, 0, 6], "texture": "#0"}
			}
		},
		{
			"from": [4, 3, 7],
			"to": [12, 4, 9],
			"faces": {
				"north": {"uv": [1, 9, 5, 9.5], "texture": "#0"},
				"east": {"uv": [11, 2.5, 12, 3], "texture": "#0"},
				"south": {"uv": [9, 3, 13, 3.5], "texture": "#0"},
				"west": {"uv": [11.5, 11, 12.5, 11.5], "texture": "#0"},
				"up": {"uv": [10, 2, 6, 1], "texture": "#0"},
				"down": {"uv": [10, 2, 6, 3], "texture": "#0"}
			}
		},
		{
			"from": [3, 4, 7],
			"to": [13, 5, 9],
			"faces": {
				"north": {"uv": [7, 6, 12, 6.5], "texture": "#0"},
				"east": {"uv": [11.5, 11.5, 12.5, 12], "texture": "#0"},
				"south": {"uv": [7, 6.5, 12, 7], "texture": "#0"},
				"west": {"uv": [0, 12, 1, 12.5], "texture": "#0"},
				"up": {"uv": [5, 7, 0, 6], "texture": "#0"},
				"down": {"uv": [11, 0, 6, 1], "texture": "#0"}
			}
		},
		{
			"from": [5, 2, 7],
			"to": [11, 3, 9],
			"faces": {
				"north": {"uv": [9, 4.5, 12, 5], "texture": "#0"},
				"east": {"uv": [12, 0, 13, 0.5], "texture": "#0"},
				"south": {"uv": [10, 5, 13, 5.5], "texture": "#0"},
				"west": {"uv": [12, 0.5, 13, 1], "texture": "#0"},
				"up": {"uv": [3, 8, 0, 7], "texture": "#0"},
				"down": {"uv": [10, 5, 7, 6], "texture": "#0"}
			}
		},
		{
			"from": [6, 1, 7],
			"to": [10, 2, 9],
			"faces": {
				"north": {"uv": [10, 5.5, 12, 6], "texture": "#0"},
				"east": {"uv": [1, 12, 2, 12.5], "texture": "#0"},
				"south": {"uv": [11, 1, 13, 1.5], "texture": "#0"},
				"west": {"uv": [12, 1.5, 13, 2], "texture": "#0"},
				"up": {"uv": [11, 4.5, 9, 3.5], "texture": "#0"},
				"down": {"uv": [11, 8, 9, 9], "texture": "#0"}
			}
		},
		{
			"from": [7, 0, 7],
			"to": [9, 1, 9],
			"faces": {
				"north": {"uv": [2, 12, 3, 12.5], "texture": "#0"},
				"east": {"uv": [12, 2, 13, 2.5], "texture": "#0"},
				"south": {"uv": [12, 2.5, 13, 3], "texture": "#0"},
				"west": {"uv": [12, 3.5, 13, 4], "texture": "#0"},
				"up": {"uv": [12, 2.5, 11, 1.5], "texture": "#0"},
				"down": {"uv": [12, 3.5, 11, 4.5], "texture": "#0"}
			}
		}
	],
	"display": {
		"thirdperson_righthand": {
			"rotation": [90, 0, 0],
			"translation": [0, -0.5, -8.25],
			"scale": [0.6, 0.6, 0.6]
		},
		"thirdperson_lefthand": {
			"rotation": [90, 0, 0],
			"translation": [0, -0.5, -8.25],
			"scale": [0.6, 0.6, 0.6]
		},
		"firstperson_righthand": {
			"rotation": [160, 180, 0],
			"translation": [0, 2, 0]
		},
		"firstperson_lefthand": {
			"translation": [0, -9.25, 0.25]
		},
		"ground": {
			"rotation": [90, 0, 0],
			"scale": [0.6, 0.6, 0.6]
		},
		"gui": {
			"rotation": [-34.46, -14.32, -41.19],
			"translation": [-1.25, -2, 0],
			"scale": [0.5, 0.5, 0.5]
		},
		"head": {
			"translation": [0, 7.25, 0]
		},
		"fixed": {
			"rotation": [2, 180, 0],
			"translation": [0, -2.5, -0.75],
			"scale": [0.9, 0.9, 0.9]
		}
	},
	"groups": [
		{
			"name": "group",
			"origin": [0, 0, 0],
			"color": 0,
			"children": [0, 1, 2, 3, 4, 5, 6, 7, 8, 9, 10, 11, 12]
		}
	]
}