﻿{
	"texture_size": [32, 32],
	"textures": {
		"0": "./white_top_hat",
		"particle": "./white_top_hat"
	},
	"elements": [
		{
			"from": [2, 0, 2],
			"to": [14, 1, 14],
			"faces": {
				"north": {"uv": [0, 13.5, 6, 14], "texture": "#0"},
				"east": {"uv": [0, 13, 6, 13.5], "texture": "#0"},
				"south": {"uv": [0, 12.5, 6, 13], "texture": "#0"},
				"west": {"uv": [0, 12, 6, 12.5], "texture": "#0"},
				"up": {"uv": [6, 6, 0, 0], "texture": "#0"},
				"down": {"uv": [6, 6, 0, 12], "texture": "#0"}
			}
		},
		{
			"from": [4, 1, 4],
			"to": [12, 11, 12],
			"faces": {
				"north": {"uv": [6, 0, 10, 5], "texture": "#0"},
				"east": {"uv": [10, 0, 14, 5], "texture": "#0"},
				"south": {"uv": [6, 5, 10, 10], "texture": "#0"},
				"west": {"uv": [10, 5, 14, 10], "texture": "#0"},
				"up": {"uv": [10, 14, 6, 10], "texture": "#0"},
				"down": {"uv": [14, 10, 10, 14], "texture": "#0"}
			}
		}
	],
	"display": {
		"thirdperson_righthand": {
			"rotation": [75, 45, 0],
			"translation": [0, 2.5, 0],
			"scale": [0.375, 0.375, 0.375]
		},
		"thirdperson_lefthand": {
			"rotation": [75, 45, 0],
			"translation": [0, 2.5, 0],
			"scale": [0.375, 0.375, 0.375]
		},
		"firstperson_righthand": {
			"rotation": [0, 0, 15],
			"translation": [1.13, 3.2, 1.13],
			"scale": [0.68, 0.68, 0.68]
		},
		"firstperson_lefthand": {
			"rotation": [0, 0, 15],
			"translation": [1.13, 3.2, 1.13],
			"scale": [0.68, 0.68, 0.68]
		},
		"ground": {
			"translation": [0, 3, 0],
			"scale": [0.25, 0.25, 0.25]
		},
		"gui": {
			"rotation": [30, 225, 0],
			"translation": [0, 2.5, 0],
			"scale": [0.8, 0.8, 0.8]
		},
		"head": {
			"translation": [0, 17.75, 0],
			"scale": [1.6, 1.6, 1.6]
		},
		"fixed": {
			"translation": [0, 3, -1],
			"scale": [1.3, 1.3, 1.3]
		}
	}
}