{
	"credit": "Made with Blockbench",
	"textures": {
		"0": "./hollow_mask"
	},
	"elements": [
		{
			"from": [5, 2, 13],
			"to": [11, 4, 13.5],
			"faces": {
				"north": {"uv": [10, 4, 16, 6], "texture": "#0"},
				"east": {"uv": [9.5, 4, 10, 6], "texture": "#0"},
				"south": {"uv": [10, 6, 16, 8], "texture": "#0"},
				"west": {"uv": [9.5, 6, 10, 8], "texture": "#0"},
				"up": {"uv": [16, 3.5, 10, 3], "texture": "#0"},
				"down": {"uv": [16, 3.5, 10, 4], "texture": "#0"}
			}
		},
		{
			"from": [10.6, 2, 6],
			"to": [11, 4, 13],
			"faces": {
				"north": {"uv": [9, 8, 9.5, 10], "texture": "#0"},
				"east": {"uv": [16, 9, 10, 11], "texture": "#0"},
				"south": {"uv": [9.5, 8, 10, 10], "texture": "#0"},
				"west": {"uv": [10, 9, 16, 11], "texture": "#0"},
				"up": {"uv": [16, 9, 10, 8.5], "rotation": 90, "texture": "#0"},
				"down": {"uv": [10, 8.5, 16, 8], "rotation": 90, "texture": "#0"}
			}
		},
		{
			"from": [5, 2, 6],
			"to": [5.4, 4, 13],
			"faces": {
				"north": {"uv": [9.5, 8, 10, 10], "texture": "#0"},
				"east": {"uv": [10, 9, 16, 11], "texture": "#0"},
				"south": {"uv": [9, 8, 9.5, 10], "texture": "#0"},
				"west": {"uv": [10, 9, 16, 11], "texture": "#0"},
				"up": {"uv": [16, 8.5, 10, 8], "rotation": 90, "texture": "#0"},
				"down": {"uv": [10, 9, 16, 8.5], "rotation": 90, "texture": "#0"}
			}
		},
		{
			"from": [5, 6, 5.5],
			"to": [11, 11, 5.5],
			"faces": {
				"north": {"uv": [5, 5, 0, 10], "texture": "#0"},
				"east": {"uv": [16, 3.5, 16, 6], "texture": "#0"},
				"south": {"uv": [0, 5, 5, 10], "texture": "#0"},
				"west": {"uv": [12.5, 2.5, 12.5, 5], "texture": "#0"},
				"up": {"uv": [13.5, 6.5, 10.5, 6.5], "texture": "#0"},
				"down": {"uv": [16, 9, 13, 9], "texture": "#0"}
			}
		},
		{
			"from": [5, 0, 5],
			"to": [11, 6, 6],
			"faces": {
				"north": {"uv": [0, 11, 5, 16], "texture": "#0"},
				"east": {"uv": [11, 11, 12, 16], "texture": "#0"},
				"south": {"uv": [5, 11, 10, 16], "texture": "#0"},
				"west": {"uv": [10, 11, 11, 16], "texture": "#0"},
				"up": {"uv": [10, 11, 5, 10], "texture": "#0"},
				"down": {"uv": [5, 10, 0, 11], "texture": "#0"}
			}
		}
	],
	"display": {
		"thirdperson_righthand": {
			"translation": [0, 3, -3.5]
		},
		"thirdperson_lefthand": {
			"translation": [0, 3, -3.5]
		},
		"firstperson_righthand": {
			"translation": [0.5, 9, 0],
			"scale": [1.65625, 1.64258, 1]
		},
		"firstperson_lefthand": {
			"translation": [0.5, 8.25, 0],
			"scale": [1.46875, 1.35352, 1]
		},
		"ground": {
			"rotation": [27.1, 3.93, 16.3],
			"translation": [0, 3.75, 0]
		},
		"gui": {
			"rotation": [30, 135, 0],
			"translation": [-0.75, 4, 0]
		},
		"head": {
			"translation": [0, 12.5, -2.5],
			"scale": [2.59375, 2.44531, 1.83008]
		},
		"fixed": {
			"translation": [0, 4.5, -1.5],
			"scale": [1.90234, 1.74023, 1]
		}
	},
	"groups": [
		{
			"name": "Mask",
			"origin": [8, 8, 8],
			"color": 0,
			"nbt": "{}",
			"armAnimationEnabled": false,
			"children": [0, 1, 2, 3, 4]
		}
	]
}