{
	"credit": "Made with Blockbench",
	"texture_size": [128, 128],
	"textures": {
		"0": "./marin_helmet",
		"particle": "./marin_helmet"
	},
	"elements": [
		{
			"from": [-0.5, 10, 3],
			"to": [16.5, 14, 16],
			"faces": {
				"north": {"uv": [5.375, 1.25, 7.5, 1.75], "texture": "#0"},
				"east": {"uv": [2.75, 6, 4.375, 6.5], "texture": "#0"},
				"south": {"uv": [5.375, 1.75, 7.5, 2.25], "texture": "#0"},
				"west": {"uv": [6, 5.625, 7.625, 6.125], "texture": "#0"},
				"up": {"uv": [2.125, 1.625, 0, 0], "texture": "#0"},
				"down": {"uv": [2.125, 1.625, 0, 3.25], "texture": "#0"}
			}
		},
		{
			"from": [1.5, 14, 3],
			"to": [14.5, 15, 16],
			"faces": {
				"north": {"uv": [2.625, 6.5, 4.25, 6.625], "texture": "#0"},
				"east": {"uv": [4.625, 6.5, 6.25, 6.625], "texture": "#0"},
				"south": {"uv": [6.25, 6.5, 7.875, 6.625], "texture": "#0"},
				"west": {"uv": [2.625, 6.625, 4.25, 6.75], "texture": "#0"},
				"up": {"uv": [3.75, 1.625, 2.125, 0], "texture": "#0"},
				"down": {"uv": [3.75, 1.625, 2.125, 3.25], "texture": "#0"}
			}
		},
		{
			"from": [13.5, 2.75, 1],
			"to": [15.5, 7.5, 16.25],
			"faces": {
				"north": {"uv": [1.5, 6.5, 1.75, 7.125], "texture": "#0"},
				"east": {"uv": [0, 4.875, 1.875, 5.5], "texture": "#0"},
				"south": {"uv": [4, 6.75, 4.25, 7.375], "texture": "#0"},
				"west": {"uv": [1.875, 4.875, 3.75, 5.5], "texture": "#0"},
				"up": {"uv": [2.125, 8, 1.875, 6.125], "texture": "#0"},
				"down": {"uv": [2.375, 6.125, 2.125, 8], "texture": "#0"}
			}
		},
		{
			"from": [11, 2.5, 0.5],
			"to": [14.75, 6, 2.5],
			"faces": {
				"north": {"uv": [6.25, 4.875, 6.75, 5.375], "texture": "#0"},
				"east": {"uv": [3.375, 6.875, 3.625, 7.375], "texture": "#0"},
				"south": {"uv": [0, 6.5, 0.5, 7], "texture": "#0"},
				"west": {"uv": [3.625, 6.875, 3.875, 7.375], "texture": "#0"},
				"up": {"uv": [5.125, 7.125, 4.625, 6.875], "texture": "#0"},
				"down": {"uv": [5.625, 6.875, 5.125, 7.125], "texture": "#0"}
			}
		},
		{
			"from": [1.75, 2.5, 0.5],
			"to": [5.5, 6, 2.5],
			"faces": {
				"north": {"uv": [0.5, 6.5, 1, 7], "texture": "#0"},
				"east": {"uv": [5.625, 6.875, 5.875, 7.375], "texture": "#0"},
				"south": {"uv": [1, 6.5, 1.5, 7], "texture": "#0"},
				"west": {"uv": [5.875, 6.875, 6.125, 7.375], "texture": "#0"},
				"up": {"uv": [7.375, 7, 6.875, 6.75], "texture": "#0"},
				"down": {"uv": [0.5, 7, 0, 7.25], "texture": "#0"}
			}
		},
		{
			"from": [5, 1.25, 0],
			"to": [11.25, 6.5, 2],
			"faces": {
				"north": {"uv": [3.75, 2.625, 4.5, 3.25], "texture": "#0"},
				"east": {"uv": [6.125, 6.75, 6.375, 7.375], "texture": "#0"},
				"south": {"uv": [3.75, 4.875, 4.5, 5.5], "texture": "#0"},
				"west": {"uv": [6.375, 6.75, 6.625, 7.375], "texture": "#0"},
				"up": {"uv": [5.375, 6.875, 4.625, 6.625], "texture": "#0"},
				"down": {"uv": [6.125, 6.625, 5.375, 6.875], "texture": "#0"}
			}
		},
		{
			"from": [0.5, 2.75, 1],
			"to": [2.5, 7.5, 16.25],
			"faces": {
				"north": {"uv": [6.625, 6.75, 6.875, 7.375], "texture": "#0"},
				"east": {"uv": [5.125, 0, 7, 0.625], "texture": "#0"},
				"south": {"uv": [2.625, 6.875, 2.875, 7.5], "texture": "#0"},
				"west": {"uv": [5.125, 0.625, 7, 1.25], "texture": "#0"},
				"up": {"uv": [2.625, 8, 2.375, 6.125], "texture": "#0"},
				"down": {"uv": [4.625, 6.125, 4.375, 8], "texture": "#0"}
			}
		},
		{
			"from": [2.5, 2.75, 15.25],
			"to": [13.5, 7.5, 16.25],
			"faces": {
				"north": {"uv": [0, 5.5, 1.375, 6.125], "texture": "#0"},
				"east": {"uv": [4.5, 2.625, 4.625, 3.25], "texture": "#0"},
				"south": {"uv": [1.375, 5.5, 2.75, 6.125], "texture": "#0"},
				"west": {"uv": [4.5, 4.875, 4.625, 5.5], "texture": "#0"},
				"up": {"uv": [7.5, 6.75, 6.125, 6.625], "texture": "#0"},
				"down": {"uv": [4, 6.75, 2.625, 6.875], "texture": "#0"}
			}
		},
		{
			"from": [1.5, 4.25, 2.25],
			"to": [14.5, 11.75, 15],
			"faces": {
				"north": {"uv": [3.75, 1.625, 5.375, 2.625], "texture": "#0"},
				"east": {"uv": [4.625, 2.625, 6.25, 3.625], "texture": "#0"},
				"south": {"uv": [4.625, 3.625, 6.25, 4.625], "texture": "#0"},
				"west": {"uv": [4.625, 4.625, 6.25, 5.625], "texture": "#0"},
				"up": {"uv": [1.625, 4.875, 0, 3.25], "texture": "#0"},
				"down": {"uv": [3.25, 3.25, 1.625, 4.875], "texture": "#0"}
			}
		},
		{
			"from": [2.5, 2.75, 2.25],
			"to": [13.5, 4.75, 15.25],
			"faces": {
				"north": {"uv": [6.25, 4.375, 7.625, 4.625], "texture": "#0"},
				"east": {"uv": [6.25, 3.875, 7.875, 4.125], "texture": "#0"},
				"south": {"uv": [6.25, 4.625, 7.625, 4.875], "texture": "#0"},
				"west": {"uv": [6.25, 4.125, 7.875, 4.375], "texture": "#0"},
				"up": {"uv": [4.625, 4.875, 3.25, 3.25], "texture": "#0"},
				"down": {"uv": [5.125, 0, 3.75, 1.625], "texture": "#0"}
			}
		},
		{
			"from": [0.5, 7.5, 15],
			"to": [15.5, 10, 16],
			"faces": {
				"north": {"uv": [5.375, 2.25, 7.25, 2.625], "texture": "#0"},
				"east": {"uv": [5.125, 1.25, 5.25, 1.625], "texture": "#0"},
				"south": {"uv": [0, 6.125, 1.875, 6.5], "texture": "#0"},
				"west": {"uv": [5.25, 1.25, 5.375, 1.625], "texture": "#0"},
				"up": {"uv": [8.125, 5.5, 6.25, 5.375], "texture": "#0"},
				"down": {"uv": [8.125, 5.5, 6.25, 5.625], "texture": "#0"}
			}
		},
		{
			"from": [14.5, 7.5, 4.75],
			"to": [15.5, 10, 15],
			"faces": {
				"north": {"uv": [2.625, 6.125, 2.75, 6.5], "texture": "#0"},
				"east": {"uv": [4.625, 6.125, 5.875, 6.5], "texture": "#0"},
				"south": {"uv": [3.875, 6.875, 4, 7.25], "texture": "#0"},
				"west": {"uv": [5.875, 6.125, 7.125, 6.5], "texture": "#0"},
				"up": {"uv": [1.875, 7.75, 1.75, 6.5], "texture": "#0"},
				"down": {"uv": [4.375, 6.5, 4.25, 7.75], "texture": "#0"}
			}
		},
		{
			"from": [0.5, 7.5, 4.75],
			"to": [1.5, 10, 15],
			"faces": {
				"north": {"uv": [7, 0, 7.125, 0.375], "texture": "#0"},
				"east": {"uv": [6.25, 2.625, 7.5, 3], "texture": "#0"},
				"south": {"uv": [7, 0.375, 7.125, 0.75], "texture": "#0"},
				"west": {"uv": [6.25, 3, 7.5, 3.375], "texture": "#0"},
				"up": {"uv": [3, 8.125, 2.875, 6.875], "texture": "#0"},
				"down": {"uv": [3.125, 6.875, 3, 8.125], "texture": "#0"}
			}
		},
		{
			"from": [1.25, 10, 0.75],
			"to": [14.75, 14, 3],
			"faces": {
				"north": {"uv": [2.75, 5.5, 4.375, 6], "texture": "#0"},
				"east": {"uv": [6.75, 4.875, 7, 5.375], "texture": "#0"},
				"south": {"uv": [4.375, 5.625, 6, 6.125], "texture": "#0"},
				"west": {"uv": [3.125, 6.875, 3.375, 7.375], "texture": "#0"},
				"up": {"uv": [7.875, 3.625, 6.25, 3.375], "texture": "#0"},
				"down": {"uv": [7.875, 3.625, 6.25, 3.875], "texture": "#0"}
			}
		}
	],
	"display": {
		"thirdperson_righthand": {
			"rotation": [-13.5, 0, 0],
			"scale": [0.5, 0.5, 0.5]
		},
		"thirdperson_lefthand": {
			"rotation": [-16.25, 0, 0],
			"scale": [0.5, 0.5, 0.5]
		},
		"firstperson_righthand": {
			"rotation": [159.64, 46.17, -152.73],
			"translation": [3.25, 0.5, -4.25],
			"scale": [0.8, 0.8, 0.8]
		},
		"firstperson_lefthand": {
			"rotation": [159.64, 46.17, -152.73],
			"translation": [3.25, 0.5, -4.25],
			"scale": [0.8, 0.8, 0.8]
		},
		"ground": {
			"scale": [0.5, 0.5, 0.5]
		},
		"gui": {
			"rotation": [35, 135, 0],
			"scale": [0.5, 0.5, 0.5]
		},
		"head": {
			"translation": [0, -0.25, -1],
			"scale": [1.14141, 1.19414, 1.09648]
		},
		"fixed": {
			"rotation": [-83.5, 0, 0],
			"translation": [0, -0.5, -9.25],
			"scale": [1.5, 1.5, 1.5]
		}
	}
}