{
	"texture_size": [32, 32],
	"textures": {
		"0": "./black_chef_toque",
		"particle": "./black_chef_toque"
	},
	"elements": [
		{
			"from": [3.7, -0.3, 3.7],
			"to": [12.3, 4.3, 12.3],
			"faces": {
				"north": {"uv": [6, 10.5, 10, 12.5], "texture": "#0"},
				"east": {"uv": [10, 10.5, 14, 12.5], "texture": "#0"},
				"south": {"uv": [6, 12.5, 10, 14.5], "texture": "#0"},
				"west": {"uv": [10, 12.5, 14, 14.5], "texture": "#0"},
				"up": {"uv": [10, 4, 6, 0], "texture": "#0"},
				"down": {"uv": [10, 4, 6, 8], "texture": "#0"}
			}
		},
		{
			"from": [2, 2.85, 3.65],
			"to": [14, 7.85, 15.65],
			"rotation": {"angle": 22.5, "axis": "x", "origin": [8, 7, 8]},
			"faces": {
				"north": {"uv": [6, 8, 12, 10.5], "texture": "#0"},
				"east": {"uv": [10, 0, 16, 2.5], "texture": "#0"},
				"south": {"uv": [10, 2.5, 16, 5], "texture": "#0"},
				"west": {"uv": [10, 5, 16, 7.5], "texture": "#0"},
				"up": {"uv": [6, 6, 0, 0], "texture": "#0"},
				"down": {"uv": [6, 6, 0, 12], "texture": "#0"}
			}
		}
	],
	"display": {
		"thirdperson_righthand": {
			"rotation": [75, 45, 0],
			"translation": [0, 2.5, 0],
			"scale": [0.375, 0.375, 0.375]
		},
		"thirdperson_lefthand": {
			"rotation": [75, 45, 0],
			"translation": [0, 2.5, 0],
			"scale": [0.375, 0.375, 0.375]
		},
		"firstperson_righthand": {
			"rotation": [0, 0, 15],
			"translation": [1.13, 3.2, 1.13],
			"scale": [0.68, 0.68, 0.68]
		},
		"firstperson_lefthand": {
			"rotation": [0, 0, 15],
			"translation": [1.13, 3.2, 1.13],
			"scale": [0.68, 0.68, 0.68]
		},
		"ground": {
			"translation": [0, 3, 0],
			"scale": [0.25, 0.25, 0.25]
		},
		"gui": {
			"rotation": [30, 225, 0],
			"translation": [0.5, 2.25, 0],
			"scale": [0.8, 0.8, 0.8]
		},
		"head": {
			"translation": [0, 14.75, 0],
			"scale": [1.6, 1.6, 1.6]
		},
		"fixed": {
			"rotation": [0, 90, 0],
			"translation": [0, 4.5, -1],
			"scale": [1.3, 1.3, 1.3]
		}
	}
}