{
	"texture_size": [32, 32],
	"textures": {
		"0": "./arrow",
		"particle": "./arrow"
	},
	"elements": [
		{
			"from": [0, 0, 7],
			"to": [16, 5, 7],
			"rotation": {"angle": 0, "axis": "y", "origin": [8.5, 2.5, 7]},
			"faces": {
				"north": {"uv": [0, 0, 8, 2.5], "texture": "#0"},
				"east": {"uv": [0, 0, 1, 3], "texture": "#missing"},
				"south": {"uv": [8, 0, 0, 2.5], "texture": "#0"},
				"west": {"uv": [0, 0, 1, 3], "texture": "#missing"},
				"up": {"uv": [0, 0, 16, 1], "texture": "#missing"},
				"down": {"uv": [0, 0, 16, 1], "texture": "#missing"}
			}
		},
		{
			"from": [0, 2.5, 4.5],
			"to": [16, 2.5, 9.5],
			"rotation": {"angle": 0, "axis": "y", "origin": [8.5, 2.5, 7]},
			"faces": {
				"north": {"uv": [0, 0, 8, 0], "texture": "#missing"},
				"east": {"uv": [0, 0, 2.5, 0], "texture": "#missing"},
				"south": {"uv": [0, 0, 8, 0], "texture": "#missing"},
				"west": {"uv": [0, 0, 2.5, 0], "texture": "#missing"},
				"up": {"uv": [8, 0, 0, 2.5], "texture": "#0"},
				"down": {"uv": [8, 0, 0, 2.5], "texture": "#0"}
			}
		},
		{
			"from": [15, 0, 4.5],
			"to": [15, 5, 9.5],
			"rotation": {"angle": 0, "axis": "y", "origin": [8.5, 2.5, 7]},
			"faces": {
				"north": {"uv": [0, 0, 0, 2.5], "texture": "#missing"},
				"east": {"uv": [0, 2.5, 2.5, 5], "texture": "#0"},
				"south": {"uv": [0, 0, 0, 2.5], "texture": "#missing"},
				"west": {"uv": [0, 2.5, 2.5, 5], "texture": "#0"},
				"up": {"uv": [0, 0, 0, 2.5], "texture": "#missing"},
				"down": {"uv": [0, 0, 0, 2.5], "texture": "#missing"}
			}
		}
	],
	"display": {
		"thirdperson_righthand": {
			"rotation": [0, 0, -90],
			"translation": [4.5, -1.5, 2.5],
			"scale": [-0.9, 0.9, 0.9]
		},
		"thirdperson_lefthand": {
			"rotation": [0, 0, -90],
			"translation": [4.5, -1.5, 2.5],
			"scale": [0.9, 0.9, 0.9]
		},
		"firstperson_righthand": {
			"rotation": [0, -90, -90],
			"translation": [2.38, 3.95, 2.13],
			"scale": [0.68, 0.68, 0.68]
		},
		"firstperson_lefthand": {
			"rotation": [0, -90, -90],
			"translation": [2.38, 3.95, 2.13],
			"scale": [-0.68, 0.68, 0.68]
		},
		"ground": {
			"translation": [0, 4.5, 0],
			"scale": [0.3, 0.3, 0.3]
		},
		"gui": {
			"rotation": [30, 45, 0],
			"translation": [0, 3.5, 0],
			"scale": [0.9, 0.9, 0.9]
		},
		"head": {
			"rotation": [0, 180, 0],
			"translation": [-0.5, 8.75, -1.5],
			"scale": [1.75, 1.59, 1.59]
		},
		"fixed": {
			"rotation": [90, 0, 0],
			"translation": [-0.5, -1.75, 7.75],
			"scale": [1.5, 1.5, 1.5]
		}
	}
}