{
	"credit": "Made with Blockbench",
	"textures": {
		"0": "./bandage_girl"
	},
	"elements": [
		{
			"from": [8.5, 2.3, 6.7],
			"to": [10.5, 4.3, 6.7],
			"rotation": {"angle": 0, "axis": "y", "origin": [0, 0, 2]},
			"faces": {
				"north": {"uv": [5, 5, 7, 7], "texture": "#0"},
				"south": {"uv": [7, 5, 5, 7], "texture": "#0"}
			}
		},
		{
			"from": [5.5, 2.3, 6.7],
			"to": [7.5, 4.3, 6.7],
			"rotation": {"angle": 0, "axis": "y", "origin": [0, 0, 2]},
			"faces": {
				"north": {"uv": [3, 5, 5, 7], "texture": "#0"},
				"south": {"uv": [5, 5, 3, 7], "texture": "#0"}
			}
		},
		{
			"from": [10.9, 1, 8],
			"to": [11.9, 4, 10],
			"rotation": {"angle": 22.5, "axis": "z", "origin": [11.5, 1.5, 9]},
			"faces": {
				"north": {"uv": [2, 9.5, 3, 12], "texture": "#0"},
				"east": {"uv": [3, 9.5, 5, 12], "texture": "#0"},
				"south": {"uv": [1, 9.5, 2, 12], "texture": "#0"},
				"west": {"uv": [5, 9.5, 7, 12], "texture": "#0"},
				"down": {"uv": [1, 12, 0, 14], "texture": "#0"}
			}
		},
		{
			"from": [4.5, 1, 8],
			"to": [5.5, 4, 10],
			"rotation": {"angle": -22.5, "axis": "z", "origin": [4.5, 2.5, 9]},
			"faces": {
				"north": {"uv": [2, 7, 3, 9.5], "texture": "#0"},
				"east": {"uv": [3, 7, 5, 9.5], "texture": "#0"},
				"south": {"uv": [1, 7, 2, 9.5], "texture": "#0"},
				"west": {"uv": [5, 7, 7, 9.5], "texture": "#0"},
				"down": {"uv": [1, 14, 0, 16], "texture": "#0"}
			}
		},
		{
			"from": [5, 0, 7],
			"to": [11, 6, 11],
			"rotation": {"angle": 0, "axis": "y", "origin": [0, 0, 2]},
			"faces": {
				"north": {"uv": [11.5, 12, 16, 16], "texture": "#0"},
				"east": {"uv": [1, 12, 4, 16], "texture": "#0"},
				"south": {"uv": [7, 12, 11.5, 16], "texture": "#0"},
				"west": {"uv": [4, 12, 7, 16], "texture": "#0"},
				"up": {"uv": [11.5, 12, 7, 9], "texture": "#0"},
				"down": {"uv": [16, 9, 11.5, 12], "texture": "#0"}
			}
		},
		{
			"from": [4, 0, 5],
			"to": [6, 2, 8],
			"rotation": {"angle": 22.5, "axis": "y", "origin": [5, 1, 5.5]},
			"faces": {
				"north": {"uv": [7, 7, 9, 9], "texture": "#0"},
				"east": {"uv": [12.5, 5, 16, 7], "texture": "#0"},
				"west": {"uv": [12.5, 1, 16, 3], "texture": "#0"},
				"up": {"uv": [12.5, 7, 16, 9], "rotation": 90, "texture": "#0"},
				"down": {"uv": [16, 3, 12.5, 5], "rotation": 90, "texture": "#0"}
			}
		},
		{
			"from": [10, 0, 5],
			"to": [12, 2, 8],
			"rotation": {"angle": -22.5, "axis": "y", "origin": [11, 1, 5.5]},
			"faces": {
				"north": {"uv": [7, 5, 9, 7], "texture": "#0"},
				"east": {"uv": [9, 5, 12.5, 7], "texture": "#0"},
				"west": {"uv": [9, 7, 12.5, 9], "texture": "#0"},
				"up": {"uv": [12.5, 3, 9, 1], "rotation": 90, "texture": "#0"},
				"down": {"uv": [9, 3, 12.5, 5], "rotation": 90, "texture": "#0"}
			}
		},
		{
			"from": [4, 6, 6],
			"to": [6, 6, 8],
			"rotation": {"angle": -45, "axis": "x", "origin": [5, 6, 7]},
			"faces": {
				"up": {"uv": [4.5, 0.5, 9, 5], "rotation": 90, "texture": "#0"},
				"down": {"uv": [4.5, 0.5, 9, 5], "rotation": 90, "texture": "#0"}
			}
		}
	],
	"display": {
		"thirdperson_righthand": {
			"rotation": [0, 132, 0],
			"translation": [0.75, 8, 0]
		},
		"thirdperson_lefthand": {
			"rotation": [0, 132, 0],
			"translation": [0.75, 8, 0]
		},
		"firstperson_righthand": {
			"rotation": [0, 132, 0],
			"translation": [0, 8, 0]
		},
		"firstperson_lefthand": {
			"rotation": [0, 132, 0],
			"translation": [0, 8, 0]
		},
		"ground": {
			"translation": [0, 4.25, 0]
		},
		"gui": {
			"rotation": [30, 130, 0],
			"translation": [0, 6.5, 0],
			"scale": [1.5, 1.5, 1.5]
		},
		"head": {
			"translation": [0, 18.25, 0.75],
			"scale": [1.5, 1.5, 1.5]
		},
		"fixed": {
			"rotation": [-90, 0, 0],
			"translation": [0, 0, -24],
			"scale": [3, 3, 3]
		}
	},
	"groups": [
		{
			"name": "group",
			"origin": [11, 1, 3.5],
			"color": 0,
			"nbt": "{}",
			"armAnimationEnabled": false,
			"children": [0, 1, 2, 3, 4, 5, 6, 7]
		}
	]
}