{
	"credit": "Made with Blockbench",
	"texture_size": [128, 128],
	"textures": {
		"0": "./green_knight",
		"particle": "./green_knight"
	},
	"elements": [
		{
			"from": [3.75, 4, 2],
			"to": [16.5, 19.5, 15.25],
			"rotation": {"angle": 0, "axis": "y", "origin": [10, 12, 9]},
			"faces": {
				"north": {"uv": [1.6875, 1.9375, 3.3125, 3.875], "texture": "#0"},
				"east": {"uv": [0, 0, 1.6875, 1.9375], "texture": "#0"},
				"south": {"uv": [1.6875, 0, 3.3125, 1.9375], "texture": "#0"},
				"west": {"uv": [0, 1.9375, 1.6875, 3.875], "texture": "#0"},
				"up": {"uv": [5, 1.625, 3.3125, 0], "rotation": 90, "texture": "#0"},
				"down": {"uv": [5, 1.625, 3.3125, 3.25], "rotation": 270, "texture": "#0"}
			}
		},
		{
			"from": [6.75, 4, 1],
			"to": [13.5, 18.25, 2.5],
			"rotation": {"angle": 0, "axis": "y", "origin": [10, 12, 9]},
			"faces": {
				"north": {"uv": [0, 3.875, 0.875, 5.6875], "texture": "#0"},
				"east": {"uv": [2.625, 3.875, 2.8125, 5.6875], "texture": "#0"},
				"south": {"uv": [3.375, 4, 4.25, 5.8125], "texture": "#0"},
				"west": {"uv": [4.25, 4, 4.4375, 5.8125], "texture": "#0"},
				"up": {"uv": [1.1875, 5.5, 1, 4.625], "rotation": 90, "texture": "#0"},
				"down": {"uv": [1.375, 4.625, 1.1875, 5.5], "rotation": 270, "texture": "#0"}
			}
		},
		{
			"from": [13.5, 8.75, 1],
			"to": [16.5, 13.75, 2],
			"rotation": {"angle": 0, "axis": "y", "origin": [10, 12, 9]},
			"faces": {
				"north": {"uv": [5, 0.75, 5.375, 1.375], "texture": "#0"},
				"east": {"uv": [2.25, 3.875, 2.375, 4.5], "texture": "#0"},
				"south": {"uv": [5.5, 0, 5.875, 0.625], "texture": "#0"},
				"west": {"uv": [2.375, 3.875, 2.5, 4.5], "texture": "#0"},
				"up": {"uv": [2.625, 4.25, 2.5, 3.875], "rotation": 90, "texture": "#0"},
				"down": {"uv": [1, 4.625, 0.875, 5], "rotation": 270, "texture": "#0"}
			}
		},
		{
			"from": [11.05437, 9.34598, 0.5],
			"to": [14.30437, 10.84598, 2],
			"rotation": {"angle": 22.5, "axis": "z", "origin": [10, 12, 9]},
			"faces": {
				"north": {"uv": [5.875, 0.125, 6.3125, 0.25], "texture": "#0"},
				"east": {"uv": [5.875, 0.5, 6.0625, 0.625], "texture": "#0"},
				"south": {"uv": [5.875, 0, 6.3125, 0.125], "texture": "#0"},
				"west": {"uv": [5.875, 0.625, 6.0625, 0.75], "texture": "#0"},
				"up": {"uv": [3, 4.3125, 2.8125, 3.875], "rotation": 90, "texture": "#0"},
				"down": {"uv": [3.1875, 3.875, 3, 4.3125], "rotation": 270, "texture": "#0"}
			}
		},
		{
			"from": [5.9266, 9.34165, 0.5],
			"to": [9.1766, 10.84165, 2],
			"rotation": {"angle": -22.5, "axis": "z", "origin": [10, 12, 9]},
			"faces": {
				"north": {"uv": [5.6875, 0.625, 5.5, 1.0625], "rotation": 90, "texture": "#0"},
				"east": {"uv": [0.125, 5.6875, 0.3125, 5.8125], "rotation": 270, "texture": "#0"},
				"south": {"uv": [3.375, 4.4375, 3.1875, 4], "rotation": 90, "texture": "#0"},
				"west": {"uv": [6.3125, 0, 6.5, 0.125], "rotation": 90, "texture": "#0"},
				"up": {"uv": [5.875, 0.375, 6.3125, 0.5], "rotation": 180, "texture": "#0"},
				"down": {"uv": [5.875, 0.25, 6.3125, 0.375], "texture": "#0"}
			}
		},
		{
			"from": [3.75, 8.75, 1],
			"to": [6.75, 13.75, 2],
			"rotation": {"angle": 0, "axis": "y", "origin": [10, 12, 9]},
			"faces": {
				"north": {"uv": [1.875, 3.875, 2.25, 4.5], "texture": "#0"},
				"east": {"uv": [1.75, 3.875, 1.875, 4.5], "texture": "#0"},
				"south": {"uv": [1.375, 3.875, 1.75, 4.5], "texture": "#0"},
				"west": {"uv": [2.5, 4.5, 2.625, 5.125], "texture": "#0"},
				"up": {"uv": [1.5, 4.875, 1.375, 4.5], "rotation": 90, "texture": "#0"},
				"down": {"uv": [0.125, 5.6875, 0, 6.0625], "rotation": 270, "texture": "#0"}
			}
		},
		{
			"from": [3, 8.75, 6.5],
			"to": [6.75, 14.5, 11.75],
			"rotation": {"angle": 0, "axis": "y", "origin": [10, 12, 9]},
			"faces": {
				"north": {"uv": [4.4375, 4, 4.9375, 4.75], "texture": "#0"},
				"east": {"uv": [3.3125, 3.25, 4, 4], "texture": "#0"},
				"south": {"uv": [0.875, 3.875, 1.375, 4.625], "texture": "#0"},
				"west": {"uv": [4, 3.25, 4.6875, 4], "texture": "#0"},
				"up": {"uv": [5.6875, 3.25, 5, 2.75], "rotation": 90, "texture": "#0"},
				"down": {"uv": [5.6875, 2.25, 5, 2.75], "rotation": 270, "texture": "#0"}
			}
		},
		{
			"from": [14, 8.75, 6.5],
			"to": [17.75, 14.5, 11.75],
			"rotation": {"angle": 0, "axis": "y", "origin": [10, 12, 9]},
			"faces": {
				"north": {"uv": [5, 0, 5.5, 0.75], "texture": "#0"},
				"east": {"uv": [1.5, 4.5, 2.1875, 5.25], "texture": "#0"},
				"south": {"uv": [4.9375, 4, 5.4375, 4.75], "texture": "#0"},
				"west": {"uv": [4.6875, 3.25, 5.375, 4], "texture": "#0"},
				"up": {"uv": [5.125, 5.25, 4.4375, 4.75], "rotation": 90, "texture": "#0"},
				"down": {"uv": [5.125, 5.25, 4.4375, 5.75], "rotation": 270, "texture": "#0"}
			}
		},
		{
			"name": "cube inverted",
			"from": [16.75, 19.75, 15.75],
			"to": [3.5, 3.75, 1.75],
			"rotation": {"angle": 0, "axis": "y", "origin": [10, 12, 9]},
			"faces": {
				"north": {"uv": [11.125, 2.3125, 12.8125, 4.3125], "texture": "#0"},
				"east": {"uv": [10.875, 2.25, 12.625, 4.25], "texture": "#0"},
				"south": {"uv": [11.5625, 2.1875, 13.25, 4.1875], "texture": "#0"},
				"west": {"uv": [10.875, 2.375, 12.625, 4.375], "texture": "#0"},
				"up": {"uv": [13.625, 4.3125, 11.875, 2.625], "rotation": 90, "texture": "#0"},
				"down": {"uv": [13.3125, 2.6875, 11.5625, 4.375], "rotation": 270, "texture": "#0"}
			}
		},
		{
			"name": "cube inverted",
			"from": [6.75, 14.75, 12],
			"to": [2.75, 8.5, 6.25],
			"rotation": {"angle": 0, "axis": "y", "origin": [10, 12, 9]},
			"faces": {
				"north": {"uv": [12.8125, 3.4375, 13.3125, 4.25], "texture": "#0"},
				"south": {"uv": [12.6875, 2.75, 13.1875, 3.5625], "texture": "#0"},
				"up": {"uv": [13.375, 2.6875, 12.625, 2.1875], "rotation": 90, "texture": "#0"},
				"down": {"uv": [13.625, 2.4375, 12.875, 2.9375], "rotation": 270, "texture": "#0"}
			}
		},
		{
			"name": "cube inverted",
			"from": [18, 14.75, 12],
			"to": [14, 8.5, 6.25],
			"rotation": {"angle": 0, "axis": "y", "origin": [10, 12, 9]},
			"faces": {
				"north": {"uv": [12.75, 2.625, 13.25, 3.4375], "texture": "#0"},
				"east": {"uv": [11.75, 3.875, 12.5, 4.6875], "texture": "#0"},
				"south": {"uv": [12.875, 3.125, 13.375, 3.9375], "texture": "#0"},
				"west": {"uv": [13, 2.1875, 13.75, 3], "texture": "#0"},
				"up": {"uv": [13.5, 3.25, 12.75, 2.75], "rotation": 90, "texture": "#0"},
				"down": {"uv": [12.8125, 3.375, 12.0625, 3.875], "rotation": 270, "texture": "#0"}
			}
		},
		{
			"name": "cube inverted",
			"from": [13.75, 18.5, 2.5],
			"to": [6.5, 3.75, 0.75],
			"rotation": {"angle": 0, "axis": "y", "origin": [10, 12, 9]},
			"faces": {
				"north": {"uv": [12.3125, 1.625, 13.25, 3.5], "texture": "#0"},
				"east": {"uv": [12.875, 4.875, 13.125, 6.75], "texture": "#0"},
				"south": {"uv": [12.6875, 1.6875, 13.625, 3.5625], "texture": "#0"},
				"west": {"uv": [12.75, 4.875, 13, 6.75], "texture": "#0"},
				"up": {"uv": [11.75, 3.4375, 11.5, 2.5], "rotation": 90, "texture": "#0"},
				"down": {"uv": [12.625, 3.375, 12.375, 4.3125], "rotation": 270, "texture": "#0"}
			}
		},
		{
			"name": "cube inverted",
			"from": [16.75, 14, 2.1],
			"to": [13.25, 8.5, 0.85],
			"rotation": {"angle": 0, "axis": "y", "origin": [10, 12, 9]},
			"faces": {
				"north": {"uv": [11.5625, 3.3125, 12, 4], "texture": "#0"},
				"south": {"uv": [11.75, 3, 12.1875, 3.6875], "texture": "#0"},
				"west": {"uv": [12.875, 3.0625, 13.0625, 3.75], "texture": "#0"},
				"up": {"uv": [12.875, 4.1875, 12.6875, 3.75], "rotation": 90, "texture": "#0"},
				"down": {"uv": [11.5625, 2.375, 11.375, 2.8125], "rotation": 270, "texture": "#0"}
			}
		},
		{
			"name": "cube inverted",
			"from": [6.75, 14, 2.1],
			"to": [3.25, 8.5, 0.85],
			"rotation": {"angle": 0, "axis": "y", "origin": [10, 12, 9]},
			"faces": {
				"north": {"uv": [13, 3.9375, 13.4375, 4.625], "texture": "#0"},
				"east": {"uv": [11.9375, 3.5, 12.125, 4.1875], "texture": "#0"},
				"south": {"uv": [12.5625, 4.0625, 13, 4.75], "texture": "#0"},
				"up": {"uv": [12.625, 4, 12.4375, 3.5625], "rotation": 90, "texture": "#0"},
				"down": {"uv": [12.375, 4.3125, 12.1875, 4.75], "rotation": 270, "texture": "#0"}
			}
		},
		{
			"name": "cube inverted",
			"from": [13.75, 18.5, 2.75],
			"to": [6.5, 14, 0.75],
			"rotation": {"angle": 0, "axis": "y", "origin": [10, 12, 9]},
			"faces": {
				"north": {"uv": [3.375, 5.8125, 4.25, 4], "texture": "#0"},
				"east": {"uv": [13.375, 5.0625, 13.5625, 3.25], "texture": "#0"},
				"south": {"uv": [12.1875, 3.875, 13.0625, 2.0625], "texture": "#0"},
				"west": {"uv": [13.375, 5, 13.5625, 3.1875], "texture": "#0"},
				"up": {"uv": [1.1875, 4.625, 1.375, 5.5], "rotation": 90, "texture": "#0"},
				"down": {"uv": [13.6875, 3, 13.875, 2.125], "rotation": 270, "texture": "#0"}
			}
		}
	],
	"display": {
		"thirdperson_righthand": {
			"translation": [0, -0.75, 0],
			"scale": [0.5, 0.5, 0.5]
		},
		"thirdperson_lefthand": {
			"translation": [0, -0.75, 0],
			"scale": [0.5, 0.5, 0.5]
		},
		"firstperson_righthand": {
			"rotation": [-180, 60.75, -180],
			"translation": [6.75, 0, -3.75]
		},
		"firstperson_lefthand": {
			"rotation": [-180, 60.75, -180],
			"translation": [6.75, 0, -7.5]
		},
		"ground": {
			"scale": [0.5, 0.5, 0.5]
		},
		"gui": {
			"rotation": [35, 130, 0],
			"translation": [0.75, -3, 0],
			"scale": [0.7, 0.7, 0.7]
		},
		"head": {
			"translation": [-2.5, -1.75, -1],
			"scale": [1.19, 1.19, 1.19]
		},
		"fixed": {
			"rotation": [-90, 0, 0],
			"translation": [-3.5, 0, -6.5],
			"scale": [1.53125, 1.53125, 1.53125]
		}
	}
}