{
	"credit": "Made with Blockbench",
	"textures": {
		"0": "./purple_hat"
	},
	"elements": [
		{
			"from": [3, 4, 3],
			"to": [13, 5, 13],
			"faces": {
				"north": {"uv": [5.5, 10, 11, 10.5], "texture": "#0"},
				"east": {"uv": [5.5, 10.5, 11, 11], "texture": "#0"},
				"south": {"uv": [5.5, 9.5, 11, 10], "texture": "#0"},
				"west": {"uv": [5.5, 11, 11, 11.5], "texture": "#0"},
				"up": {"uv": [5.5, 6, 0, 0.5], "texture": "#0"},
				"down": {"uv": [5.5, 6, 0, 11.5], "texture": "#0"}
			}
		},
		{
			"from": [4.5, 5, 4.6],
			"to": [11.5, 13, 11.6],
			"faces": {
				"north": {"uv": [4, 11.5, 8, 16], "texture": "#0"},
				"east": {"uv": [8, 11.5, 12, 16], "texture": "#0"},
				"south": {"uv": [0, 11.5, 4, 16], "texture": "#0"},
				"west": {"uv": [12, 11.5, 16, 16], "texture": "#0"},
				"up": {"uv": [16, 11.5, 12, 7.5], "texture": "#0"},
				"down": {"uv": [16, 0, 16, 0], "texture": "#0"}
			}
		},
		{
			"from": [8.4, 9.5, 4],
			"to": [12.4, 13.5, 4],
			"rotation": {"angle": 22.5, "axis": "z", "origin": [10, 11, 4]},
			"faces": {
				"north": {"uv": [5.5, 5, 10, 9.5], "texture": "#0"},
				"east": {"uv": [16, 0, 16, 0], "texture": "#0"},
				"south": {"uv": [10, 5, 5.5, 9.5], "texture": "#0"},
				"west": {"uv": [16, 0, 16, 0], "texture": "#0"},
				"up": {"uv": [16, 0, 16, 0], "texture": "#0"},
				"down": {"uv": [16, 0, 16, 0], "texture": "#0"}
			}
		}
	],
	"display": {
		"thirdperson_righthand": {
			"rotation": [51, 0, 0],
			"translation": [0, 1, 0]
		},
		"thirdperson_lefthand": {
			"rotation": [51, 0, 0],
			"translation": [0, 1, 0]
		},
		"firstperson_righthand": {
			"rotation": [-173.25, 72.75, -180],
			"translation": [1, 4, 0]
		},
		"firstperson_lefthand": {
			"rotation": [-173.25, 72.75, -180],
			"translation": [1, 4, 0]
		},
		"gui": {
			"rotation": [35, 135, 0]
		},
		"head": {
			"translation": [0, 12.75, 0],
			"scale": [1.64844, 1.70117, 1.86328]
		},
		"fixed": {
			"rotation": [-90, 0, 0],
			"translation": [0, 0, -10.75],
			"scale": [3.08203, 3.01563, 3.06445]
		}
	}
}