{
	"credit": "Made with Blockbench",
	"textures": {
		"0": "./doom_helmet"
	},
	"elements": [
		{
			"from": [3.5, 0, 2],
			"to": [12.5, 3, 3],
			"faces": {
				"north": {"uv": [1.75, 14.75, 4.75, 16], "texture": "#0"},
				"east": {"uv": [16, 0, 16, 0], "texture": "#0"},
				"south": {"uv": [1.75, 14.75, 4.75, 16], "texture": "#0"},
				"west": {"uv": [16, 0, 16, 0], "texture": "#0"},
				"up": {"uv": [4.75, 14.5, 1.75, 14.25], "texture": "#0"},
				"down": {"uv": [4.75, 14.5, 1.75, 14.75], "texture": "#0"}
			}
		},
		{
			"from": [2.05, 0.5, 0.85],
			"to": [2.55, 2.5, 2.85],
			"rotation": {"angle": 0, "axis": "y", "origin": [1.5, 1.5, 1.75]},
			"faces": {
				"north": {"uv": [1.25, 14.75, 1.5, 16], "texture": "#0"},
				"east": {"uv": [1.25, 14.75, 0, 16], "texture": "#0"},
				"south": {"uv": [1.5, 14.75, 1.75, 16], "texture": "#0"},
				"west": {"uv": [1.25, 14.75, 0, 16], "texture": "#0"},
				"up": {"uv": [1.25, 14.5, 0, 14.25], "rotation": 270, "texture": "#0"},
				"down": {"uv": [1.25, 14.5, 0, 14.75], "rotation": 90, "texture": "#0"}
			}
		},
		{
			"from": [13.45, 0.5, 0.85],
			"to": [13.95, 2.5, 2.85],
			"rotation": {"angle": 0, "axis": "y", "origin": [11.5, 1.5, 1.75]},
			"faces": {
				"north": {"uv": [1.25, 14.75, 1.5, 16], "texture": "#0"},
				"east": {"uv": [0, 14.75, 1.25, 16], "texture": "#0"},
				"south": {"uv": [1.5, 14.75, 1.75, 16], "texture": "#0"},
				"west": {"uv": [0, 14.75, 1.25, 16], "texture": "#0"},
				"up": {"uv": [1.25, 14.75, 0, 14.5], "rotation": 90, "texture": "#0"},
				"down": {"uv": [1.25, 14.25, 0, 14.5], "rotation": 270, "texture": "#0"}
			}
		},
		{
			"from": [3.5, 0, 12],
			"to": [12.5, 10, 13],
			"faces": {
				"north": {"uv": [10.75, 12.75, 13, 16], "texture": "#0"},
				"east": {"uv": [1.5, 8, 1.75, 10.5], "texture": "#0"},
				"south": {"uv": [10.75, 12.75, 13, 16], "texture": "#0"},
				"west": {"uv": [1.75, 8, 2, 10.5], "texture": "#0"},
				"up": {"uv": [13, 12.5, 10.75, 12.25], "texture": "#0"},
				"down": {"uv": [13, 12.5, 10.75, 12.75], "texture": "#0"}
			}
		},
		{
			"from": [2.5, 0, 2],
			"to": [3.5, 3, 13],
			"faces": {
				"north": {"uv": [8, 14.75, 8.25, 16], "texture": "#0"},
				"east": {"uv": [4.75, 14.75, 8, 16], "texture": "#0"},
				"south": {"uv": [8.25, 14.75, 8.5, 16], "texture": "#0"},
				"west": {"uv": [4.75, 14.75, 8, 16], "texture": "#0"},
				"up": {"uv": [8, 14.5, 4.75, 14.25], "rotation": 90, "texture": "#0"},
				"down": {"uv": [4.75, 14.75, 8, 14.5], "rotation": 90, "texture": "#0"}
			}
		},
		{
			"from": [12.5, 0, 2],
			"to": [13.5, 3, 13],
			"faces": {
				"north": {"uv": [8, 14.75, 8.25, 16], "texture": "#0"},
				"east": {"uv": [8, 14.75, 4.75, 16], "texture": "#0"},
				"south": {"uv": [8.25, 14.75, 8.5, 16], "texture": "#0"},
				"west": {"uv": [4.75, 14.75, 8, 16], "texture": "#0"},
				"up": {"uv": [8, 14.5, 4.75, 14.25], "rotation": 90, "texture": "#0"},
				"down": {"uv": [4.75, 14.75, 8, 14.5], "rotation": 90, "texture": "#0"}
			}
		},
		{
			"from": [12.5, 3, 7],
			"to": [13.5, 10, 13],
			"faces": {
				"north": {"uv": [10.5, 13.5, 10.75, 16], "texture": "#0"},
				"east": {"uv": [8.5, 13.5, 10.25, 16], "texture": "#0"},
				"south": {"uv": [10.25, 13.5, 10.5, 16], "texture": "#0"},
				"west": {"uv": [8.5, 13.5, 10.25, 16], "texture": "#0"},
				"up": {"uv": [10, 13.5, 8.5, 13.25], "rotation": 90, "texture": "#0"},
				"down": {"uv": [16, 0, 16, 0], "texture": "#0"}
			}
		},
		{
			"from": [2.5, 3, 7],
			"to": [3.5, 10, 13],
			"faces": {
				"north": {"uv": [10.5, 13.5, 10.75, 16], "texture": "#0"},
				"east": {"uv": [8.5, 13.5, 10.25, 16], "texture": "#0"},
				"south": {"uv": [10.25, 13.5, 10.5, 16], "texture": "#0"},
				"west": {"uv": [10.25, 13.5, 8.5, 16], "texture": "#0"},
				"up": {"uv": [10.25, 13.5, 8.5, 13.25], "rotation": 90, "texture": "#0"},
				"down": {"uv": [16, 0, 16, 0], "texture": "#0"}
			}
		},
		{
			"from": [2.5, 8, 2],
			"to": [3.5, 10, 7],
			"faces": {
				"north": {"uv": [15, 15.25, 15.25, 16], "texture": "#0"},
				"east": {"uv": [13.25, 15.25, 15, 16], "texture": "#0"},
				"south": {"uv": [16, 0, 16, 0], "texture": "#0"},
				"west": {"uv": [15, 15.25, 13.25, 16], "texture": "#0"},
				"up": {"uv": [15, 15, 13.25, 14.75], "rotation": 90, "texture": "#0"},
				"down": {"uv": [13.25, 15.25, 15, 15], "rotation": 90, "texture": "#0"}
			}
		},
		{
			"from": [12.5, 8, 2],
			"to": [13.5, 10, 7],
			"faces": {
				"north": {"uv": [15, 15.25, 15.25, 16], "texture": "#0"},
				"east": {"uv": [13.25, 15.25, 15, 16], "texture": "#0"},
				"south": {"uv": [16, 0, 16, 0], "texture": "#0"},
				"west": {"uv": [13.25, 15.25, 15, 16], "texture": "#0"},
				"up": {"uv": [15, 15, 13.25, 14.75], "rotation": 90, "texture": "#0"},
				"down": {"uv": [13.25, 15.25, 15, 15], "rotation": 90, "texture": "#0"}
			}
		},
		{
			"from": [3.5, 8, 2],
			"to": [12.5, 10, 3],
			"faces": {
				"north": {"uv": [13, 14.75, 16, 14], "texture": "#0"},
				"east": {"uv": [16, 0, 16, 0], "texture": "#0"},
				"south": {"uv": [13, 14, 16, 14.75], "texture": "#0"},
				"west": {"uv": [16, 0, 16, 0], "texture": "#0"},
				"up": {"uv": [16, 14, 13.325, 13.65], "texture": "#0"},
				"down": {"uv": [16, 13.4, 13.35, 13.65], "texture": "#0"}
			}
		},
		{
			"from": [3, 3, 2.5],
			"to": [3, 8, 7],
			"faces": {
				"north": {"uv": [16, 0, 16, 0], "texture": "#0"},
				"east": {"uv": [16, 0, 16, 0], "texture": "#0"},
				"south": {"uv": [16, 0, 16, 0], "texture": "#0"},
				"west": {"uv": [4.5, 13, 5.75, 14.25], "texture": "#0"},
				"up": {"uv": [16, 0, 16, 0], "texture": "#0"},
				"down": {"uv": [16, 0, 16, 0], "texture": "#0"}
			}
		},
		{
			"from": [3, 3, 2.5],
			"to": [13, 8, 2.5],
			"faces": {
				"north": {"uv": [2, 13, 4.5, 14.25], "texture": "#0"},
				"east": {"uv": [16, 0, 16, 0], "texture": "#0"},
				"south": {"uv": [16, 0, 16, 0], "texture": "#0"},
				"west": {"uv": [16, 0, 16, 0], "texture": "#0"},
				"up": {"uv": [16, 0, 16, 0], "texture": "#0"},
				"down": {"uv": [16, 0, 16, 0], "texture": "#0"}
			}
		},
		{
			"from": [13, 3, 2.5],
			"to": [13, 8, 7],
			"faces": {
				"north": {"uv": [16, 0, 16, 0], "texture": "#0"},
				"east": {"uv": [0.75, 13, 2, 14.25], "texture": "#0"},
				"south": {"uv": [16, 0, 16, 0], "texture": "#0"},
				"west": {"uv": [16, 0, 16, 0], "texture": "#0"},
				"up": {"uv": [16, 0, 16, 0], "texture": "#0"},
				"down": {"uv": [16, 0, 16, 0], "texture": "#0"}
			}
		},
		{
			"from": [3.5, 9, 3],
			"to": [12.5, 10, 12],
			"faces": {
				"north": {"uv": [16, 0, 16, 0], "texture": "#0"},
				"east": {"uv": [16, 0, 16, 0], "texture": "#0"},
				"south": {"uv": [16, 0, 16, 0], "texture": "#0"},
				"west": {"uv": [16, 0, 16, 0], "texture": "#0"},
				"up": {"uv": [4.25, 13, 2, 10.75], "texture": "#0"},
				"down": {"uv": [4.25, 10.75, 2, 13], "texture": "#0"}
			}
		},
		{
			"from": [5.5, 10, 4],
			"to": [10.5, 11, 11],
			"faces": {
				"north": {"uv": [11, 9.75, 12.5, 10], "texture": "#0"},
				"east": {"uv": [10.75, 10, 11, 12], "rotation": 90, "texture": "#0"},
				"south": {"uv": [11, 12, 12.5, 12.25], "texture": "#0"},
				"west": {"uv": [12.5, 10, 12.75, 12], "rotation": 90, "texture": "#0"},
				"up": {"uv": [12.5, 12, 11, 10], "texture": "#0"},
				"down": {"uv": [16, 0, 16, 0], "texture": "#0"}
			}
		}
	],
	"display": {
		"thirdperson_righthand": {
			"rotation": [69.25, 0, 0],
			"translation": [0, 1.25, 2.5],
			"scale": [0.5, 0.5, 0.5]
		},
		"thirdperson_lefthand": {
			"rotation": [69.25, 0, 0],
			"translation": [0, 1.25, 2.5],
			"scale": [0.5, 0.5, 0.5]
		},
		"firstperson_righthand": {
			"rotation": [165.5, 52.75, -180],
			"translation": [3, 7.25, -0.25]
		},
		"firstperson_lefthand": {
			"rotation": [165.5, 52.75, -180],
			"translation": [2.5, 7.25, 0.25]
		},
		"ground": {
			"translation": [0, 4.25, 0]
		},
		"gui": {
			"rotation": [30, 135, 0],
			"translation": [0.5, 2, 0],
			"scale": [0.5, 0.5, 0.5]
		},
		"head": {
			"translation": [0, 4.25, 0.5],
			"scale": [1.46289, 1.49023, 1.54883]
		},
		"fixed": {
			"rotation": [-90, 0, 0],
			"translation": [0, 2.5, -21.25],
			"scale": [2.39453, 2.7207, 2.65234]
		}
	},
	"groups": [
		{
			"name": "helmet",
			"origin": [0, 0, 0],
			"color": 0,
			"children": [0, 1, 2, 3, 4, 5, 6, 7, 8, 9, 10, 11, 12, 13, 14, 15]
		}
	]
}