{
	"credit": "Made with Blockbench",
	"textures": {
		"0": "./long_axe"
	},
	"elements": [
		{
			"from": [8, 0, 8],
			"to": [10, 29, 10],
			"faces": {
				"north": {"uv": [0, 2.5, 0.5, 9.75], "texture": "#0"},
				"east": {"uv": [0.5, 2.5, 1, 9.75], "texture": "#0"},
				"south": {"uv": [1, 2.5, 1.5, 9.75], "texture": "#0"},
				"west": {"uv": [1.5, 2.5, 2, 9.75], "texture": "#0"},
				"up": {"uv": [2.5, 3, 2, 2.5], "texture": "#0"},
				"down": {"uv": [3, 2.5, 2.5, 3], "texture": "#0"}
			}
		},
		{
			"from": [8, 30, 8],
			"to": [10, 32, 10],
			"faces": {
				"north": {"uv": [2, 3, 2.5, 3.5], "texture": "#0"},
				"east": {"uv": [2.5, 3, 3, 3.5], "texture": "#0"},
				"south": {"uv": [3, 2.5, 3.5, 3], "texture": "#0"},
				"west": {"uv": [3, 3, 3.5, 3.5], "texture": "#0"},
				"up": {"uv": [2.5, 4, 2, 3.5], "texture": "#0"},
				"down": {"uv": [3, 3.5, 2.5, 4], "texture": "#0"}
			}
		},
		{
			"from": [9, 19, 10],
			"to": [9, 29, 23],
			"faces": {
				"north": {"uv": [0, 0, 0, 2.5], "texture": "#0"},
				"east": {"uv": [0, 0, 2.25, 2.5], "texture": "#0"},
				"south": {"uv": [0, 0, 0, 2.5], "texture": "#0"},
				"west": {"uv": [2.25, 0, 4.5, 2.5], "texture": "#0"},
				"up": {"uv": [0, 2.25, 0, 0], "texture": "#0"},
				"down": {"uv": [0, 0, 0, 2.25], "texture": "#0"}
			}
		},
		{
			"from": [9, 26, 3],
			"to": [9, 29, 8],
			"faces": {
				"north": {"uv": [3.5, 2.5, 4, 3], "texture": "#0"},
				"east": {"uv": [3, 3.5, 3.5, 4], "texture": "#0"},
				"south": {"uv": [3.5, 3, 4, 3.5], "texture": "#0"},
				"west": {"uv": [3.5, 3.5, 4, 4], "texture": "#0"},
				"up": {"uv": [2.5, 4.5, 2, 4], "texture": "#0"},
				"down": {"uv": [3, 4, 2.5, 4.5], "texture": "#0"}
			}
		},
		{
			"from": [7, 18, 7],
			"to": [11, 20, 11],
			"faces": {
				"north": {"uv": [4.5, 2, 5.5, 2.5], "texture": "#0"},
				"east": {"uv": [4, 4.5, 5, 5], "texture": "#0"},
				"south": {"uv": [5, 2.5, 6, 3], "texture": "#0"},
				"west": {"uv": [3, 5, 4, 5.5], "texture": "#0"},
				"up": {"uv": [5.5, 2, 4.5, 1], "texture": "#0"},
				"down": {"uv": [3, 4.5, 2, 5.5], "texture": "#0"}
			}
		},
		{
			"from": [7, 11, 7],
			"to": [11, 13, 11],
			"faces": {
				"north": {"uv": [4, 3.5, 5, 4], "texture": "#0"},
				"east": {"uv": [4, 4, 5, 4.5], "texture": "#0"},
				"south": {"uv": [4.5, 0, 5.5, 0.5], "texture": "#0"},
				"west": {"uv": [4.5, 0.5, 5.5, 1], "texture": "#0"},
				"up": {"uv": [5, 3.5, 4, 2.5], "texture": "#0"},
				"down": {"uv": [4, 4, 3, 5], "texture": "#0"}
			}
		}
	],
	"display": {
		"thirdperson_righthand": {
			"rotation": [0, -180, 0],
			"translation": [0.75, -1.25, 3],
			"scale": [0.9, 0.91, 0.88]
		},
		"thirdperson_lefthand": {
			"rotation": [0, -180, 0],
			"translation": [-1, -1.25, 2.75],
			"scale": [0.9, 0.88, 0.88]
		},
		"firstperson_righthand": {
			"rotation": [-174, -32.75, -180],
			"translation": [3.75, -1, -1.75],
			"scale": [0.85, 0.85, 0.85]
		},
		"firstperson_lefthand": {
			"rotation": [-174, -32.75, -180],
			"translation": [3.75, -1, -1.75],
			"scale": [0.85, 0.85, 0.85]
		},
		"ground": {
			"rotation": [0, -73.53, -87.93]
		},
		"gui": {
			"rotation": [-54.75, -39.99, -65.59],
			"translation": [-3.25, -3.75, 0],
			"scale": [0.7675, 0.55875, 0.53242]
		},
		"head": {
			"rotation": [0, 0, 88.5],
			"translation": [3, 6.5, 0]
		},
		"fixed": {
			"rotation": [0, 90, 0],
			"translation": [0, -2.75, -1.75]
		}
	}
}