{
	"credit": "Made with Blockbench",
	"texture_size": [64, 64],
	"textures": {
		"0": "./marin",
		"particle": "./marin"
	},
	"elements": [
		{
			"from": [3.0625, 11, 5.8125],
			"to": [13.0625, 19, 14.8125],
			"rotation": {"angle": 0, "axis": "y", "origin": [8.9375, 18.3125, 6.875]},
			"faces": {
				"north": {"uv": [0, 5, 2.5, 7], "texture": "#0"},
				"east": {"uv": [6.75, 0, 9, 2], "texture": "#0"},
				"south": {"uv": [2.5, 5, 5, 7], "texture": "#0"},
				"west": {"uv": [5, 5, 7.25, 7], "texture": "#0"},
				"up": {"uv": [2.25, 2.5, 0, 0], "rotation": 270, "texture": "#0"},
				"down": {"uv": [4.5, 0, 2.25, 2.5], "rotation": 90, "texture": "#0"}
			}
		},
		{
			"from": [3.3125, 19, 6.0625],
			"to": [12.8125, 19.75, 14.5625],
			"rotation": {"angle": 0, "axis": "y", "origin": [8.9375, 18.3125, 6.875]},
			"faces": {
				"north": {"uv": [8.25, 4, 10.75, 4.25], "texture": "#0"},
				"east": {"uv": [10.25, 11.75, 12.5, 12], "texture": "#0"},
				"south": {"uv": [11.5, 5.75, 14, 6], "texture": "#0"},
				"west": {"uv": [11.75, 4.5, 14, 4.75], "texture": "#0"},
				"up": {"uv": [2.25, 5, 0, 2.5], "rotation": 270, "texture": "#0"},
				"down": {"uv": [4.5, 2.5, 2.25, 5], "rotation": 90, "texture": "#0"}
			}
		},
		{
			"from": [3.3125, 10.5, 6.0625],
			"to": [12.8125, 11.25, 14.5625],
			"rotation": {"angle": 0, "axis": "y", "origin": [8.9375, 18.3125, 6.875]},
			"faces": {
				"north": {"uv": [11.5, 7.5, 14, 7.75], "texture": "#0"},
				"east": {"uv": [10.25, 12, 12.5, 12.25], "texture": "#0"},
				"south": {"uv": [4, 11.75, 6.5, 12], "texture": "#0"},
				"west": {"uv": [4, 12, 6.25, 12.25], "texture": "#0"},
				"up": {"uv": [6.75, 2.5, 4.5, 0], "rotation": 270, "texture": "#0"},
				"down": {"uv": [6.75, 2.5, 4.5, 5], "rotation": 90, "texture": "#0"}
			}
		},
		{
			"from": [2.3125, 13.5, 8.3125],
			"to": [4.3125, 15.75, 12.5625],
			"rotation": {"angle": 0, "axis": "y", "origin": [8.9375, 18.3125, 6.875]},
			"faces": {
				"north": {"uv": [13, 2, 13.5, 2.5], "texture": "#0"},
				"east": {"uv": [6.25, 12.25, 7.25, 12.75], "texture": "#0"},
				"south": {"uv": [2.5, 13, 3, 13.5], "texture": "#0"},
				"west": {"uv": [5.25, 12.25, 6.25, 12.75], "texture": "#0"},
				"up": {"uv": [8.25, 12.75, 7.25, 12.25], "rotation": 270, "texture": "#0"},
				"down": {"uv": [9.25, 12.25, 8.25, 12.75], "rotation": 90, "texture": "#0"}
			}
		},
		{
			"from": [11.8125, 13.5, 8.3125],
			"to": [13.8125, 15.75, 12.5625],
			"rotation": {"angle": 0, "axis": "y", "origin": [8.9375, 18.3125, 6.875]},
			"faces": {
				"north": {"uv": [3, 13, 3.5, 13.5], "texture": "#0"},
				"east": {"uv": [9.25, 12.25, 10.25, 12.75], "texture": "#0"},
				"south": {"uv": [13, 4, 13.5, 4.5], "texture": "#0"},
				"west": {"uv": [12.25, 8.75, 13.25, 9.25], "texture": "#0"},
				"up": {"uv": [13.25, 9.75, 12.25, 9.25], "rotation": 270, "texture": "#0"},
				"down": {"uv": [13.25, 9.75, 12.25, 10.25], "rotation": 90, "texture": "#0"}
			}
		},
		{
			"from": [12.3125, 7, 7.5625],
			"to": [14.3125, 10.75, 13.3125],
			"rotation": {"angle": 0, "axis": "y", "origin": [8.9375, 18.3125, 6.875]},
			"faces": {
				"north": {"uv": [10.25, 12.25, 10.75, 13.25], "texture": "#0"},
				"east": {"uv": [2, 9.25, 3.5, 10.25], "texture": "#0"},
				"south": {"uv": [10.75, 12.25, 11.25, 13.25], "texture": "#0"},
				"west": {"uv": [9, 1, 10.5, 2], "texture": "#0"},
				"up": {"uv": [12.25, 10.75, 10.75, 10.25], "rotation": 270, "texture": "#0"},
				"down": {"uv": [12, 10.75, 10.5, 11.25], "rotation": 90, "texture": "#0"}
			}
		},
		{
			"from": [3.5625, 7, 7.5625],
			"to": [12.3125, 10.75, 13.0625],
			"rotation": {"angle": 0, "axis": "y", "origin": [8.9375, 18.3125, 6.875]},
			"faces": {
				"north": {"uv": [8, 7.75, 10.25, 8.75], "texture": "#0"},
				"east": {"uv": [5, 9.25, 6.5, 10.25], "texture": "#0"},
				"south": {"uv": [8.25, 2, 10.5, 3], "texture": "#0"},
				"west": {"uv": [3.5, 9.25, 5, 10.25], "texture": "#0"},
				"up": {"uv": [8.25, 4.25, 6.75, 2], "rotation": 270, "texture": "#0"},
				"down": {"uv": [3.5, 7, 2, 9.25], "rotation": 90, "texture": "#0"}
			}
		},
		{
			"from": [4.3125, 3.25, 7.5625],
			"to": [12.0625, 7, 13.0625],
			"rotation": {"angle": 0, "axis": "y", "origin": [8.9375, 18.3125, 6.875]},
			"faces": {
				"north": {"uv": [8.25, 3, 10.25, 4], "texture": "#0"},
				"east": {"uv": [6.5, 9.75, 8, 10.75], "texture": "#0"},
				"south": {"uv": [9, 0, 11, 1], "texture": "#0"},
				"west": {"uv": [9.25, 8.75, 10.75, 9.75], "texture": "#0"},
				"up": {"uv": [8.75, 7, 7.25, 5], "rotation": 270, "texture": "#0"},
				"down": {"uv": [8, 7.75, 6.5, 9.75], "rotation": 90, "texture": "#0"}
			}
		},
		{
			"from": [5.0625, 2.25, 7.5625],
			"to": [11.5625, 3.25, 13.0625],
			"rotation": {"angle": 0, "axis": "y", "origin": [8.9375, 18.3125, 6.875]},
			"faces": {
				"north": {"uv": [12, 10.75, 14.25, 11], "texture": "#0"},
				"east": {"uv": [12.25, 10.25, 13.75, 10.5], "texture": "#0"},
				"south": {"uv": [12, 11, 14.25, 11.25], "texture": "#0"},
				"west": {"uv": [12.25, 2.75, 13.75, 3], "texture": "#0"},
				"up": {"uv": [5, 9.25, 3.5, 7], "rotation": 270, "texture": "#0"},
				"down": {"uv": [6.5, 7, 5, 9.25], "rotation": 90, "texture": "#0"}
			}
		},
		{
			"from": [9.8125, 0.25, 8.8125],
			"to": [11.5625, 2.25, 11.8125],
			"rotation": {"angle": 0, "axis": "y", "origin": [8.9375, 18.3125, 6.875]},
			"faces": {
				"north": {"uv": [12.5, 11.75, 13.25, 12.25], "texture": "#0"},
				"east": {"uv": [0, 12.75, 0.75, 13.25], "texture": "#0"},
				"south": {"uv": [0.75, 12.75, 1.5, 13.25], "texture": "#0"},
				"west": {"uv": [12.5, 6.5, 13.25, 7], "texture": "#0"},
				"up": {"uv": [2.25, 13, 1.5, 12.25], "rotation": 270, "texture": "#0"},
				"down": {"uv": [13, 2, 12.25, 2.75], "rotation": 90, "texture": "#0"}
			}
		},
		{
			"from": [5.0625, 0.25, 8.8125],
			"to": [6.8125, 2.25, 11.8125],
			"rotation": {"angle": 0, "axis": "y", "origin": [8.9375, 18.3125, 6.875]},
			"faces": {
				"north": {"uv": [12.5, 11.75, 13.25, 12.25], "texture": "#0"},
				"east": {"uv": [0, 12.75, 0.75, 13.25], "texture": "#0"},
				"south": {"uv": [0.75, 12.75, 1.5, 13.25], "texture": "#0"},
				"west": {"uv": [12.5, 6.5, 13.25, 7], "texture": "#0"},
				"up": {"uv": [2.25, 13, 1.5, 12.25], "rotation": 270, "texture": "#0"},
				"down": {"uv": [13, 2, 12.25, 2.75], "rotation": 90, "texture": "#0"}
			}
		},
		{
			"from": [8.3125, 7.75, 6.8125],
			"to": [13.0625, 9.5, 8.0625],
			"rotation": {"angle": 0, "axis": "y", "origin": [8.9375, 18.3125, 6.875]},
			"faces": {
				"north": {"uv": [11.75, 4, 13, 4.5], "texture": "#0"},
				"east": {"uv": [7, 13.25, 7.25, 13.75], "texture": "#0"},
				"south": {"uv": [6.5, 11.75, 7.75, 12.25], "texture": "#0"},
				"west": {"uv": [13.25, 6.5, 13.5, 7], "texture": "#0"},
				"up": {"uv": [4, 14, 3.75, 12.75], "rotation": 270, "texture": "#0"},
				"down": {"uv": [4.25, 12.75, 4, 14], "rotation": 90, "texture": "#0"}
			}
		},
		{
			"from": [2.8125, 7.75, 7.0625],
			"to": [7.5625, 9.5, 8.0625],
			"rotation": {"angle": 0, "axis": "y", "origin": [8.9375, 18.3125, 6.875]},
			"faces": {
				"north": {"uv": [7.75, 11.75, 9, 12.25], "texture": "#0"},
				"east": {"uv": [7.5, 13.25, 7.75, 13.75], "texture": "#0"},
				"south": {"uv": [9, 11.75, 10.25, 12.25], "texture": "#0"},
				"west": {"uv": [7.25, 13.25, 7.5, 13.75], "texture": "#0"},
				"up": {"uv": [4.5, 14, 4.25, 12.75], "rotation": 270, "texture": "#0"},
				"down": {"uv": [4.75, 12.75, 4.5, 14], "rotation": 90, "texture": "#0"}
			}
		},
		{
			"from": [11.5625, 9.25, 7.0625],
			"to": [13.5625, 11, 8.8125],
			"rotation": {"angle": 0, "axis": "y", "origin": [8.9375, 18.3125, 6.875]},
			"faces": {
				"north": {"uv": [13, 5.25, 13.5, 5.75], "texture": "#0"},
				"east": {"uv": [13, 7, 13.5, 7.5], "texture": "#0"},
				"south": {"uv": [9.25, 13, 9.75, 13.5], "texture": "#0"},
				"west": {"uv": [13, 4.75, 13.5, 5.25], "texture": "#0"},
				"up": {"uv": [10.25, 13.5, 9.75, 13], "rotation": 270, "texture": "#0"},
				"down": {"uv": [13.5, 11.25, 13, 11.75], "rotation": 90, "texture": "#0"}
			}
		},
		{
			"from": [2.3125, 9.25, 7.0625],
			"to": [4.3125, 11, 8.8125],
			"rotation": {"angle": 0, "axis": "y", "origin": [8.9375, 18.3125, 6.875]},
			"faces": {
				"north": {"uv": [13, 12.25, 13.5, 12.75], "texture": "#0"},
				"east": {"uv": [12.75, 13, 13.25, 13.5], "texture": "#0"},
				"south": {"uv": [0, 13.25, 0.5, 13.75], "texture": "#0"},
				"west": {"uv": [12.25, 13, 12.75, 13.5], "texture": "#0"},
				"up": {"uv": [13.75, 0.5, 13.25, 0], "rotation": 270, "texture": "#0"},
				"down": {"uv": [1, 13.25, 0.5, 13.75], "rotation": 90, "texture": "#0"}
			}
		},
		{
			"from": [14.3125, 7, 7.5625],
			"to": [15.0625, 8.5, 13.3125],
			"rotation": {"angle": 0, "axis": "y", "origin": [8.9375, 18.3125, 6.875]},
			"faces": {
				"north": {"uv": [7.75, 13.25, 8, 13.75], "texture": "#0"},
				"east": {"uv": [11, 0, 12.5, 0.5], "texture": "#0"},
				"south": {"uv": [13.25, 7.75, 13.5, 8.25], "texture": "#0"},
				"west": {"uv": [0, 11, 1.5, 11.5], "texture": "#0"},
				"up": {"uv": [13.75, 10.75, 12.25, 10.5], "rotation": 270, "texture": "#0"},
				"down": {"uv": [3.75, 12.75, 2.25, 13], "rotation": 90, "texture": "#0"}
			}
		},
		{
			"from": [0.8125, 7, 7.5625],
			"to": [1.5625, 8.5, 13.3125],
			"rotation": {"angle": 0, "axis": "y", "origin": [8.9375, 18.3125, 6.875]},
			"faces": {
				"north": {"uv": [8, 13.25, 8.25, 13.75], "texture": "#0"},
				"east": {"uv": [11, 6, 12.5, 6.5], "texture": "#0"},
				"south": {"uv": [8.25, 13.25, 8.5, 13.75], "texture": "#0"},
				"west": {"uv": [11, 0.5, 12.5, 1], "texture": "#0"},
				"up": {"uv": [14.25, 3.25, 12.75, 3], "rotation": 270, "texture": "#0"},
				"down": {"uv": [14.25, 3.25, 12.75, 3.5], "rotation": 90, "texture": "#0"}
			}
		},
		{
			"from": [1.5625, 7, 7.5625],
			"to": [3.5625, 10.75, 13.3125],
			"rotation": {"angle": 0, "axis": "y", "origin": [8.9375, 18.3125, 6.875]},
			"faces": {
				"north": {"uv": [11.25, 12.25, 11.75, 13.25], "texture": "#0"},
				"east": {"uv": [10, 5, 11.5, 6], "texture": "#0"},
				"south": {"uv": [11.75, 12.25, 12.25, 13.25], "texture": "#0"},
				"west": {"uv": [9.25, 9.75, 10.75, 10.75], "texture": "#0"},
				"up": {"uv": [12.5, 7, 11, 6.5], "rotation": 270, "texture": "#0"},
				"down": {"uv": [3, 11.25, 1.5, 11.75], "rotation": 90, "texture": "#0"}
			}
		},
		{
			"from": [2.5625, 5.5, 7.5625],
			"to": [4.3125, 7, 13.3125],
			"rotation": {"angle": 0, "axis": "y", "origin": [8.9375, 18.3125, 6.875]},
			"faces": {
				"north": {"uv": [13.25, 0.5, 13.75, 1], "texture": "#0"},
				"east": {"uv": [11.25, 3, 12.75, 3.5], "texture": "#0"},
				"south": {"uv": [1, 13.25, 1.5, 13.75], "texture": "#0"},
				"west": {"uv": [3, 11.25, 4.5, 11.75], "texture": "#0"},
				"up": {"uv": [12.75, 4, 11.25, 3.5], "rotation": 270, "texture": "#0"},
				"down": {"uv": [6, 11.25, 4.5, 11.75], "rotation": 90, "texture": "#0"}
			}
		},
		{
			"from": [12.0625, 5.5, 7.5625],
			"to": [13.8125, 7, 13.3125],
			"rotation": {"angle": 0, "axis": "y", "origin": [8.9375, 18.3125, 6.875]},
			"faces": {
				"north": {"uv": [13.25, 3.5, 13.75, 4], "texture": "#0"},
				"east": {"uv": [11.25, 7.75, 12.75, 8.25], "texture": "#0"},
				"south": {"uv": [4.75, 13.25, 5.25, 13.75], "texture": "#0"},
				"west": {"uv": [7, 11.25, 8.5, 11.75], "texture": "#0"},
				"up": {"uv": [12.75, 8.75, 11.25, 8.25], "rotation": 270, "texture": "#0"},
				"down": {"uv": [10, 11.25, 8.5, 11.75], "rotation": 90, "texture": "#0"}
			}
		},
		{
			"from": [18, 5.25, 2.75],
			"to": [22, 8.25, 5.25],
			"rotation": {"angle": -22.5, "axis": "z", "origin": [11.75, 13.875, 5.75]},
			"faces": {
				"north": {"uv": [2, 10.25, 3, 11.25], "texture": "#0"},
				"east": {"uv": [3, 10.25, 4, 11.25], "texture": "#0"},
				"south": {"uv": [10.25, 3, 11.25, 4], "texture": "#0"},
				"west": {"uv": [10, 6, 11, 7], "texture": "#0"},
				"up": {"uv": [5, 11.25, 4, 10.25], "rotation": 270, "texture": "#0"},
				"down": {"uv": [6, 10.25, 5, 11.25], "rotation": 90, "texture": "#0"}
			}
		},
		{
			"from": [17, 5.25, 2.75],
			"to": [18, 8.25, 5.25],
			"rotation": {"angle": -22.5, "axis": "z", "origin": [11.75, 13.875, 5.75]},
			"faces": {
				"north": {"uv": [8.75, 12.75, 9, 13.75], "texture": "#0"},
				"east": {"uv": [10.5, 1, 11.5, 2], "texture": "#0"},
				"south": {"uv": [9, 12.75, 9.25, 13.75], "texture": "#0"},
				"west": {"uv": [10.25, 7.75, 11.25, 8.75], "texture": "#0"},
				"up": {"uv": [9.75, 7, 8.75, 6.75], "rotation": 270, "texture": "#0"},
				"down": {"uv": [7, 11.5, 6, 11.75], "rotation": 90, "texture": "#0"}
			}
		},
		{
			"from": [16, 6.5, 2.75],
			"to": [17, 8.75, 5.25],
			"rotation": {"angle": -22.5, "axis": "z", "origin": [11.75, 13.875, 5.75]},
			"faces": {
				"north": {"uv": [3.5, 13, 3.75, 13.75], "texture": "#0"},
				"east": {"uv": [8, 10.5, 9, 11.25], "texture": "#0"},
				"south": {"uv": [6.75, 13.25, 7, 14], "texture": "#0"},
				"west": {"uv": [10.5, 7, 11.5, 7.75], "texture": "#0"},
				"up": {"uv": [10.25, 13, 9.25, 12.75], "rotation": 270, "texture": "#0"},
				"down": {"uv": [13.25, 12.75, 12.25, 13], "rotation": 90, "texture": "#0"}
			}
		},
		{
			"from": [1, 7.5, 2.75],
			"to": [16, 9.75, 5.25],
			"rotation": {"angle": -22.5, "axis": "z", "origin": [11.75, 13.875, 5.75]},
			"faces": {
				"north": {"uv": [6.75, 4.25, 10.75, 5], "texture": "#0"},
				"east": {"uv": [6, 10.75, 7, 11.5], "texture": "#0"},
				"south": {"uv": [10.75, 4.25, 6.75, 5], "texture": "#0"},
				"west": {"uv": [10.75, 4, 11.75, 4.75], "texture": "#0"},
				"up": {"uv": [1, 11, 0, 7], "rotation": 270, "texture": "#0"},
				"down": {"uv": [2, 7, 1, 11], "rotation": 90, "texture": "#0"}
			}
		},
		{
			"from": [2, 7, 2.25],
			"to": [8.75, 8.25, 5.75],
			"rotation": {"angle": -22.5, "axis": "z", "origin": [11.75, 13.875, 5.75]},
			"faces": {
				"north": {"uv": [10.5, 2, 12.25, 2.5], "texture": "#0"},
				"east": {"uv": [2.75, 11.75, 4, 12.25], "texture": "#0"},
				"south": {"uv": [10.5, 2.5, 12.25, 3], "texture": "#0"},
				"west": {"uv": [1.5, 11.75, 2.75, 12.25], "texture": "#0"},
				"up": {"uv": [10, 6.75, 8.75, 5], "rotation": 270, "texture": "#0"},
				"down": {"uv": [9.25, 8.75, 8, 10.5], "rotation": 90, "texture": "#0"}
			}
		},
		{
			"from": [0, 9, 2.75],
			"to": [1, 9.75, 5.25],
			"rotation": {"angle": -22.5, "axis": "z", "origin": [11.75, 13.875, 5.75]},
			"faces": {
				"north": {"uv": [13, 1, 13.5, 1.5], "texture": "#0"},
				"east": {"uv": [2.25, 12.25, 3.25, 12.75], "texture": "#0"},
				"south": {"uv": [1.5, 13, 2, 13.5], "texture": "#0"},
				"west": {"uv": [7, 10.75, 8, 11.25], "texture": "#0"},
				"up": {"uv": [4.25, 12.75, 3.25, 12.25], "rotation": 270, "texture": "#0"},
				"down": {"uv": [5.25, 12.25, 4.25, 12.75], "rotation": 90, "texture": "#0"}
			}
		},
		{
			"from": [11.25, 6.125, 3.75],
			"to": [12.5, 6.875, 4.25],
			"rotation": {"angle": -22.5, "axis": "z", "origin": [11.75, 13.875, 5.75]},
			"faces": {
				"north": {"uv": [9, 10.5, 9.25, 10.75], "texture": "#0"},
				"east": {"uv": [10.75, 4.75, 11, 5], "texture": "#0"},
				"south": {"uv": [1.5, 11, 1.75, 11.25], "texture": "#0"},
				"west": {"uv": [9.75, 6.75, 10, 7], "texture": "#0"},
				"up": {"uv": [2, 11.25, 1.75, 11], "rotation": 270, "texture": "#0"},
				"down": {"uv": [11.25, 4.75, 11, 5], "rotation": 90, "texture": "#0"}
			}
		},
		{
			"from": [10, 6.875, 3.75],
			"to": [11.25, 7.625, 4.25],
			"rotation": {"angle": -22.5, "axis": "z", "origin": [11.75, 13.875, 5.75]},
			"faces": {
				"north": {"uv": [6.25, 12, 6.5, 12.25], "texture": "#0"},
				"east": {"uv": [13, 2.5, 13.25, 2.75], "texture": "#0"},
				"south": {"uv": [13.25, 2.5, 13.5, 2.75], "texture": "#0"},
				"west": {"uv": [11.25, 4.75, 11.5, 5], "texture": "#0"},
				"up": {"uv": [13.5, 8.5, 13.25, 8.25], "rotation": 270, "texture": "#0"},
				"down": {"uv": [8.75, 13.25, 8.5, 13.5], "rotation": 90, "texture": "#0"}
			}
		},
		{
			"from": [12.5, 6.875, 3.75],
			"to": [13.75, 7.625, 4.25],
			"rotation": {"angle": -22.5, "axis": "z", "origin": [11.75, 13.875, 5.75]},
			"faces": {
				"north": {"uv": [13.25, 8.75, 13.5, 9], "texture": "#0"},
				"east": {"uv": [13.25, 9, 13.5, 9.25], "texture": "#0"},
				"south": {"uv": [13.25, 9.25, 13.5, 9.5], "texture": "#0"},
				"west": {"uv": [13.25, 8.5, 13.5, 8.75], "texture": "#0"},
				"up": {"uv": [13.5, 9.75, 13.25, 9.5], "rotation": 270, "texture": "#0"},
				"down": {"uv": [13.5, 9.75, 13.25, 10], "rotation": 90, "texture": "#0"}
			}
		},
		{
			"from": [6.25, 5.42126, 1.33216],
			"to": [8.25, 7.42126, 3.33216],
			"rotation": {"angle": -22.5, "axis": "z", "origin": [13.25, 17.42126, 0.13216]},
			"faces": {
				"north": {"uv": [6.75, 12.75, 7.25, 13.25], "texture": "#0"},
				"east": {"uv": [7.25, 12.75, 7.75, 13.25], "texture": "#0"},
				"south": {"uv": [7.75, 12.75, 8.25, 13.25], "texture": "#0"},
				"west": {"uv": [12.75, 7.75, 13.25, 8.25], "texture": "#0"},
				"up": {"uv": [8.75, 13.25, 8.25, 12.75], "texture": "#0"},
				"down": {"uv": [13.25, 8.25, 12.75, 8.75], "texture": "#0"}
			}
		},
		{
			"from": [9.5, 4.93018, 2.41248],
			"to": [11.5, 6.93018, 4.41248],
			"rotation": {"angle": -22.5, "axis": "z", "origin": [12.5, 2.93018, 4.41248]},
			"faces": {
				"north": {"uv": [6, 10.25, 6.5, 10.75], "texture": "#0"},
				"east": {"uv": [12.75, 3.5, 13.25, 4], "texture": "#0"},
				"south": {"uv": [4.75, 12.75, 5.25, 13.25], "texture": "#0"},
				"west": {"uv": [5.25, 12.75, 5.75, 13.25], "texture": "#0"},
				"up": {"uv": [6.25, 13.25, 5.75, 12.75], "texture": "#0"},
				"down": {"uv": [6.75, 12.75, 6.25, 13.25], "texture": "#0"}
			}
		}
	],
	"display": {
		"thirdperson_righthand": {
			"rotation": [-180, 39.5, -180],
			"scale": [0.5, 0.5, 0.5]
		},
		"thirdperson_lefthand": {
			"rotation": [-180, 39.5, -180],
			"scale": [0.5, 0.5, 0.5]
		},
		"firstperson_righthand": {
			"rotation": [-180, 51.75, -180],
			"scale": [0.7, 0.7, 0.7]
		},
		"firstperson_lefthand": {
			"rotation": [-180, 51.75, -180],
			"scale": [0.7, 0.7, 0.7]
		},
		"ground": {
			"scale": [0.5, 0.5, 0.5]
		},
		"gui": {
			"rotation": [30, 135, 0],
			"translation": [0, -2, 0],
			"scale": [0.7, 0.7, 0.7]
		},
		"head": {
			"translation": [0, 11.75, -2.75]
		},
		"fixed": {
			"rotation": [-90, 0, 0],
			"translation": [0, -7.25, -20.5],
			"scale": [3, 3, 3]
		}
	},
	"groups": [
		{
			"name": "group",
			"origin": [0, 0, 0],
			"color": 0,
			"children": [0, 1, 2, 3, 4, 5, 6, 7, 8, 9, 10, 11, 12, 13, 14, 15, 16, 17, 18, 19]
		},
		{
			"name": "group",
			"origin": [0, 0, 0],
			"color": 0,
			"children": [20, 21, 22, 23, 24, 25, 26, 27, 28]
		},
		29,
		30
	]
}