{
	"credit": "Made with Blockbench",
	"texture_size": [64, 64],
	"textures": {
		"0": "./chester",
		"particle": "./chester"
	},
	"elements": [
		{
			"from": [11.8, -0.05, 1.75],
			"to": [15.05, 2.7, 5.25],
			"rotation": {"angle": 0, "axis": "y", "origin": [-6.7, -3.8, 0]},
			"faces": {
				"north": {"uv": [0, 8.75, 0.75, 9.5], "texture": "#0"},
				"east": {"uv": [3, 7.5, 4, 8.25], "texture": "#0"},
				"south": {"uv": [0.75, 8.75, 1.5, 9.5], "texture": "#0"},
				"west": {"uv": [4, 7.5, 5, 8.25], "texture": "#0"},
				"up": {"uv": [5.75, 8.5, 5, 7.5], "texture": "#0"},
				"down": {"uv": [6.5, 7.5, 5.75, 8.5], "texture": "#0"}
			}
		},
		{
			"from": [11.8, -0.05, 10.75],
			"to": [15.05, 2.7, 14.25],
			"rotation": {"angle": 0, "axis": "y", "origin": [-6.7, -3.8, 0]},
			"faces": {
				"north": {"uv": [1.5, 8.75, 2.25, 9.5], "texture": "#0"},
				"east": {"uv": [6.5, 7.5, 7.5, 8.25], "texture": "#0"},
				"south": {"uv": [8.75, 3.75, 9.5, 4.5], "texture": "#0"},
				"west": {"uv": [7.5, 7.5, 8.5, 8.25], "texture": "#0"},
				"up": {"uv": [8.75, 4.75, 8, 3.75], "texture": "#0"},
				"down": {"uv": [8.75, 6.25, 8, 7.25], "texture": "#0"}
			}
		},
		{
			"from": [1.05, -0.05, 10.75],
			"to": [4.3, 2.7, 14.25],
			"rotation": {"angle": 0, "axis": "y", "origin": [-6.7, -3.8, 0]},
			"faces": {
				"north": {"uv": [8.75, 6.25, 9.5, 7], "texture": "#0"},
				"east": {"uv": [8.25, 0, 9.25, 0.75], "texture": "#0"},
				"south": {"uv": [7.25, 8.75, 8, 9.5], "texture": "#0"},
				"west": {"uv": [8.25, 0.75, 9.25, 1.5], "texture": "#0"},
				"up": {"uv": [9, 2.5, 8.25, 1.5], "texture": "#0"},
				"down": {"uv": [9, 2.5, 8.25, 3.5], "texture": "#0"}
			}
		},
		{
			"from": [1.05, -0.05, 1.75],
			"to": [4.3, 2.7, 5.25],
			"rotation": {"angle": 0, "axis": "y", "origin": [-6.7, -3.8, 0]},
			"faces": {
				"north": {"uv": [8, 8.75, 8.75, 9.5], "texture": "#0"},
				"east": {"uv": [3, 8.25, 4, 9], "texture": "#0"},
				"south": {"uv": [8.75, 8.75, 9.5, 9.5], "texture": "#0"},
				"west": {"uv": [4, 8.25, 5, 9], "texture": "#0"},
				"up": {"uv": [9, 5.75, 8.25, 4.75], "texture": "#0"},
				"down": {"uv": [7.25, 8.25, 6.5, 9.25], "texture": "#0"}
			}
		},
		{
			"from": [11.8, 2.7, 2.5],
			"to": [14.3, 5.2, 5.25],
			"rotation": {"angle": 0, "axis": "y", "origin": [-6.7, -3.8, 0]},
			"faces": {
				"north": {"uv": [9, 1.5, 9.75, 2.25], "texture": "#0"},
				"east": {"uv": [9, 2.25, 9.75, 3], "texture": "#0"},
				"south": {"uv": [3, 9, 3.75, 9.75], "texture": "#0"},
				"west": {"uv": [3.75, 9, 4.5, 9.75], "texture": "#0"},
				"up": {"uv": [9.75, 5.25, 9, 4.5], "texture": "#0"},
				"down": {"uv": [10, 0, 9.25, 0.75], "texture": "#0"}
			}
		},
		{
			"from": [11.8, 2.7, 10.75],
			"to": [14.3, 5.2, 13.5],
			"rotation": {"angle": 0, "axis": "y", "origin": [-6.7, -3.8, 0]},
			"faces": {
				"north": {"uv": [9.25, 0.75, 10, 1.5], "texture": "#0"},
				"east": {"uv": [6.5, 9.25, 7.25, 10], "texture": "#0"},
				"south": {"uv": [0, 9.5, 0.75, 10.25], "texture": "#0"},
				"west": {"uv": [0.75, 9.5, 1.5, 10.25], "texture": "#0"},
				"up": {"uv": [2.25, 10.25, 1.5, 9.5], "texture": "#0"},
				"down": {"uv": [10.25, 3.75, 9.5, 4.5], "texture": "#0"}
			}
		},
		{
			"from": [1.8, 2.7, 10.75],
			"to": [4.3, 5.2, 13.5],
			"rotation": {"angle": 0, "axis": "y", "origin": [-6.7, -3.8, 0]},
			"faces": {
				"north": {"uv": [9.5, 6.25, 10.25, 7], "texture": "#0"},
				"east": {"uv": [7.25, 9.5, 8, 10.25], "texture": "#0"},
				"south": {"uv": [8, 9.5, 8.75, 10.25], "texture": "#0"},
				"west": {"uv": [8.75, 9.5, 9.5, 10.25], "texture": "#0"},
				"up": {"uv": [10.25, 9.5, 9.5, 8.75], "texture": "#0"},
				"down": {"uv": [10.25, 9.5, 9.5, 10.25], "texture": "#0"}
			}
		},
		{
			"from": [1.8, 2.7, 2.75],
			"to": [4.3, 5.2, 5.5],
			"rotation": {"angle": 0, "axis": "y", "origin": [-6.7, -3.8, 0]},
			"faces": {
				"north": {"uv": [9.75, 1.5, 10.5, 2.25], "texture": "#0"},
				"east": {"uv": [2.25, 9.75, 3, 10.5], "texture": "#0"},
				"south": {"uv": [9.75, 2.25, 10.5, 3], "texture": "#0"},
				"west": {"uv": [3, 9.75, 3.75, 10.5], "texture": "#0"},
				"up": {"uv": [4.5, 10.5, 3.75, 9.75], "texture": "#0"},
				"down": {"uv": [5.25, 9.75, 4.5, 10.5], "texture": "#0"}
			}
		},
		{
			"from": [8.55, 17.7, 10],
			"to": [9.55, 18.45, 12],
			"rotation": {"angle": 22.5, "axis": "x", "origin": [6.3, 17.2, 11]},
			"faces": {
				"north": {"uv": [8, 4.75, 8.25, 5], "texture": "#0"},
				"east": {"uv": [9, 5.25, 9.5, 5.5], "texture": "#0"},
				"south": {"uv": [8.75, 4.5, 9, 4.75], "texture": "#0"},
				"west": {"uv": [4.5, 9.5, 5, 9.75], "texture": "#0"},
				"up": {"uv": [2.5, 9.25, 2.25, 8.75], "texture": "#0"},
				"down": {"uv": [2.5, 9.25, 2.25, 9.75], "texture": "#0"}
			}
		},
		{
			"from": [2.3, 3.7, 3],
			"to": [13.55, 8.7, 13],
			"rotation": {"angle": 0, "axis": "y", "origin": [-6.7, -3.8, 0]},
			"faces": {
				"north": {"uv": [3, 5, 5.75, 6.25], "texture": "#0"},
				"east": {"uv": [5.5, 3.75, 8, 5], "texture": "#0"},
				"south": {"uv": [5.5, 0, 8.25, 1.25], "texture": "#0"},
				"west": {"uv": [5.75, 5, 8.25, 6.25], "texture": "#0"},
				"up": {"uv": [2.75, 2.5, 0, 0], "texture": "#0"},
				"down": {"uv": [8, 3.75, 5.5, 5], "texture": "#0"}
			}
		},
		{
			"from": [2.3, 12.2, -2.75],
			"to": [13.8, 17.2, 7.25],
			"rotation": {"angle": 22.5, "axis": "x", "origin": [-6.7, -3.8, 0]},
			"faces": {
				"north": {"uv": [3, 5, 5.5, 6.25], "texture": "#0"},
				"east": {"uv": [3, 5, 5.5, 6.25], "texture": "#0"},
				"south": {"uv": [5.5, 3.75, 8, 5], "texture": "#0"},
				"west": {"uv": [5.5, 5, 8, 6.25], "texture": "#0"},
				"up": {"uv": [8, 6.25, 5.5, 4], "texture": "#0"},
				"down": {"uv": [2.75, 0, 0, 2.5], "texture": "#0"}
			}
		},
		{
			"from": [2.55, 8.7, 3],
			"to": [13.55, 9.95, 3],
			"rotation": {"angle": 0, "axis": "y", "origin": [-6.7, -3.8, 0]},
			"faces": {
				"north": {"uv": [8, 7.25, 10.75, 7.5], "texture": "#0"},
				"east": {"uv": [0, 0, 0, 0.25], "texture": "#0"},
				"south": {"uv": [8.25, 3.5, 11, 3.75], "texture": "#0"},
				"west": {"uv": [0, 0, 0, 0.25], "texture": "#0"},
				"up": {"uv": [2.75, 0, 0, 0], "texture": "#0"},
				"down": {"uv": [2.75, 0, 0, 0], "texture": "#0"}
			}
		},
		{
			"from": [2.55, 8.7, 2.75],
			"to": [2.55, 9.95, 12.75],
			"rotation": {"angle": 0, "axis": "y", "origin": [-6.7, -3.8, 0]},
			"faces": {
				"north": {"uv": [0, 0, 0, 0.25], "texture": "#0"},
				"east": {"uv": [8.25, 5.75, 10.75, 6], "texture": "#0"},
				"south": {"uv": [0, 0, 0, 0.25], "texture": "#0"},
				"west": {"uv": [8.25, 6, 10.75, 6.25], "texture": "#0"},
				"up": {"uv": [0, 2.5, 0, 0], "texture": "#0"},
				"down": {"uv": [0, 0, 0, 2.5], "texture": "#0"}
			}
		},
		{
			"from": [13.55, 8.7, 2.75],
			"to": [13.55, 9.95, 12.75],
			"rotation": {"angle": 0, "axis": "y", "origin": [-6.7, -3.8, 0]},
			"faces": {
				"north": {"uv": [0, 0, 0, 0.25], "texture": "#0"},
				"east": {"uv": [7.25, 8.25, 9.75, 8.5], "texture": "#0"},
				"south": {"uv": [0, 0, 0, 0.25], "texture": "#0"},
				"west": {"uv": [0, 8.5, 2.5, 8.75], "texture": "#0"},
				"up": {"uv": [0, 2.5, 0, 0], "texture": "#0"},
				"down": {"uv": [0, 0, 0, 2.5], "texture": "#0"}
			}
		},
		{
			"from": [4.55, 8.95, 2.5],
			"to": [10.55, 10.2, 12],
			"rotation": {"angle": 0, "axis": "y", "origin": [-6.7, -3.8, 0]},
			"faces": {
				"north": {"uv": [8.75, 7, 10.25, 7.25], "texture": "#0"},
				"east": {"uv": [7.25, 8.5, 9.75, 8.75], "texture": "#0"},
				"south": {"uv": [9, 3, 10.5, 3.25], "texture": "#0"},
				"west": {"uv": [8.5, 7.5, 11, 7.75], "texture": "#0"},
				"up": {"uv": [1.5, 7.5, 0, 5], "texture": "#0"},
				"down": {"uv": [3, 5, 1.5, 7.5], "texture": "#0"}
			}
		},
		{
			"from": [4.55, 10.7, -0.25],
			"to": [10.55, 11.95, 3.25],
			"rotation": {"angle": -22.5, "axis": "x", "origin": [7.55, 9.575, 7.25]},
			"faces": {
				"north": {"uv": [9, 3.25, 10.5, 3.5], "texture": "#0"},
				"east": {"uv": [8.5, 7.75, 9.5, 8], "texture": "#0"},
				"south": {"uv": [9, 5.5, 10.5, 5.75], "texture": "#0"},
				"west": {"uv": [8.5, 8, 9.5, 8.25], "texture": "#0"},
				"up": {"uv": [1.5, 8.5, 0, 7.5], "texture": "#0"},
				"down": {"uv": [3, 7.5, 1.5, 8.5], "texture": "#0"}
			}
		},
		{
			"from": [9.55, 13.7, 10],
			"to": [11.55, 18.45, 12],
			"rotation": {"angle": 22.5, "axis": "x", "origin": [6.3, 17.2, 11]},
			"faces": {
				"north": {"uv": [2.5, 8.5, 3, 9.75], "texture": "#0"},
				"east": {"uv": [5, 8.5, 5.5, 9.75], "texture": "#0"},
				"south": {"uv": [5.5, 8.5, 6, 9.75], "texture": "#0"},
				"west": {"uv": [6, 8.5, 6.5, 9.75], "texture": "#0"},
				"up": {"uv": [5, 9.5, 4.5, 9], "texture": "#0"},
				"down": {"uv": [10.5, 0, 10, 0.5], "texture": "#0"}
			}
		},
		{
			"from": [3.8, 13.7, 10],
			"to": [5.8, 17.45, 12],
			"rotation": {"angle": 22.5, "axis": "x", "origin": [6.3, 17.2, 11]},
			"faces": {
				"north": {"uv": [9.75, 4.5, 10.25, 5.5], "texture": "#0"},
				"east": {"uv": [5.25, 9.75, 5.75, 10.75], "texture": "#0"},
				"south": {"uv": [5.75, 9.75, 6.25, 10.75], "texture": "#0"},
				"west": {"uv": [9.75, 7.75, 10.25, 8.75], "texture": "#0"},
				"up": {"uv": [10.5, 1, 10, 0.5], "texture": "#0"},
				"down": {"uv": [10.5, 1, 10, 1.5], "texture": "#0"}
			}
		},
		{
			"from": [5.55, 16.7, 10],
			"to": [6.55, 17.45, 12],
			"rotation": {"angle": 22.5, "axis": "x", "origin": [6.3, 17.2, 11]},
			"faces": {
				"north": {"uv": [9.5, 5.25, 9.75, 5.5], "texture": "#0"},
				"east": {"uv": [6.25, 10, 6.75, 10.25], "texture": "#0"},
				"south": {"uv": [6.25, 9.75, 6.5, 10], "texture": "#0"},
				"west": {"uv": [6.75, 10, 7.25, 10.25], "texture": "#0"},
				"up": {"uv": [9.75, 8.25, 9.5, 7.75], "texture": "#0"},
				"down": {"uv": [0.25, 10.25, 0, 10.75], "texture": "#0"}
			}
		}
	],
	"display": {
		"thirdperson_righthand": {
			"rotation": [-25, 0, 0],
			"translation": [-0.5, 1.25, 0.75],
			"scale": [0.5, 0.5, 0.5]
		},
		"thirdperson_lefthand": {
			"translation": [-0.5, 1.25, 0.75],
			"scale": [0.5, 0.5, 0.5]
		},
		"firstperson_righthand": {
			"rotation": [171.08, 50.69, -168.51],
			"translation": [1.75, 0, 0.75],
			"scale": [0.80078, 0.80078, 0.80078]
		},
		"firstperson_lefthand": {
			"rotation": [161.83, 59.81, -159.23],
			"translation": [1, 0, -1],
			"scale": [0.78906, 0.78906, 0.78906]
		},
		"ground": {
			"scale": [0.5, 0.5, 0.5]
		},
		"gui": {
			"rotation": [30, 135, 0],
			"translation": [-0.25, 0, 0],
			"scale": [0.7, 0.7, 0.7]
		},
		"head": {
			"translation": [-0.5, 9.75, -0.25],
			"scale": [0.83984, 0.83984, 0.83984]
		},
		"fixed": {
			"rotation": [-90, 0, 0],
			"translation": [0, 0, -14.25],
			"scale": [1.79492, 1.79492, 1.79492]
		}
	},
	"groups": [
		{
			"name": "group",
			"origin": [0, 0, 0],
			"color": 0,
			"children": [0, 1, 2, 3, 4, 5, 6, 7, 8, 9, 10, 11, 12, 13, 14, 15, 16, 17, 18]
		}
	]
}