{
	"credit": "Made with Blockbench",
	"textures": {
		"0": "./ghost_mask"
	},
	"elements": [
		{
			"from": [2, 0, 2],
			"to": [14, 12, 14],
			"faces": {
				"north": {"uv": [0, 0, 3, 3], "texture": "#0"},
				"east": {"uv": [0, 3, 3, 6], "texture": "#0"},
				"south": {"uv": [3, 0, 6, 3], "texture": "#0"},
				"west": {"uv": [3, 3, 6, 6], "texture": "#0"},
				"up": {"uv": [3, 9, 0, 6], "texture": "#0"},
				"down": {"uv": [9, 0, 6, 3], "texture": "#0"}
			}
		},
		{
			"from": [3, 7, 1],
			"to": [13, 10, 2],
			"faces": {
				"north": {"uv": [3, 6, 5.5, 6.75], "texture": "#0"},
				"east": {"uv": [4, 7, 4.25, 7.75], "texture": "#0"},
				"west": {"uv": [4.25, 7, 4.5, 7.75], "texture": "#0"},
				"up": {"uv": [8.5, 6, 6, 5.75], "texture": "#0"},
				"down": {"uv": [8, 6, 5.5, 6.25], "texture": "#0"}
			}
		},
		{
			"from": [3, 2, 1],
			"to": [13, 5, 2],
			"faces": {
				"north": {"uv": [6, 3.75, 8.5, 4.5], "texture": "#0"},
				"east": {"uv": [4.5, 7, 4.75, 7.75], "texture": "#0"},
				"west": {"uv": [4.75, 7, 5, 7.75], "texture": "#0"},
				"up": {"uv": [5.5, 7, 3, 6.75], "texture": "#0"},
				"down": {"uv": [8, 6.25, 5.5, 6.5], "texture": "#0"}
			}
		},
		{
			"from": [12, 5, 1],
			"to": [13, 7, 2],
			"faces": {
				"north": {"uv": [5, 7, 5.25, 7.5], "texture": "#0"},
				"east": {"uv": [5.25, 7, 5.5, 7.5], "texture": "#0"},
				"west": {"uv": [5.75, 6.5, 6, 7], "texture": "#0"}
			}
		},
		{
			"from": [3, 5, 1],
			"to": [4, 7, 2],
			"faces": {
				"north": {"uv": [6, 6.5, 6.25, 7], "texture": "#0"},
				"east": {"uv": [6.25, 6.5, 6.5, 7], "texture": "#0"},
				"west": {"uv": [6.75, 6.5, 7, 7], "texture": "#0"}
			}
		},
		{
			"from": [7, 5, 1],
			"to": [9, 7, 2],
			"faces": {
				"north": {"uv": [3, 7, 3.5, 7.5], "texture": "#0"},
				"east": {"uv": [7, 6.5, 7.25, 7], "texture": "#0"},
				"west": {"uv": [7.25, 6.5, 7.5, 7], "texture": "#0"}
			}
		},
		{
			"from": [3, 0, 1],
			"to": [13, 2, 1],
			"faces": {
				"north": {"uv": [8.5, 5.25, 6, 5.75], "texture": "#0"},
				"east": {"uv": [0, 0, 0, 0.5], "texture": "#0"},
				"south": {"uv": [6, 5.25, 8.5, 5.75], "texture": "#0"},
				"west": {"uv": [0, 0, 0, 0.5], "texture": "#0"},
				"up": {"uv": [2.5, 0, 0, 0], "texture": "#0"},
				"down": {"uv": [2.5, 0, 0, 0], "texture": "#0"}
			}
		},
		{
			"from": [1.5, 7.5, 0.5],
			"to": [14.5, 13.5, 14.5],
			"rotation": {"angle": 0, "axis": "x", "origin": [8, 11, 9.5]},
			"faces": {
				"north": {"uv": [5.25, 12.5, 10.5, 14.25], "texture": "#0"},
				"east": {"uv": [5.25, 14.25, 10.5, 16], "texture": "#0"},
				"south": {"uv": [5.25, 12.5, 10.5, 14.25], "texture": "#0"},
				"west": {"uv": [5.25, 12.5, 10.5, 14.25], "texture": "#0"},
				"up": {"uv": [0, 10.75, 5.25, 16], "texture": "#0"},
				"down": {"uv": [0, 10.75, 5.25, 16], "texture": "#0"}
			}
		},
		{
			"from": [9, 12, 0.3],
			"to": [13, 18, 2.3],
			"rotation": {"angle": 45, "axis": "x", "origin": [9.5, 16.5, -1]},
			"faces": {
				"north": {"uv": [13.75, 13, 16, 16], "texture": "#0"},
				"east": {"uv": [12.5, 10, 13.75, 13], "texture": "#0"},
				"south": {"uv": [13.75, 10, 16, 13], "texture": "#0"},
				"west": {"uv": [12.5, 13, 13.75, 16], "texture": "#0"},
				"up": {"uv": [13.75, 7.5, 16, 8.75], "texture": "#0"},
				"down": {"uv": [13.75, 8.75, 16, 10], "texture": "#0"}
			}
		},
		{
			"from": [3, 12, 0.3],
			"to": [7, 18, 2.3],
			"rotation": {"angle": 45, "axis": "x", "origin": [9.5, 16.5, -1]},
			"faces": {
				"north": {"uv": [13.75, 13, 16, 16], "texture": "#0"},
				"east": {"uv": [12.5, 10, 13.75, 13], "texture": "#0"},
				"south": {"uv": [13.75, 10, 16, 13], "texture": "#0"},
				"west": {"uv": [12.5, 13, 13.75, 16], "texture": "#0"},
				"up": {"uv": [13.75, 7.5, 16, 8.75], "texture": "#0"},
				"down": {"uv": [13.75, 8.75, 16, 10], "texture": "#0"}
			}
		},
		{
			"from": [14, 3, 6],
			"to": [15, 7, 10],
			"faces": {
				"north": {"uv": [5.25, 8.5, 6.25, 10.5], "texture": "#0"},
				"east": {"uv": [8.25, 10.5, 10.25, 12.5], "texture": "#0"},
				"south": {"uv": [5.25, 10.5, 6.25, 12.5], "texture": "#0"},
				"west": {"uv": [8.25, 10.5, 10.25, 12.5], "texture": "#0"},
				"up": {"uv": [6.25, 10.5, 7.25, 12.5], "texture": "#0"},
				"down": {"uv": [7.25, 10.5, 8.25, 12.5], "texture": "#0"}
			}
		},
		{
			"from": [1, 3, 6],
			"to": [2, 7, 10],
			"faces": {
				"north": {"uv": [5.25, 8.5, 6.25, 10.5], "texture": "#0"},
				"east": {"uv": [8.25, 10.5, 10.25, 12.5], "texture": "#0"},
				"south": {"uv": [5.25, 10.5, 6.25, 12.5], "texture": "#0"},
				"west": {"uv": [8.25, 10.5, 10.25, 12.5], "texture": "#0"},
				"up": {"uv": [6.25, 10.5, 7.25, 12.5], "texture": "#0"},
				"down": {"uv": [7.25, 10.5, 8.25, 12.5], "texture": "#0"}
			}
		}
	],
	"display": {
		"thirdperson_righthand": {
			"translation": [0, 3.25, -2],
			"scale": [0.5, 0.5, 0.5]
		},
		"thirdperson_lefthand": {
			"translation": [0, 3.25, -2],
			"scale": [0.5, 0.5, 0.5]
		},
		"firstperson_righthand": {
			"translation": [0, 5, 0],
			"scale": [0.5, 0.5, 0.5]
		},
		"firstperson_lefthand": {
			"translation": [0, 5, 0],
			"scale": [0.5, 0.5, 0.5]
		},
		"ground": {
			"scale": [0.5, 0.5, 0.5]
		},
		"gui": {
			"rotation": [30, 135, 0],
			"translation": [0, 1.25, 0],
			"scale": [0.8, 0.8, 0.8]
		},
		"head": {
			"translation": [0, 2, 0],
			"scale": [1.11719, 1.15039, 1.13086]
		},
		"fixed": {
			"rotation": [-90, 0, 0],
			"translation": [0, 0, -16],
			"scale": [2, 2, 2]
		}
	},
	"groups": [
		{
			"name": "group",
			"origin": [0, 0, 0],
			"color": 0,
			"children": [0, 1, 2, 3, 4, 5, 6]
		},
		7,
		8,
		9,
		10,
		11
	]
}