{
	"credit": "Made with Blockbench",
	"textures": {
		"0": "./fire_kuznex"
	},
	"elements": [
		{
			"from": [5.5, 0, 5.5],
			"to": [10.5, 5, 10.5],
			"faces": {
				"north": {"uv": [2, 7.25, 4, 9.25], "texture": "#0"},
				"east": {"uv": [2, 5.25, 4, 7.25], "texture": "#0"},
				"south": {"uv": [0, 3.25, 2, 5.25], "texture": "#0"},
				"west": {"uv": [0, 7.25, 2, 9.25], "texture": "#0"},
				"up": {"uv": [4, 5.25, 2, 3.25], "texture": "#0"},
				"down": {"uv": [2, 5.25, 0, 7.25], "texture": "#0"}
			}
		},
		{
			"from": [6.5, 5, 6.5],
			"to": [9.5, 15, 9.5],
			"faces": {
				"north": {"uv": [3, 9.25, 4, 12], "texture": "#0"},
				"east": {"uv": [1, 9.25, 2, 12], "texture": "#0"},
				"south": {"uv": [2, 9.25, 3, 12], "texture": "#0"},
				"west": {"uv": [0, 9.25, 1, 12], "texture": "#0"},
				"up": {"uv": [16, 0, 16, 0], "texture": "#0"},
				"down": {"uv": [16, 0, 16, 0], "texture": "#0"}
			}
		},
		{
			"from": [5, 15.3, 3],
			"to": [11, 21.3, 13],
			"rotation": {"angle": 0, "axis": "y", "origin": [0, -1.7, 0]},
			"faces": {
				"north": {"uv": [16, 0, 16, 0], "texture": "#0"},
				"east": {"uv": [12.75, 10, 16, 12], "texture": "#0"},
				"south": {"uv": [16, 0, 16, 0], "texture": "#0"},
				"west": {"uv": [12.75, 12, 16, 14], "texture": "#0"},
				"up": {"uv": [16, 10, 12.75, 8], "rotation": 90, "texture": "#0"},
				"down": {"uv": [12.75, 16, 16, 14], "rotation": 90, "texture": "#0"}
			}
		},
		{
			"from": [4, 14.3, 0],
			"to": [12, 22.3, 3],
			"rotation": {"angle": 0, "axis": "y", "origin": [0, -1.7, 0]},
			"faces": {
				"north": {"uv": [3, 13, 6, 16], "texture": "#0"},
				"east": {"uv": [6, 13, 7, 16], "texture": "#0"},
				"south": {"uv": [0, 13, 3, 16], "texture": "#0"},
				"west": {"uv": [7, 13, 8, 16], "texture": "#0"},
				"up": {"uv": [3, 13, 0, 12], "texture": "#0"},
				"down": {"uv": [6, 12, 3, 13], "texture": "#0"}
			}
		},
		{
			"from": [4, 14.3, 13],
			"to": [12, 22.3, 16],
			"rotation": {"angle": 0, "axis": "y", "origin": [0, -1.7, 0]},
			"faces": {
				"north": {"uv": [0, 13, 3, 16], "texture": "#0"},
				"east": {"uv": [6, 13, 7, 16], "texture": "#0"},
				"south": {"uv": [8, 13, 11, 16], "texture": "#0"},
				"west": {"uv": [7, 13, 8, 16], "texture": "#0"},
				"up": {"uv": [6, 13, 3, 12], "texture": "#0"},
				"down": {"uv": [3, 12, 0, 13], "texture": "#0"}
			}
		},
		{
			"from": [4.3, 16.3, 6],
			"to": [5.3, 20.3, 10],
			"rotation": {"angle": 0, "axis": "y", "origin": [0.3, -1.7, 0]},
			"faces": {
				"north": {"uv": [8.5, 11.25, 8.75, 13], "texture": "#0"},
				"east": {"uv": [16, 0, 16, 0], "texture": "#0"},
				"south": {"uv": [8, 11.25, 8.25, 13], "texture": "#0"},
				"west": {"uv": [6, 11.25, 7.75, 13], "texture": "#0"},
				"up": {"uv": [8.5, 13, 8.25, 11.25], "texture": "#0"},
				"down": {"uv": [8, 11.25, 7.75, 13], "texture": "#0"}
			}
		},
		{
			"from": [4.8, 15, 5.3],
			"to": [11.3, 21.5, 10.7],
			"rotation": {"angle": 0, "axis": "y", "origin": [4.5, 19.3, 5.3]},
			"faces": {
				"north": {"uv": [11, 4, 13, 6], "texture": "#0"},
				"east": {"uv": [9, 6, 10.75, 8], "texture": "#0"},
				"south": {"uv": [9, 4, 11, 6], "texture": "#0"},
				"west": {"uv": [14.25, 6, 16, 8], "texture": "#0"},
				"up": {"uv": [12.5, 6, 14.25, 8], "rotation": 90, "texture": "#0"},
				"down": {"uv": [10.75, 6, 12.5, 8], "rotation": 90, "texture": "#0"}
			}
		}
	],
	"display": {
		"thirdperson_righthand": {
			"translation": [0, -3.25, 2.25],
			"scale": [0.75, 0.82617, 0.88672]
		},
		"thirdperson_lefthand": {
			"translation": [0, -3.25, 2.25],
			"scale": [0.75, 0.82617, 0.88672]
		},
		"firstperson_righthand": {
			"rotation": [6, 0, 0],
			"translation": [1.25, -5, 0],
			"scale": [0.92969, 0.89453, 0.77539]
		},
		"firstperson_lefthand": {
			"rotation": [6, -180, 0],
			"translation": [1.25, -5, 0],
			"scale": [0.92969, 0.89453, 0.77539]
		},
		"ground": {
			"rotation": [90, 90, 0],
			"translation": [0, 0, -2],
			"scale": [0.87695, 0.80664, 0.82031]
		},
		"gui": {
			"rotation": [90, 36.75, -90],
			"translation": [-2.75, -3, 0],
			"scale": [0.83594, 0.7832, 0.76563]
		},
		"fixed": {
			"rotation": [0, -90, 0],
			"translation": [0, -3.25, 0],
			"scale": [1.2168, 1.23047, 1.40039]
		}
	}
}