{
	"credit": "Made with Blockbench",
	"textures": {
		"0": "./hat_skormix"
	},
	"elements": [
		{
			"from": [3, 4, 3],
			"to": [13, 6, 13],
			"faces": {
				"north": {"uv": [7.5, 13.75, 11.25, 14.5], "texture": "#0"},
				"east": {"uv": [7.5, 15.25, 11.25, 16], "texture": "#0"},
				"south": {"uv": [7.5, 13, 11.25, 13.75], "texture": "#0"},
				"west": {"uv": [7.5, 14.5, 11.25, 15.25], "texture": "#0"},
				"up": {"uv": [7.5, 16, 3.75, 12.25], "texture": "#0"},
				"down": {"uv": [16, 0, 16, 0], "texture": "#0"}
			}
		},
		{
			"from": [3, 3, 3],
			"to": [13, 4, 13],
			"faces": {
				"north": {"uv": [0, 15, 3.75, 15.5], "texture": "#0"},
				"east": {"uv": [0, 15.5, 3.75, 16], "texture": "#0"},
				"south": {"uv": [0, 10.75, 3.75, 11.25], "texture": "#0"},
				"west": {"uv": [0, 10.75, 3.75, 10.25], "texture": "#0"},
				"up": {"uv": [16, 0, 16, 0], "texture": "#0"},
				"down": {"uv": [3.75, 11.25, 0, 15], "texture": "#0"}
			}
		},
		{
			"from": [4, 6, 4],
			"to": [12, 8, 12],
			"faces": {
				"north": {"uv": [11.25, 12.5, 14, 13.25], "texture": "#0"},
				"east": {"uv": [8.5, 12.25, 11.25, 13], "texture": "#0"},
				"south": {"uv": [8.5, 11.5, 11.25, 12.25], "texture": "#0"},
				"west": {"uv": [11.25, 11.75, 14, 12.5], "texture": "#0"},
				"up": {"uv": [14, 16, 11.25, 13.25], "texture": "#0"},
				"down": {"uv": [16, 0, 16, 0], "texture": "#0"}
			}
		}
	],
	"display": {
		"thirdperson_righthand": {
			"rotation": [56.25, 0, 0],
			"scale": [0.66602, 0.84375, 0.64258]
		},
		"thirdperson_lefthand": {
			"rotation": [56.25, 0, 0],
			"scale": [0.66602, 0.84375, 0.64258]
		},
		"firstperson_righthand": {
			"translation": [0.25, 2.75, 0]
		},
		"firstperson_lefthand": {
			"translation": [0.25, 2.75, 0]
		},
		"ground": {
			"translation": [0, 2, 0],
			"scale": [1.01367, 1.08203, 1.01172]
		},
		"gui": {
			"rotation": [30, 130, 0],
			"translation": [0, 2, 0]
		},
		"head": {
			"translation": [0, 10.75, 0.25],
			"scale": [1.67969, 1.70117, 1.76953]
		},
		"fixed": {
			"rotation": [-90, 0, 0],
			"translation": [0, 0, -17],
			"scale": [3.17383, 3.61719, 3.20703]
		}
	}
}