{
	"credit": "Made with Blockbench",
	"textures": {
		"0": "./peeper"
	},
	"elements": [
		{
			"from": [2, 0, 2],
			"to": [14, 12, 14],
			"faces": {
				"north": {"uv": [3.75, 4.75, 7.5, 8.5], "texture": "#0"},
				"east": {"uv": [3.75, 12.25, 7.5, 16], "texture": "#0"},
				"south": {"uv": [0, 8.5, 3.75, 12.25], "texture": "#0"},
				"west": {"uv": [0, 12.25, 3.75, 16], "texture": "#0"},
				"up": {"uv": [7.5, 12.25, 3.75, 8.5], "texture": "#0"},
				"down": {"uv": [3.75, 4.75, 0, 8.5], "texture": "#0"}
			}
		},
		{
			"from": [8, 12, 5],
			"to": [8, 25, 11],
			"faces": {
				"east": {"uv": [16, 10.25, 14, 16], "texture": "#0"},
				"west": {"uv": [14, 10.25, 16, 16], "texture": "#0"}
			}
		},
		{
			"from": [-2, 3.2, 6],
			"to": [18, 4.2, 10],
			"faces": {
				"north": {"uv": [0, 3.25, 7.5, 3], "texture": "#0"},
				"east": {"uv": [7.5, 2.25, 7.75, 3.5], "rotation": 90, "texture": "#0"},
				"south": {"uv": [0, 3.25, 7.5, 3.5], "texture": "#0"},
				"west": {"uv": [7.5, 3.5, 7.75, 4.75], "rotation": 90, "texture": "#0"},
				"up": {"uv": [0, 1.75, 7.5, 3], "texture": "#0"},
				"down": {"uv": [0, 3.5, 7.5, 4.75], "texture": "#0"}
			}
		}
	],
	"display": {
		"thirdperson_righthand": {
			"scale": [0.5, 0.5, 0.5]
		},
		"thirdperson_lefthand": {
			"scale": [0.5, 0.5, 0.5]
		},
		"firstperson_righthand": {
			"translation": [0, -4, 0]
		},
		"firstperson_lefthand": {
			"translation": [0, -4, 0]
		},
		"ground": {
			"scale": [0.5, 0.5, 0.5]
		},
		"gui": {
			"rotation": [35, 130, 0],
			"translation": [0, -0.25, 0],
			"scale": [0.5, 0.5, 0.5]
		},
		"head": {
			"translation": [0, 2.25, 0],
			"scale": [1.20898, 1.25977, 1.21094]
		},
		"fixed": {
			"rotation": [-90, 0, 0],
			"translation": [0, 0, -15.75],
			"scale": [1.99023, 1.99023, 1.84375]
		}
	}
}