{
	"credit": "Made with Blockbench",
	"textures": {
		"0": "./bad_pigges"
	},
	"elements": [
		{
			"from": [1.45, 0, 2],
			"to": [14.45, 11.25, 15],
			"faces": {
				"north": {"uv": [3.25, 0, 6.5, 2.75], "texture": "#0"},
				"east": {"uv": [3.25, 2.75, 6.5, 5.5], "texture": "#0"},
				"south": {"uv": [3.25, 5.5, 6.5, 8.25], "texture": "#0"},
				"west": {"uv": [0, 6.5, 3.25, 9.25], "texture": "#0"},
				"up": {"uv": [3.25, 3.25, 0, 0], "texture": "#0"},
				"down": {"uv": [3.25, 3.25, 0, 6.5], "texture": "#0"}
			}
		},
		{
			"from": [-0.3, 3.5, 0.5],
			"to": [3.45, 7.5, 4],
			"faces": {
				"north": {"uv": [6.5, 3.5, 7.5, 4.5], "texture": "#0"},
				"east": {"uv": [6.5, 4.5, 7.5, 5.5], "texture": "#0"},
				"south": {"uv": [6.5, 5.5, 7.5, 6.5], "texture": "#0"},
				"west": {"uv": [6.5, 6.5, 7.5, 7.5], "texture": "#0"},
				"up": {"uv": [8.5, 4.5, 7.5, 3.5], "texture": "#0"},
				"down": {"uv": [8.5, 4.5, 7.5, 5.5], "texture": "#0"}
			}
		},
		{
			"from": [11.7, 3.5, 0.5],
			"to": [15.7, 7.5, 4],
			"faces": {
				"north": {"uv": [7.5, 5.5, 8.5, 6.5], "texture": "#0"},
				"east": {"uv": [6.5, 7.5, 7.5, 8.5], "texture": "#0"},
				"south": {"uv": [7.5, 6.5, 8.5, 7.5], "texture": "#0"},
				"west": {"uv": [7.5, 7.5, 8.5, 8.5], "texture": "#0"},
				"up": {"uv": [9.25, 1, 8.25, 0], "texture": "#0"},
				"down": {"uv": [9.25, 1, 8.25, 2], "texture": "#0"}
			}
		},
		{
			"from": [4.2, 2.75, 0],
			"to": [10.7, 6.5, 3.25],
			"faces": {
				"north": {"uv": [6.5, 0, 8.25, 1], "texture": "#0"},
				"east": {"uv": [3.25, 8.25, 4, 9.25], "texture": "#0"},
				"south": {"uv": [6.5, 1, 8.25, 2], "texture": "#0"},
				"west": {"uv": [4, 8.25, 4.75, 9.25], "texture": "#0"},
				"up": {"uv": [8.25, 2.75, 6.5, 2], "texture": "#0"},
				"down": {"uv": [8.25, 2.75, 6.5, 3.5], "texture": "#0"}
			}
		},
		{
			"from": [2.2, 11, 6.75],
			"to": [5.95, 14.25, 8.75],
			"faces": {
				"north": {"uv": [4.75, 8.25, 5.75, 9], "texture": "#0"},
				"east": {"uv": [6.75, 8.5, 7.25, 9.25], "texture": "#0"},
				"south": {"uv": [8.5, 3.5, 9.5, 4.25], "texture": "#0"},
				"west": {"uv": [7.25, 8.5, 7.75, 9.25], "texture": "#0"},
				"up": {"uv": [9.5, 5.75, 8.5, 5.25], "texture": "#0"},
				"down": {"uv": [6.75, 8.5, 5.75, 9], "texture": "#0"}
			}
		},
		{
			"from": [9.7, 11, 6.75],
			"to": [13.45, 14.25, 8.75],
			"faces": {
				"north": {"uv": [8.25, 2, 9.25, 2.75], "texture": "#0"},
				"east": {"uv": [8.5, 5.75, 9, 6.5], "texture": "#0"},
				"south": {"uv": [8.25, 2.75, 9.25, 3.5], "texture": "#0"},
				"west": {"uv": [8.5, 6.5, 9, 7.25], "texture": "#0"},
				"up": {"uv": [9.5, 4.75, 8.5, 4.25], "texture": "#0"},
				"down": {"uv": [9.5, 4.75, 8.5, 5.25], "texture": "#0"}
			}
		},
		{
			"from": [1.2, 4.75, 0],
			"to": [1.95, 5.5, 2],
			"faces": {
				"north": {"uv": [8.5, 8.25, 8.75, 8.5], "texture": "#0"},
				"east": {"uv": [8.5, 8, 9, 8.25], "texture": "#0"},
				"south": {"uv": [8.25, 8.75, 8.5, 9], "texture": "#0"},
				"west": {"uv": [8.25, 8.5, 8.75, 8.75], "texture": "#0"},
				"up": {"uv": [9, 8, 8.75, 7.5], "texture": "#0"},
				"down": {"uv": [8.25, 8.75, 8, 9.25], "texture": "#0"}
			}
		},
		{
			"from": [13.7, 4.75, 0],
			"to": [14.45, 5.5, 2],
			"faces": {
				"north": {"uv": [6.25, 8.25, 6.5, 8.5], "texture": "#0"},
				"east": {"uv": [5.75, 8.25, 6.25, 8.5], "texture": "#0"},
				"south": {"uv": [8, 8.5, 8.25, 8.75], "texture": "#0"},
				"west": {"uv": [8.5, 7.25, 9, 7.5], "texture": "#0"},
				"up": {"uv": [8.75, 8, 8.5, 7.5], "texture": "#0"},
				"down": {"uv": [8, 8.5, 7.75, 9], "texture": "#0"}
			}
		}
	],
	"display": {
		"thirdperson_righthand": {
			"scale": [0.5, 0.5, 0.5]
		},
		"thirdperson_lefthand": {
			"scale": [0.5, 0.5, 0.5]
		},
		"firstperson_righthand": {
			"scale": [0.5, 0.5, 0.5]
		},
		"firstperson_lefthand": {
			"scale": [0.5, 0.5, 0.5]
		},
		"ground": {
			"translation": [0, 4, 0],
			"scale": [0.7, 0.7, 0.7]
		},
		"gui": {
			"rotation": [30, 135, 0],
			"translation": [0.25, 2.5, 0],
			"scale": [0.5, 0.5, 0.5]
		},
		"head": {
			"translation": [-0.5, 11.75, -0.5],
			"scale": [0.64, 0.64, 0.64]
		},
		"fixed": {
			"rotation": [-90, 0, 0],
			"translation": [2, 6, -12.5],
			"scale": [1.56641, 1.56641, 1.56641]
		}
	}
}