{
	"texture_size": [64, 64],
	"textures": {
		"0": "./gray_tall_top_hat",
		"particle": "./gray_tall_top_hat"
	},
	"elements": [
		{
			"from": [2, -16, 2],
			"to": [14, -15, 14],
			"faces": {
				"north": {"uv": [10, 12, 13, 12.25], "texture": "#0"},
				"east": {"uv": [12, 10, 15, 10.25], "texture": "#0"},
				"south": {"uv": [12, 10.25, 15, 10.5], "texture": "#0"},
				"west": {"uv": [12, 10.5, 15, 10.75], "texture": "#0"},
				"up": {"uv": [3, 3, 0, 0], "texture": "#0"},
				"down": {"uv": [3, 3, 0, 6], "texture": "#0"}
			}
		},
		{
			"from": [4, -15, 4],
			"to": [12, -7, 12],
			"faces": {
				"north": {"uv": [8.5, 0, 10.5, 2], "texture": "#0"},
				"east": {"uv": [2, 8.5, 4, 10.5], "texture": "#0"},
				"south": {"uv": [8.5, 2, 10.5, 4], "texture": "#0"},
				"west": {"uv": [4, 8.5, 6, 10.5], "texture": "#0"},
				"up": {"uv": [11, 6, 9, 4], "texture": "#0"},
				"down": {"uv": [11, 6, 9, 8], "texture": "#0"}
			}
		},
		{
			"from": [1.4, -8.95, 2.9],
			"to": [11.6, -7.75, 13.1],
			"rotation": {"angle": 22.5, "axis": "z", "origin": [8, -4.75, 8]},
			"faces": {
				"north": {"uv": [12, 11.75, 14.5, 12], "texture": "#0"},
				"east": {"uv": [10, 12.25, 12.5, 12.5], "texture": "#0"},
				"south": {"uv": [12.5, 0, 15, 0.25], "texture": "#0"},
				"west": {"uv": [12.5, 0.25, 15, 0.5], "texture": "#0"},
				"up": {"uv": [2.5, 8.5, 0, 6], "texture": "#0"},
				"down": {"uv": [8.5, 0, 6, 2.5], "texture": "#0"}
			}
		},
		{
			"from": [2.5, -8.75, 4],
			"to": [10.5, -0.75, 12],
			"rotation": {"angle": 22.5, "axis": "z", "origin": [8, -4.75, 8]},
			"faces": {
				"north": {"uv": [9, 8, 11, 10], "texture": "#0"},
				"east": {"uv": [6, 10, 8, 12], "texture": "#0"},
				"south": {"uv": [8, 10, 10, 12], "texture": "#0"},
				"west": {"uv": [10, 10, 12, 12], "texture": "#0"},
				"up": {"uv": [12.5, 2, 10.5, 0], "texture": "#0"},
				"down": {"uv": [4, 10.5, 2, 12.5], "texture": "#0"}
			}
		},
		{
			"from": [-0.13528, -3.71102, 1.9],
			"to": [12.06472, -2.51102, 14.1],
			"rotation": {"angle": 0, "axis": "z", "origin": [4.31667, 1.14234, 8]},
			"faces": {
				"north": {"uv": [12, 10.75, 15, 11], "texture": "#0"},
				"east": {"uv": [12, 11, 15, 11.25], "texture": "#0"},
				"south": {"uv": [12, 11.25, 15, 11.5], "texture": "#0"},
				"west": {"uv": [12, 11.5, 15, 11.75], "texture": "#0"},
				"up": {"uv": [6, 3, 3, 0], "texture": "#0"},
				"down": {"uv": [6, 3, 3, 6], "texture": "#0"}
			}
		},
		{
			"from": [1.86472, -2.51102, 3.9],
			"to": [10.06472, 7.68898, 12.1],
			"rotation": {"angle": 0, "axis": "z", "origin": [4.31667, 1.14234, 8]},
			"faces": {
				"north": {"uv": [5, 6, 7, 8.5], "texture": "#0"},
				"east": {"uv": [7, 5, 9, 7.5], "texture": "#0"},
				"south": {"uv": [7, 7.5, 9, 10], "texture": "#0"},
				"west": {"uv": [0, 8.5, 2, 11], "texture": "#0"},
				"up": {"uv": [8, 14, 6, 12], "texture": "#0"},
				"down": {"uv": [10, 12, 8, 14], "texture": "#0"}
			}
		},
		{
			"from": [1.69048, 3.58733, 2.9],
			"to": [11.89048, 4.78733, 13.1],
			"rotation": {"angle": -22.5, "axis": "z", "origin": [8, 6.25, 8]},
			"faces": {
				"north": {"uv": [12.5, 0.5, 15, 0.75], "texture": "#0"},
				"east": {"uv": [12.5, 0.75, 15, 1], "texture": "#0"},
				"south": {"uv": [12.5, 1, 15, 1.25], "texture": "#0"},
				"west": {"uv": [12.5, 1.25, 15, 1.5], "texture": "#0"},
				"up": {"uv": [5, 8.5, 2.5, 6], "texture": "#0"},
				"down": {"uv": [8.5, 2.5, 6, 5], "texture": "#0"}
			}
		},
		{
			"from": [2.79048, 4.78733, 4],
			"to": [10.79048, 12.78733, 12],
			"rotation": {"angle": -22.5, "axis": "z", "origin": [8, 6.25, 8]},
			"faces": {
				"north": {"uv": [10.5, 2, 12.5, 4], "texture": "#0"},
				"east": {"uv": [4, 10.5, 6, 12.5], "texture": "#0"},
				"south": {"uv": [0, 11, 2, 13], "texture": "#0"},
				"west": {"uv": [11, 4, 13, 6], "texture": "#0"},
				"up": {"uv": [13, 8, 11, 6], "texture": "#0"},
				"down": {"uv": [13, 8, 11, 10], "texture": "#0"}
			}
		}
	],
	"display": {
		"thirdperson_righthand": {
			"rotation": [0, 45, 0],
			"translation": [0, 0.25, -0.75],
			"scale": [0.3, 0.3, 0.3]
		},
		"thirdperson_lefthand": {
			"rotation": [0, 45, 0],
			"translation": [0, 0.25, -0.75],
			"scale": [0.3, 0.3, 0.3]
		},
		"firstperson_righthand": {
			"rotation": [0, 90, -15],
			"translation": [0, 1.6, 0.8],
			"scale": [0.68, 0.68, 0.68]
		},
		"firstperson_lefthand": {
			"rotation": [0, 90, -15],
			"translation": [0, 1.6, 0.8],
			"scale": [0.68, 0.68, 0.68]
		},
		"ground": {
			"translation": [0, 10, 0],
			"scale": [0.3, 0.3, 0.3]
		},
		"gui": {
			"rotation": [30, 225, 0],
			"translation": [0, 11.5, 0],
			"scale": [0.7, 0.7, 0.7]
		},
		"head": {
			"rotation": [0, 90, 0],
			"translation": [0, 42.5, 0],
			"scale": [1.55, 1.55, 1.55]
		},
		"fixed": {
			"translation": [0, 23.75, -1],
			"scale": [1.3, 1.3, 1.3]
		}
	},
	"groups": [
		{
			"name": "group",
			"origin": [0, 0, 0],
			"color": 0,
			"children": [0, 1]
		},
		{
			"name": "group",
			"origin": [0, 0, 0],
			"color": 0,
			"children": [2, 3]
		},
		{
			"name": "group",
			"origin": [0, 0, 0],
			"color": 0,
			"children": [4, 5]
		},
		{
			"name": "group",
			"origin": [0, 0, 0],
			"color": 0,
			"children": [6, 7]
		}
	]
}