{
	"credit": "Made with Blockbench",
	"textures": {
		"0": "./stalker"
	},
	"elements": [
		{
			"from": [3, 0, 4],
			"to": [13, 5, 13],
			"faces": {
				"north": {"uv": [7.5, 2, 10, 3.25], "texture": "#0"},
				"up": {"uv": [5, 8, 2.5, 6], "texture": "#0"},
				"down": {"uv": [7.5, 0, 10, 2], "texture": "#0"}
			}
		},
		{
			"from": [13, 0, 3],
			"to": [14, 12, 14],
			"faces": {
				"north": {"uv": [7.5, 3.25, 7.75, 6.25], "texture": "#0"},
				"east": {"uv": [0, 0, 2.5, 3], "texture": "#0"},
				"south": {"uv": [7.75, 3.25, 8, 6.25], "texture": "#0"},
				"west": {"uv": [2.5, 0, 5, 3], "texture": "#0"},
				"up": {"uv": [9.25, 6.5, 9, 4], "texture": "#0"},
				"down": {"uv": [9.5, 4, 9.25, 6.5], "texture": "#0"}
			}
		},
		{
			"from": [2, 0, 3],
			"to": [3, 12, 14],
			"faces": {
				"north": {"uv": [8, 4, 8.25, 7], "texture": "#0"},
				"east": {"uv": [0, 3, 2.5, 6], "texture": "#0"},
				"south": {"uv": [8.25, 4, 8.5, 7], "texture": "#0"},
				"west": {"uv": [2.5, 3, 5, 6], "texture": "#0"},
				"up": {"uv": [8.75, 6.5, 8.5, 4], "texture": "#0"},
				"down": {"uv": [9, 4, 8.75, 6.5], "texture": "#0"}
			}
		},
		{
			"from": [3, 0, 12.9],
			"to": [13, 11, 13.9],
			"faces": {
				"north": {"uv": [5, 0, 7.5, 2.75], "texture": "#0"},
				"east": {"uv": [7.5, 6.25, 7.75, 9], "texture": "#0"},
				"south": {"uv": [5, 2.75, 7.5, 5.5], "texture": "#0"},
				"west": {"uv": [7.75, 6.25, 8, 9], "texture": "#0"},
				"up": {"uv": [7, 8.25, 4.5, 8], "texture": "#0"},
				"down": {"uv": [10.5, 3.5, 8, 3.75], "texture": "#0"}
			}
		},
		{
			"from": [3, 11, 3],
			"to": [13, 12, 14],
			"faces": {
				"north": {"uv": [8, 3.25, 10.5, 3.5], "texture": "#0"},
				"south": {"uv": [8, 3.75, 10.5, 4], "texture": "#0"},
				"up": {"uv": [7.5, 8, 5, 5.5], "texture": "#0"},
				"down": {"uv": [2.5, 6, 0, 8.5], "texture": "#0"}
			}
		}
	],
	"display": {
		"thirdperson_righthand": {
			"rotation": [40, 0, 0],
			"scale": [0.5, 0.5, 0.5]
		},
		"thirdperson_lefthand": {
			"rotation": [40, 0, 0],
			"scale": [0.5, 0.5, 0.5]
		},
		"ground": {
			"translation": [0, 2.75, 0],
			"scale": [0.8, 0.8, 0.8]
		},
		"gui": {
			"rotation": [35, 130, 0],
			"translation": [0, 1, 0],
			"scale": [0.7, 0.7, 0.7]
		},
		"head": {
			"translation": [0, 2.25, -1.75],
			"scale": [1.29688, 1.35938, 1.49414]
		},
		"fixed": {
			"rotation": [-90, 0, 0],
			"translation": [0, 0, -16.5],
			"scale": [2.11133, 2.19141, 2.45508]
		}
	}
}