{
	"credit": "Made with Blockbench",
	"texture_size": [64, 64],
	"textures": {
		"0": "./shadow",
		"1": "./shadow_glass"
	},
	"elements": [
		{
			"from": [3, 1, 3],
			"to": [13, 11, 12],
			"faces": {
				"north": {"uv": [5.5, 5.5, 7.75, 8.25], "texture": "#0"},
				"east": {"uv": [0, 6, 2.25, 8.75], "texture": "#0"},
				"south": {"uv": [2.25, 6, 4.5, 8.75], "texture": "#0"},
				"west": {"uv": [7.75, 5.5, 10, 8.25], "texture": "#0"},
				"up": {"uv": [10.5, 2.25, 8.25, 0], "texture": "#0"},
				"down": {"uv": [10.5, 2.25, 8.25, 4.5], "texture": "#0"}
			}
		},
		{
			"from": [2, 0, 2],
			"to": [14, 12, 13],
			"faces": {
				"north": {"uv": [0, 0, 3, 3], "texture": "#1"},
				"east": {"uv": [3, 0, 5.75, 3], "texture": "#1"},
				"south": {"uv": [0, 3, 3, 6], "texture": "#1"},
				"west": {"uv": [3, 3, 5.75, 6], "texture": "#1"},
				"up": {"uv": [8.75, 2.75, 5.75, 0], "texture": "#1"},
				"down": {"uv": [8.75, 2.75, 5.75, 5.5], "texture": "#1"}
			}
		},
		{
			"from": [5, 15, 4.5],
			"to": [11, 16, 10.5],
			"faces": {
				"north": {"uv": [8.25, 4.5, 9.75, 4.75], "texture": "#0"},
				"east": {"uv": [8.25, 4.75, 9.75, 5], "texture": "#0"},
				"south": {"uv": [8.25, 5, 9.75, 5.25], "texture": "#0"},
				"west": {"uv": [8.25, 5.25, 9.75, 5.5], "texture": "#0"},
				"up": {"uv": [6, 9.75, 4.5, 8.25], "texture": "#0"},
				"down": {"uv": [7.5, 8.25, 6, 9.75], "texture": "#0"}
			}
		},
		{
			"from": [0, 5, 1],
			"to": [6, 10, 1],
			"faces": {
				"north": {"uv": [1.5, 10, 0, 11.25], "texture": "#0"},
				"east": {"uv": [0, 0, 0, 1.25], "texture": "#0"},
				"south": {"uv": [0, 10, 1.5, 11.25], "texture": "#0"},
				"west": {"uv": [0, 0, 0, 1.25], "texture": "#0"},
				"up": {"uv": [1.5, 0, 0, 0], "texture": "#0"},
				"down": {"uv": [1.5, 0, 0, 0], "texture": "#0"}
			}
		},
		{
			"from": [9, 5, 1],
			"to": [15, 10, 1],
			"faces": {
				"north": {"uv": [0, 10, 1.5, 11.25], "texture": "#0"},
				"east": {"uv": [0, 0, 0, 1.25], "texture": "#0"},
				"south": {"uv": [1.5, 10, 0, 11.25], "texture": "#0"},
				"west": {"uv": [0, 0, 0, 1.25], "texture": "#0"},
				"up": {"uv": [1.5, 0, 0, 0], "texture": "#0"},
				"down": {"uv": [1.5, 0, 0, 0], "texture": "#0"}
			}
		},
		{
			"from": [5, 16, 4.5],
			"to": [6, 18, 5.5],
			"faces": {
				"north": {"uv": [5.75, 8.25, 6.5, 9.75], "texture": "#0"},
				"east": {"uv": [5.75, 8.25, 6.5, 9.75], "texture": "#0"},
				"south": {"uv": [5.75, 8.25, 6.5, 9.75], "texture": "#0"},
				"west": {"uv": [5.75, 8.25, 6.5, 9.75], "texture": "#0"},
				"up": {"uv": [5.75, 8.25, 6.75, 9.25], "texture": "#0"},
				"down": {"uv": [5.75, 8.25, 6.75, 9.25], "texture": "#0"}
			}
		},
		{
			"from": [10, 16, 4.5],
			"to": [11, 18, 5.5],
			"faces": {
				"north": {"uv": [5.75, 8.25, 6.5, 9.75], "texture": "#0"},
				"east": {"uv": [5.75, 8.25, 6.5, 9.75], "texture": "#0"},
				"south": {"uv": [5.75, 8.25, 6.5, 9.75], "texture": "#0"},
				"west": {"uv": [5.75, 8.25, 6.5, 9.75], "texture": "#0"},
				"up": {"uv": [5.75, 8.25, 6.75, 9.25], "texture": "#0"},
				"down": {"uv": [5.75, 8.25, 6.5, 8.75], "texture": "#0"}
			}
		},
		{
			"from": [10, 16, 6.5],
			"to": [11, 18, 8.5],
			"faces": {
				"north": {"uv": [5.75, 8.25, 6.5, 9.75], "texture": "#0"},
				"east": {"uv": [5.75, 8.25, 7.5, 9.75], "texture": "#0"},
				"south": {"uv": [5.75, 8.25, 6.5, 9.75], "texture": "#0"},
				"west": {"uv": [5.75, 8.25, 7.5, 9.75], "texture": "#0"},
				"up": {"uv": [5.75, 8.25, 6.5, 9.75], "texture": "#0"},
				"down": {"uv": [5.75, 8.25, 6.5, 9.75], "texture": "#0"}
			}
		},
		{
			"from": [5, 16, 6.5],
			"to": [6, 18, 8.5],
			"faces": {
				"north": {"uv": [5.75, 8.25, 6.5, 9.75], "texture": "#0"},
				"east": {"uv": [5.75, 8.25, 7.5, 9.75], "texture": "#0"},
				"south": {"uv": [5.75, 8.25, 6.5, 9.75], "texture": "#0"},
				"west": {"uv": [5.75, 8.25, 7.5, 9.75], "texture": "#0"},
				"up": {"uv": [5.75, 8.25, 6.5, 9.75], "texture": "#0"},
				"down": {"uv": [5.75, 8.25, 6.5, 9.75], "texture": "#0"}
			}
		},
		{
			"from": [10, 16, 9.5],
			"to": [11, 18, 10.5],
			"faces": {
				"north": {"uv": [5.75, 8.25, 6.5, 9.75], "texture": "#0"},
				"east": {"uv": [5.75, 8.25, 6.5, 9.75], "texture": "#0"},
				"south": {"uv": [5.75, 8.25, 6.5, 9.75], "texture": "#0"},
				"west": {"uv": [5.75, 8.25, 6.5, 9.75], "texture": "#0"},
				"up": {"uv": [5.75, 8.25, 6.75, 9.25], "texture": "#0"},
				"down": {"uv": [5.75, 8.25, 6.5, 8.75], "texture": "#0"}
			}
		},
		{
			"from": [7, 16, 9.5],
			"to": [9, 18, 10.5],
			"faces": {
				"north": {"uv": [5.75, 8.25, 7.5, 9.75], "texture": "#0"},
				"east": {"uv": [5.75, 8.25, 6.5, 9.75], "texture": "#0"},
				"south": {"uv": [5.75, 8.25, 7.5, 9.75], "texture": "#0"},
				"west": {"uv": [5.75, 8.25, 6.5, 9.75], "texture": "#0"},
				"up": {"uv": [5.75, 8.25, 7.5, 9], "texture": "#0"},
				"down": {"uv": [5.75, 8.25, 7.5, 9], "texture": "#0"}
			}
		},
		{
			"from": [7, 16, 4.5],
			"to": [9, 18, 5.5],
			"faces": {
				"north": {"uv": [5.75, 8.25, 7.5, 9.75], "texture": "#0"},
				"east": {"uv": [5.75, 8.25, 6.5, 9.75], "texture": "#0"},
				"south": {"uv": [5.75, 8.25, 7.5, 9.75], "texture": "#0"},
				"west": {"uv": [5.75, 8.25, 6.5, 9.75], "texture": "#0"},
				"up": {"uv": [5.75, 9, 7.5, 9.75], "texture": "#0"},
				"down": {"uv": [5.75, 8.25, 7.5, 9], "texture": "#0"}
			}
		},
		{
			"from": [5, 16, 9.5],
			"to": [6, 18, 10.5],
			"faces": {
				"north": {"uv": [5.75, 8.25, 6.5, 9.75], "texture": "#0"},
				"east": {"uv": [5.75, 8.25, 6.5, 9.75], "texture": "#0"},
				"south": {"uv": [5.75, 8.25, 6.5, 9.75], "texture": "#0"},
				"west": {"uv": [5.75, 8.25, 6.5, 9.75], "texture": "#0"},
				"up": {"uv": [5.75, 8.25, 6.75, 9.25], "texture": "#0"},
				"down": {"uv": [5.75, 8.25, 6.5, 8.75], "texture": "#0"}
			}
		}
	],
	"display": {
		"thirdperson_righthand": {
			"rotation": [-102.6, 166, 164.68],
			"translation": [0, 3, 0],
			"scale": [0.68, 0.7, 0.7]
		},
		"thirdperson_lefthand": {
			"rotation": [78, 171, 19],
			"translation": [2.5, 2, 0],
			"scale": [0.67, 0.67, 0.66]
		},
		"firstperson_righthand": {
			"rotation": [169.84, 31.06, 153.49],
			"translation": [9, 0, -12.75]
		},
		"firstperson_lefthand": {
			"rotation": [166.75, 40.19, -157.27],
			"translation": [4.25, 2.25, -5.75]
		},
		"ground": {
			"translation": [0, 2.25, 0],
			"scale": [0.64453, 0.74414, 0.73242]
		},
		"gui": {
			"rotation": [35, 135, 0],
			"translation": [0, 0.5, 0],
			"scale": [0.5, 0.5, 0.5]
		},
		"head": {
			"translation": [0, 3.25, 1],
			"scale": [1.45453, 1.46586, 1.5918]
		},
		"fixed": {
			"rotation": [-90, 0, 0],
			"translation": [0, 0, -18],
			"scale": [2.37891, 2.24219, 2.28516]
		}
	}
}