{
	"credit": "Made with Blockbench",
	"texture_size": [32, 32],
	"textures": {
		"0": "./dallas_mask",
		"particle": "./dallas_mask"
	},
	"elements": [
		{
			"from": [6.5, 0.8, 3.7],
			"to": [9.5, 3, 5.2],
			"rotation": {"angle": 22.5, "axis": "x", "origin": [8, 1.5, 4.05]},
			"faces": {
				"north": {"uv": [13, 14, 16, 16], "texture": "#0"},
				"east": {"uv": [11.5, 5, 13, 7], "texture": "#0"},
				"south": {"uv": [13, 10, 16, 12], "texture": "#0"},
				"west": {"uv": [4.5, 6, 6, 8], "texture": "#0"},
				"down": {"uv": [16, 12, 13, 14], "texture": "#0"}
			}
		},
		{
			"from": [5.5, 2, 4.3],
			"to": [10.5, 4, 6.3],
			"rotation": {"angle": 0, "axis": "y", "origin": [0, 0, 0.3]},
			"faces": {
				"north": {"uv": [0, 8, 4.5, 10], "texture": "#0"},
				"east": {"uv": [0, 4, 2, 6], "texture": "#0"},
				"south": {"uv": [6, 6, 10.5, 8], "texture": "#0"},
				"west": {"uv": [4.5, 8, 6.5, 10], "texture": "#0"},
				"up": {"uv": [4.5, 8, 0, 6], "texture": "#0"},
				"down": {"uv": [11, 8, 6.5, 10], "texture": "#0"}
			}
		},
		{
			"from": [5, 3, 4.5],
			"to": [11, 9.5, 6.5],
			"faces": {
				"north": {"uv": [0, 10, 5, 16], "texture": "#0"},
				"east": {"uv": [10, 10, 11.5, 16], "texture": "#0"},
				"south": {"uv": [5, 10, 10, 16], "texture": "#0"},
				"west": {"uv": [11.5, 10, 13, 16], "texture": "#0"},
				"up": {"uv": [16, 10, 11, 8.5], "texture": "#0"},
				"down": {"uv": [16, 7, 11, 8.5], "texture": "#0"}
			}
		},
		{
			"from": [7.3, 4, 4],
			"to": [8.7, 5.6, 5],
			"rotation": {"angle": 22.5, "axis": "x", "origin": [8, 4.8, 4.5]},
			"faces": {
				"north": {"uv": [15, 5.5, 16, 7], "texture": "#0"},
				"east": {"uv": [13, 5.5, 14, 7], "texture": "#0"},
				"west": {"uv": [14, 5.5, 15, 7], "texture": "#0"},
				"up": {"uv": [16, 5.5, 15, 4.5], "texture": "#0"},
				"down": {"uv": [15, 4.5, 14, 5.5], "texture": "#0"}
			}
		},
		{
			"from": [6.8, 4.9, 11.5],
			"to": [9.3, 7.4, 12.5],
			"faces": {
				"north": {"uv": [0, 1.5, 2.5, 4], "texture": "#0"},
				"east": {"uv": [6, 1.5, 7, 4], "texture": "#0"},
				"south": {"uv": [2.5, 1.5, 5, 4], "texture": "#0"},
				"west": {"uv": [5, 1.5, 6, 4], "texture": "#0"},
				"up": {"uv": [2.5, 1.5, 0, 0.5], "texture": "#0"},
				"down": {"uv": [5, 0.5, 2.5, 1.5], "texture": "#0"}
			}
		},
		{
			"from": [5, 5, 6.5],
			"to": [5, 7, 11.5],
			"faces": {
				"east": {"uv": [2, 4, 6, 6], "texture": "#0"},
				"west": {"uv": [2, 4, 6, 6], "texture": "#0"}
			}
		},
		{
			"from": [11, 5, 6.5],
			"to": [11, 7, 11.5],
			"faces": {
				"east": {"uv": [2, 4, 6, 6], "texture": "#0"},
				"west": {"uv": [2, 4, 6, 6], "texture": "#0"}
			}
		},
		{
			"from": [5, 5, 11.5],
			"to": [6.8, 7, 11.5],
			"faces": {
				"north": {"uv": [6, 4, 8, 6], "texture": "#0"},
				"south": {"uv": [6, 4, 8, 6], "rotation": 90, "texture": "#0"}
			}
		},
		{
			"from": [7, 7.4, 11.5],
			"to": [9, 9.5, 11.5],
			"faces": {
				"north": {"uv": [6, 4, 8, 6], "texture": "#0"},
				"south": {"uv": [6, 4, 8, 6], "texture": "#0"}
			}
		},
		{
			"from": [9.3, 5, 11.5],
			"to": [11, 7, 11.5],
			"faces": {
				"north": {"uv": [6, 4, 8, 6], "texture": "#0"},
				"south": {"uv": [6, 4, 8, 6], "rotation": 90, "texture": "#0"}
			}
		},
		{
			"from": [7, 9.5, 6.5],
			"to": [9, 9.5, 11.5],
			"faces": {
				"up": {"uv": [6, 6, 2, 4], "rotation": 90, "texture": "#0"},
				"down": {"uv": [2, 6, 6, 4], "rotation": 90, "texture": "#0"}
			}
		},
		{
			"name": "cube inverted",
			"from": [11.2, 9.7, 6.5],
			"to": [4.8, 2.9, 4.2],
			"faces": {
				"north": {"uv": [11.5, 4, 16, 0], "texture": "#0"},
				"east": {"uv": [11.5, 4, 16, 0], "texture": "#0"},
				"south": {"uv": [11.5, 4, 16, 0], "texture": "#0"},
				"west": {"uv": [11.5, 4, 14.5, 0], "texture": "#0"},
				"up": {"uv": [7.5, 0, 11.5, 1.5], "texture": "#0"},
				"down": {"uv": [11.5, 0, 16, 4], "texture": "#0"}
			}
		},
		{
			"name": "cube inverted",
			"from": [8.9, 5.8, 5],
			"to": [7.1, 3.8, 3.8],
			"rotation": {"angle": 22.5, "axis": "x", "origin": [8, 4.8, 4.5]},
			"faces": {
				"east": {"uv": [14, 1.5, 15, 0], "texture": "#0"},
				"south": {"uv": [13.5, 1.5, 14.5, 0], "texture": "#0"},
				"west": {"uv": [14, 1.5, 15, 0], "texture": "#0"},
				"up": {"uv": [15, 0, 16, 1], "texture": "#0"}
			}
		},
		{
			"name": "cube inverted",
			"from": [10.7, 4.2, 6.5],
			"to": [5.3, 1.8, 4.1],
			"rotation": {"angle": 0, "axis": "y", "origin": [0, 0, 0.3]},
			"faces": {
				"north": {"uv": [11.5, 2, 16, 0], "texture": "#0"},
				"east": {"uv": [11.5, 3.15, 13.5, 5], "texture": "#0"},
				"south": {"uv": [11.5, 2, 16, 0], "texture": "#0"},
				"west": {"uv": [11.5, 3.1, 13.5, 5], "texture": "#0"},
				"up": {"uv": [11.5, 0, 16, 2], "texture": "#0"}
			}
		},
		{
			"name": "cube inverted",
			"from": [9.7, 3, 5.4],
			"to": [6.3, 0.6, 3.5],
			"rotation": {"angle": 22.5, "axis": "x", "origin": [8, 1.5, 4.05]},
			"faces": {
				"north": {"uv": [11.5, 2, 14.5, 0], "texture": "#0"},
				"east": {"uv": [14.5, 2, 16, 0], "texture": "#0"},
				"south": {"uv": [13, 2, 16, 0], "texture": "#0"},
				"west": {"uv": [14.5, 2, 16, 0], "texture": "#0"},
				"up": {"uv": [13, 0, 16, 2], "texture": "#0"}
			}
		}
	],
	"display": {
		"thirdperson_righthand": {
			"translation": [0, -0.25, -1.5]
		},
		"thirdperson_lefthand": {
			"translation": [0, -0.25, -1.5]
		},
		"firstperson_righthand": {
			"translation": [-0.5, 5.75, 4]
		},
		"firstperson_lefthand": {
			"translation": [-0.5, 5.25, 4]
		},
		"ground": {
			"scale": [0.6, 0.6, 0.6]
		},
		"gui": {
			"rotation": [30, 135, 0],
			"translation": [0, 3, 0]
		},
		"head": {
			"translation": [0, 3.5, 0],
			"scale": [2.13867, 1.9707, 1.83984]
		},
		"fixed": {
			"rotation": [-12, 0, 0],
			"translation": [0, 8, 1.5],
			"scale": [3, 3, 3]
		}
	}
}