{
	"credit": "Made with Blockbench",
	"textures": {
		"0": "./v1"
	},
	"elements": [
		{
			"from": [3, -1, -0.5],
			"to": [5, 7, 13],
			"rotation": {"angle": 0, "axis": "y", "origin": [6.5, 5, 4]},
			"faces": {
				"north": {"uv": [13.75, 4.25, 14.75, 7.5], "texture": "#0"},
				"east": {"uv": [2.75, 12.75, 9.25, 16], "texture": "#0"},
				"south": {"uv": [14.75, 4.25, 15.75, 7.5], "texture": "#0"},
				"west": {"uv": [9.25, 12.75, 15.75, 16], "texture": "#0"},
				"up": {"uv": [0, 0, 0, 0], "texture": "#0"},
				"down": {"uv": [9.25, 9.5, 15.75, 8.5], "rotation": 90, "texture": "#0"}
			}
		},
		{
			"from": [11, -1, -0.5],
			"to": [13, 7, 13],
			"rotation": {"angle": 0, "axis": "y", "origin": [6.5, 5, 10]},
			"faces": {
				"north": {"uv": [12.75, 4.25, 13.75, 7.5], "texture": "#0"},
				"east": {"uv": [15.75, 9.5, 9.25, 12.75], "texture": "#0"},
				"south": {"uv": [11.75, 4.25, 12.75, 7.5], "texture": "#0"},
				"west": {"uv": [2.75, 9.5, 9.25, 12.75], "texture": "#0"},
				"up": {"uv": [0, 0, 0, 0], "texture": "#0"},
				"down": {"uv": [9.25, 8.5, 15.75, 7.5], "rotation": 90, "texture": "#0"}
			}
		},
		{
			"from": [5, 2, 8],
			"to": [11, 7, 13],
			"faces": {
				"south": {"uv": [10.25, 3.75, 11.75, 5], "texture": "#0"},
				"up": {"uv": [11.75, 7.5, 10.25, 6.25], "texture": "#0"},
				"down": {"uv": [11.75, 5, 10.25, 6.25], "texture": "#0"}
			}
		},
		{
			"from": [10, 2, 0],
			"to": [11, 7, 1],
			"faces": {
				"north": {"uv": [5.75, 4.5, 6.25, 6.5], "texture": "#0"},
				"west": {"uv": [6.25, 4.5, 6.75, 6.5], "texture": "#0"}
			}
		},
		{
			"from": [5, 2, 0],
			"to": [6, 7, 1],
			"faces": {
				"north": {"uv": [8.75, 5, 9.25, 7], "texture": "#0"},
				"east": {"uv": [8.25, 5, 8.75, 7], "texture": "#0"}
			}
		},
		{
			"from": [6, 6, 0],
			"to": [10, 7, 1],
			"faces": {
				"north": {"uv": [5.75, 6.5, 7.5, 7], "texture": "#0"},
				"up": {"uv": [9.25, 7.5, 7.5, 7], "texture": "#0"},
				"down": {"uv": [7.5, 7.5, 5.75, 7], "texture": "#0"}
			}
		},
		{
			"from": [5, -1, 1],
			"to": [11, 7, 8],
			"faces": {
				"south": {"uv": [2, 0.75, 3.75, 2.75], "texture": "#0"},
				"up": {"uv": [2, 2.75, 0.25, 0.75], "texture": "#0"},
				"down": {"uv": [5.5, 1, 3.75, 3], "texture": "#0"}
			}
		},
		{
			"from": [3, 7, -0.5],
			"to": [7, 8, 13],
			"rotation": {"angle": 0, "axis": "y", "origin": [6.5, 5, 4]},
			"faces": {
				"north": {"uv": [0.75, 9.25, 1.25, 11], "rotation": 90, "texture": "#0"},
				"east": {"uv": [5.25, 3, 5.75, 9.5], "rotation": 90, "texture": "#0"},
				"south": {"uv": [2.25, 9.25, 2.75, 11], "rotation": 90, "texture": "#0"},
				"west": {"uv": [4.75, 3, 5.25, 9.5], "rotation": 90, "texture": "#0"},
				"up": {"uv": [3.75, 9.25, 2, 2.75], "texture": "#0"},
				"down": {"uv": [3.75, 2.75, 2, 9.25], "texture": "#0"}
			}
		},
		{
			"from": [9, 7, -0.5],
			"to": [13, 8, 13],
			"rotation": {"angle": 0, "axis": "y", "origin": [6.5, 5, 4]},
			"faces": {
				"north": {"uv": [1.25, 9.25, 1.75, 11], "rotation": 90, "texture": "#0"},
				"east": {"uv": [4.25, 3, 4.75, 9.5], "rotation": 90, "texture": "#0"},
				"south": {"uv": [1.75, 9.25, 2.25, 11], "rotation": 90, "texture": "#0"},
				"west": {"uv": [3.75, 3, 4.25, 9.5], "rotation": 90, "texture": "#0"},
				"up": {"uv": [2, 9.25, 0.25, 2.75], "texture": "#0"},
				"down": {"uv": [2, 2.75, 0.25, 9.25], "texture": "#0"}
			}
		},
		{
			"from": [5, -2.1, -0.7],
			"to": [11, 2.2, 1.3],
			"rotation": {"angle": 22.5, "axis": "x", "origin": [8, 0, 0]},
			"faces": {
				"north": {"uv": [7.5, 8, 9.25, 9.5], "texture": "#0"},
				"east": {"uv": [9.25, 6, 9.75, 7.5], "texture": "#0"},
				"south": {"uv": [5.75, 8, 7.5, 9.5], "texture": "#0"},
				"west": {"uv": [9.75, 6, 10.25, 7.5], "texture": "#0"},
				"up": {"uv": [9.25, 8, 7.5, 7.5], "texture": "#0"},
				"down": {"uv": [7.5, 7.5, 5.75, 8], "texture": "#0"}
			}
		},
		{
			"from": [7.6, -2.6, 11],
			"to": [9.6, 2.1, 12.8],
			"rotation": {"angle": 22.5, "axis": "z", "origin": [7.5, 1.5, 17.5]},
			"faces": {
				"north": {"uv": [0, 11, 0.5, 13.25], "texture": "#0"},
				"east": {"uv": [0.5, 11, 1.25, 13.25], "texture": "#0"},
				"south": {"uv": [1.25, 11, 2, 13.25], "texture": "#0"},
				"west": {"uv": [2, 11, 2.75, 13.25], "texture": "#0"}
			}
		},
		{
			"from": [9.1, -2.4, 10.9],
			"to": [18.1, -0.9, 12.9],
			"rotation": {"angle": 0, "axis": "y", "origin": [7.5, 1.5, 17.5]},
			"faces": {
				"north": {"uv": [11.75, 1.25, 12.75, 4.25], "rotation": 90, "texture": "#0"},
				"east": {"uv": [11.75, 0.25, 12.75, 1.25], "texture": "#0"},
				"south": {"uv": [12.75, 1.25, 13.75, 4.25], "rotation": 90, "texture": "#0"},
				"west": {"uv": [12.75, 0.25, 13.75, 1.25], "texture": "#0"},
				"up": {"uv": [14.75, 4.25, 13.75, 1.25], "rotation": 90, "texture": "#0"},
				"down": {"uv": [14.75, 4.25, 15.75, 1.25], "rotation": 90, "texture": "#0"}
			}
		},
		{
			"from": [6, 2, 0.6],
			"to": [10, 6, 0.6],
			"faces": {
				"north": {"uv": [0, 13.25, 2.75, 16], "texture": "#0"},
				"east": {"uv": [0, 0, 0, 0], "texture": "#0"},
				"west": {"uv": [0, 0, 0, 0], "texture": "#0"},
				"up": {"uv": [0, 0, 0, 0], "texture": "#0"},
				"down": {"uv": [0, 0, 0, 0], "texture": "#0"}
			}
		}
	],
	"display": {
		"thirdperson_righthand": {
			"translation": [0, 3, -1.5],
			"scale": [0.5, 0.5, 0.5]
		},
		"thirdperson_lefthand": {
			"translation": [0, 3, -1.5],
			"scale": [0.5, 0.5, 0.5]
		},
		"firstperson_righthand": {
			"rotation": [160.75, 41, -180],
			"translation": [0.5, 7.75, -1],
			"scale": [0.55273, 0.62891, 0.77734]
		},
		"firstperson_lefthand": {
			"rotation": [160.75, 41, -180],
			"translation": [0.5, 7.75, -1],
			"scale": [0.55273, 0.62891, 1]
		},
		"gui": {
			"rotation": [30, 135, 0],
			"translation": [1, 4.5, 0]
		},
		"head": {
			"rotation": [0, 4.25, 11.25],
			"translation": [-13.5, 3.25, -0.5],
			"scale": [0.87109, 0.94922, 1.16797]
		},
		"fixed": {
			"rotation": [-90, 0, 0],
			"translation": [0, 0, -27.25],
			"scale": [2.43164, 2.57813, 2.93555]
		}
	},
	"groups": [
		{
			"name": "group",
			"origin": [6.5, 5, 4],
			"color": 0,
			"children": [0, 1, 2, 3, 4, 5, 6, 7, 8, 9, 10, 11, 12]
		}
	]
}