{
	"textures": {
		"0": "./tv",
		"particle": "./tv"
	},
	"elements": [
		{
			"from": [1, 0, 4],
			"to": [15, 11, 12],
			"faces": {
				"north": {"uv": [0, 0, 3.5, 2.75], "texture": "#0"},
				"east": {"uv": [3.5, 4, 5.5, 6.75], "texture": "#0"},
				"south": {"uv": [0, 2.75, 3.5, 5.5], "texture": "#0"},
				"west": {"uv": [0, 5.5, 2, 8.25], "texture": "#0"},
				"up": {"uv": [7, 2, 3.5, 0], "texture": "#0"},
				"down": {"uv": [7, 2, 3.5, 4], "texture": "#0"}
			}
		},
		{
			"from": [3, 2, 12],
			"to": [13, 9, 14],
			"faces": {
				"north": {"uv": [5.5, 4, 8, 5.75], "texture": "#0"},
				"east": {"uv": [5, 6.75, 5.5, 8.5], "texture": "#0"},
				"south": {"uv": [5.5, 5.75, 8, 7.5], "texture": "#0"},
				"west": {"uv": [5.5, 7.5, 6, 9.25], "texture": "#0"},
				"up": {"uv": [9.5, 2.5, 7, 2], "texture": "#0"},
				"down": {"uv": [9.5, 2.5, 7, 3], "texture": "#0"}
			}
		},
		{
			"from": [5, 0, 3],
			"to": [15, 2, 4],
			"faces": {
				"north": {"uv": [7, 0, 9.5, 0.5], "texture": "#0"},
				"east": {"uv": [8, 4.5, 8.25, 5], "texture": "#0"},
				"south": {"uv": [7, 0.5, 9.5, 1], "texture": "#0"},
				"west": {"uv": [8, 5, 8.25, 5.5], "texture": "#0"},
				"up": {"uv": [9.5, 3.25, 7, 3], "texture": "#0"},
				"down": {"uv": [9.5, 3.25, 7, 3.5], "texture": "#0"}
			}
		},
		{
			"from": [1, 0, 3],
			"to": [5, 11, 4],
			"faces": {
				"north": {"uv": [2, 5.5, 3, 8.25], "texture": "#0"},
				"east": {"uv": [6, 7.5, 6.25, 10.25], "texture": "#0"},
				"south": {"uv": [3, 6.75, 4, 9.5], "texture": "#0"},
				"west": {"uv": [6.25, 7.5, 6.5, 10.25], "texture": "#0"},
				"up": {"uv": [9, 4.25, 8, 4], "texture": "#0"},
				"down": {"uv": [9, 4.25, 8, 4.5], "texture": "#0"}
			}
		},
		{
			"from": [5, 9, 3],
			"to": [15, 11, 4],
			"faces": {
				"north": {"uv": [7, 1, 9.5, 1.5], "texture": "#0"},
				"east": {"uv": [8, 5.5, 8.25, 6], "texture": "#0"},
				"south": {"uv": [7, 1.5, 9.5, 2], "texture": "#0"},
				"west": {"uv": [8, 6, 8.25, 6.5], "texture": "#0"},
				"up": {"uv": [9.5, 3.75, 7, 3.5], "texture": "#0"},
				"down": {"uv": [9.5, 3.75, 7, 4], "texture": "#0"}
			}
		},
		{
			"from": [13, 2, 3],
			"to": [15, 9, 4],
			"faces": {
				"north": {"uv": [4, 6.75, 4.5, 8.5], "texture": "#0"},
				"east": {"uv": [6.5, 7.5, 6.75, 9.25], "texture": "#0"},
				"south": {"uv": [4.5, 6.75, 5, 8.5], "texture": "#0"},
				"west": {"uv": [6.75, 7.5, 7, 9.25], "texture": "#0"},
				"up": {"uv": [3.5, 6.75, 3, 6.5], "texture": "#0"},
				"down": {"uv": [8.5, 6.5, 8, 6.75], "texture": "#0"}
			}
		},
		{
			"from": [7, 11, 7],
			"to": [9, 12, 9],
			"faces": {
				"north": {"uv": [8, 6.75, 8.5, 7], "texture": "#0"},
				"east": {"uv": [8, 7, 8.5, 7.25], "texture": "#0"},
				"south": {"uv": [8, 7.25, 8.5, 7.5], "texture": "#0"},
				"west": {"uv": [8, 7.5, 8.5, 7.75], "texture": "#0"},
				"up": {"uv": [3.5, 6, 3, 5.5], "texture": "#0"},
				"down": {"uv": [3.5, 6, 3, 6.5], "texture": "#0"}
			}
		},
		{
			"from": [8, 12, 7.5],
			"to": [8, 19, 8.5],
			"rotation": {"angle": 45, "axis": "z", "origin": [8, 12, 8]},
			"faces": {
				"north": {"uv": [0, 0, 0, 1.75], "texture": "#0"},
				"east": {"uv": [7, 7.5, 7.25, 9.25], "texture": "#0"},
				"south": {"uv": [0, 0, 0, 1.75], "texture": "#0"},
				"west": {"uv": [7.25, 7.5, 7.5, 9.25], "texture": "#0"},
				"up": {"uv": [0, 0.25, 0, 0], "texture": "#0"},
				"down": {"uv": [0, 0, 0, 0.25], "texture": "#0"}
			}
		},
		{
			"from": [8, 12, 7.5],
			"to": [8, 18, 8.5],
			"rotation": {"angle": -22.5, "axis": "z", "origin": [8, 12, 8]},
			"faces": {
				"north": {"uv": [0, 0, 0, 1.5], "texture": "#0"},
				"east": {"uv": [7.5, 7.5, 7.75, 9], "texture": "#0"},
				"south": {"uv": [0, 0, 0, 1.5], "texture": "#0"},
				"west": {"uv": [7.75, 7.5, 8, 9], "texture": "#0"},
				"up": {"uv": [0, 0.25, 0, 0], "texture": "#0"},
				"down": {"uv": [0, 0, 0, 0.25], "texture": "#0"}
			}
		},
		{
			"from": [5, 2, 3.7],
			"to": [13, 9, 3.7],
			"faces": {
				"north": {"uv": [10, 0.25, 12, 2], "texture": "#0"},
				"east": {"uv": [0, 0, 0, 7], "texture": "#missing"},
				"south": {"uv": [0, 0, 8, 7], "texture": "#missing"},
				"west": {"uv": [0, 0, 0, 7], "texture": "#missing"},
				"up": {"uv": [0, 0, 8, 0], "texture": "#missing"},
				"down": {"uv": [0, 0, 8, 0], "texture": "#missing"}
			}
		}
	],
	"display": {
		"thirdperson_righthand": {
			"rotation": [75, 45, 0],
			"translation": [0, 2.5, 0],
			"scale": [0.375, 0.375, 0.375]
		},
		"thirdperson_lefthand": {
			"rotation": [75, 45, 0],
			"translation": [0, 2.5, 0],
			"scale": [0.375, 0.375, 0.375]
		},
		"firstperson_righthand": {
			"rotation": [0, 135, 15],
			"translation": [1.13, 3.2, 1.13],
			"scale": [0.68, 0.68, 0.68]
		},
		"firstperson_lefthand": {
			"rotation": [0, 135, 15],
			"translation": [1.13, 3.2, 1.13],
			"scale": [0.68, 0.68, 0.68]
		},
		"ground": {
			"translation": [0, 3, 0],
			"scale": [0.35, 0.35, 0.35]
		},
		"gui": {
			"rotation": [30, 225, 0],
			"translation": [-0.25, 0.75, 0],
			"scale": [0.8, 0.7, 0.8]
		},
		"head": {
			"translation": [-1.5, 3.5, 0.25],
			"scale": [1.57, 1.57, 1.57]
		},
		"fixed": {
			"translation": [0, 2.25, -1],
			"scale": [1.3, 1.3, 1.3]
		}
	}
}