{
	"texture_size": [64, 64],
	"textures": {
		"0": "./beekeeper_mask",
		"particle": "./beekeeper_mask"
	},
	"elements": [
		{
			"from": [4, 6, 4],
			"to": [12, 11, 12],
			"rotation": {"angle": 0, "axis": "y", "origin": [1, 0, 1]},
			"faces": {
				"north": {"uv": [0, 7, 2, 8.25], "texture": "#0"},
				"east": {"uv": [5.5, 7.25, 7.5, 8.5], "texture": "#0"},
				"south": {"uv": [7.5, 7.25, 9.5, 8.5], "texture": "#0"},
				"west": {"uv": [0, 8.25, 2, 9.5], "texture": "#0"},
				"up": {"uv": [8, 7.25, 6, 5.25], "texture": "#0"},
				"down": {"uv": [5.5, 6.75, 3.5, 8.75], "texture": "#0"}
			}
		},
		{
			"from": [1, 7, 1],
			"to": [15, 7, 15],
			"rotation": {"angle": 0, "axis": "y", "origin": [1, 0, 1]},
			"faces": {
				"north": {"uv": [0, 0, 3.5, 0], "texture": "#0"},
				"east": {"uv": [0, 0, 3.5, 0], "texture": "#0"},
				"south": {"uv": [0, 0, 3.5, 0], "texture": "#0"},
				"west": {"uv": [0, 0, 3.5, 0], "texture": "#0"},
				"up": {"uv": [3.5, 3.5, 0, 0], "texture": "#0"},
				"down": {"uv": [3.5, 3.5, 0, 7], "texture": "#0"}
			}
		},
		{
			"from": [2.7, -0.6, 2.7],
			"to": [13.3, 7, 13.3],
			"rotation": {"angle": 0, "axis": "y", "origin": [1, 0, 1]},
			"faces": {
				"north": {"uv": [3.5, 5, 6, 6.75], "texture": "#0"},
				"east": {"uv": [6, 0, 8.5, 1.75], "texture": "#0"},
				"south": {"uv": [6, 1.75, 8.5, 3.5], "texture": "#0"},
				"west": {"uv": [6, 3.5, 8.5, 5.25], "texture": "#0"},
				"up": {"uv": [6, 2.5, 3.5, 0], "texture": "#0"},
				"down": {"uv": [6, 2.5, 3.5, 5], "texture": "#0"}
			}
		}
	],
	"display": {
		"thirdperson_righthand": {
			"rotation": [75, 45, 0],
			"translation": [0, 2.5, 0],
			"scale": [0.375, 0.375, 0.375]
		},
		"thirdperson_lefthand": {
			"rotation": [75, 45, 0],
			"translation": [0, 2.5, 0],
			"scale": [0.375, 0.375, 0.375]
		},
		"firstperson_righthand": {
			"rotation": [0, 0, 15],
			"translation": [1.13, 3.2, 1.13],
			"scale": [0.68, 0.68, 0.68]
		},
		"firstperson_lefthand": {
			"rotation": [0, 0, 15],
			"translation": [1.13, 3.2, 1.13],
			"scale": [0.68, 0.68, 0.68]
		},
		"ground": {
			"translation": [0, 3, 0],
			"scale": [0.25, 0.25, 0.25]
		},
		"gui": {
			"rotation": [30, 225, 0],
			"translation": [0, 3, 0],
			"scale": [0.9, 0.9, 0.9]
		},
		"head": {
			"translation": [0, 4.75, 0],
			"scale": [1.61, 1.61, 1.61]
		},
		"fixed": {
			"translation": [0, 3.25, -1],
			"scale": [1.3, 1.3, 1.3]
		}
	}
}