{
	"texture_size": [32, 32],
	"textures": {
		"0": "./reindeer_antlers",
		"particle": "./reindeer_antlers"
	},
	"elements": [
		{
			"from": [4, 8, 7],
			"to": [12, 8, 9],
			"faces": {
				"north": {"uv": [0, 9, 4, 11], "texture": "#0"},
				"east": {"uv": [10, 1, 11, 3], "texture": "#0"},
				"south": {"uv": [4, 9, 8, 11], "texture": "#0"},
				"west": {"uv": [10, 3, 11, 5], "texture": "#0"},
				"up": {"uv": [12, 10, 8, 9], "texture": "#0"},
				"down": {"uv": [12, 9, 8, 10], "texture": "#0"}
			}
		},
		{
			"from": [12, 4, 7],
			"to": [12, 8, 9],
			"faces": {
				"north": {"uv": [0, 9, 4, 11], "texture": "#0"},
				"east": {"uv": [10, 1, 11, 3], "texture": "#0"},
				"south": {"uv": [4, 9, 8, 11], "texture": "#0"},
				"west": {"uv": [10, 3, 11, 5], "texture": "#0"},
				"up": {"uv": [12, 10, 8, 9], "texture": "#0"},
				"down": {"uv": [14, 0, 10, 1], "texture": "#0"}
			}
		},
		{
			"from": [4, 4, 7],
			"to": [4, 8, 9],
			"faces": {
				"north": {"uv": [0, 9, 4, 11], "texture": "#0"},
				"east": {"uv": [10, 1, 11, 3], "texture": "#0"},
				"south": {"uv": [4, 9, 8, 11], "texture": "#0"},
				"west": {"uv": [10, 3, 11, 5], "texture": "#0"},
				"up": {"uv": [12, 10, 8, 9], "texture": "#0"},
				"down": {"uv": [14, 0, 10, 1], "texture": "#0"}
			}
		},
		{
			"from": [7, 1, 2],
			"to": [9, 3, 4],
			"faces": {
				"north": {"uv": [10, 5, 11, 6], "texture": "#0"},
				"east": {"uv": [10, 6, 11, 7], "texture": "#0"},
				"south": {"uv": [10, 7, 11, 8], "texture": "#0"},
				"west": {"uv": [8, 10, 9, 11], "texture": "#0"},
				"up": {"uv": [11, 9, 10, 8], "texture": "#0"},
				"down": {"uv": [10, 10, 9, 11], "texture": "#0"}
			}
		},
		{
			"from": [-6, 4, 8],
			"to": [4, 13, 8],
			"rotation": {"angle": 22.5, "axis": "y", "origin": [4, 6, 8]},
			"faces": {
				"north": {"uv": [0, 0, 5, 4.5], "texture": "#0"},
				"east": {"uv": [0, 0, 0, 4.5], "texture": "#0"},
				"south": {"uv": [5, 0, 0, 4.5], "texture": "#0"},
				"west": {"uv": [0, 0, 0, 4.5], "texture": "#0"},
				"up": {"uv": [5, 0, 0, 0], "texture": "#0"},
				"down": {"uv": [5, 0, 0, 0], "texture": "#0"}
			}
		},
		{
			"from": [12, 4, 8],
			"to": [22, 13, 8],
			"rotation": {"angle": -22.5, "axis": "y", "origin": [12, 6, 8]},
			"faces": {
				"north": {"uv": [5, 0, 0, 4.5], "texture": "#0"},
				"east": {"uv": [0, 0, 0, 4.5], "texture": "#0"},
				"south": {"uv": [0, 0, 5, 4.5], "texture": "#0"},
				"west": {"uv": [0, 0, 0, 4.5], "texture": "#0"},
				"up": {"uv": [5, 0, 0, 0], "texture": "#0"},
				"down": {"uv": [5, 0, 0, 0], "texture": "#0"}
			}
		}
	],
	"display": {
		"thirdperson_righthand": {
			"rotation": [75, 45, 0],
			"translation": [0, 2.5, 0],
			"scale": [0.375, 0.375, 0.375]
		},
		"thirdperson_lefthand": {
			"rotation": [75, 45, 0],
			"translation": [0, 2.5, 0],
			"scale": [0.375, 0.375, 0.375]
		},
		"firstperson_righthand": {
			"rotation": [0, 0, 15],
			"translation": [1.13, 3.2, 1.13],
			"scale": [0.68, 0.68, 0.68]
		},
		"firstperson_lefthand": {
			"rotation": [0, 0, 15],
			"translation": [1.13, 3.2, 1.13],
			"scale": [0.68, 0.68, 0.68]
		},
		"ground": {
			"translation": [0, 3, 0],
			"scale": [0.25, 0.25, 0.25]
		},
		"gui": {
			"rotation": [30, 225, 0],
			"translation": [1.5, 1, 0],
			"scale": [0.9, 0.9, 0.9]
		},
		"head": {
			"translation": [0, 6.25, 0],
			"scale": [1.61, 1.61, 1.61]
		},
		"fixed": {
			"translation": [0, 3.25, -7],
			"scale": [1.3, 1.3, 1.3]
		}
	}
}