{
	"credit": "Made with Blockbench",
	"texture_size": [64, 64],
	"textures": {
		"0": "./demon_sword",
		"particle": "./demon_sword"
	},
	"elements": [
		{
			"from": [6.75, -0.25, 6.25],
			"to": [9.5, 4.5, 8.75],
			"rotation": {"angle": 0, "axis": "y", "origin": [-1.5, -0.25, 3]},
			"faces": {
				"north": {"uv": [5.5, 3.625, 6.25, 4.875], "texture": "#0"},
				"east": {"uv": [2.125, 6, 2.75, 7.25], "texture": "#0"},
				"south": {"uv": [1.375, 6, 2.125, 7.25], "texture": "#0"},
				"west": {"uv": [4.75, 4.75, 5.375, 6], "texture": "#0"},
				"up": {"uv": [7.25, 3.25, 6.5, 2.625], "texture": "#0"},
				"down": {"uv": [9.25, 1.5, 8.5, 2.125], "texture": "#0"}
			}
		},
		{
			"from": [6.5, 1.5, 6],
			"to": [9.75, 4.75, 9],
			"rotation": {"angle": 0, "axis": "y", "origin": [-1.5, -0.25, 3]},
			"faces": {
				"north": {"uv": [0, 5.875, 0.875, 6.75], "texture": "#0"},
				"east": {"uv": [0, 5.875, 0.875, 6.75], "texture": "#0"},
				"south": {"uv": [0, 5.875, 0.875, 6.75], "texture": "#0"},
				"west": {"uv": [0, 5.875, 0.875, 6.75], "texture": "#0"},
				"up": {"uv": [0.875, 6.75, 0, 5.875], "texture": "#0"},
				"down": {"uv": [0.875, 5.875, 0, 6.75], "texture": "#0"}
			}
		},
		{
			"from": [5, 3.75, 4.5],
			"to": [11.5, 11, 10.5],
			"rotation": {"angle": 0, "axis": "y", "origin": [-2.25, -0.25, 3]},
			"faces": {
				"north": {"uv": [0, 4, 1.5, 5.875], "texture": "#0"},
				"east": {"uv": [0, 4, 1.5, 5.875], "texture": "#0"},
				"south": {"uv": [0, 4, 1.5, 5.875], "texture": "#0"},
				"west": {"uv": [0, 4, 1.5, 5.875], "texture": "#0"},
				"up": {"uv": [8.375, 1.5, 6.75, 0], "texture": "#0"},
				"down": {"uv": [8.375, 0, 6.75, 1.5], "texture": "#0"}
			}
		},
		{
			"from": [6.5, 11, 5.5],
			"to": [10.5, 26.75, 9.75],
			"rotation": {"angle": 0, "axis": "y", "origin": [-2.25, -0.25, 3]},
			"faces": {
				"north": {"uv": [2.25, 0, 3.25, 4], "texture": "#0"},
				"east": {"uv": [0, 0, 1.125, 4], "texture": "#0"},
				"south": {"uv": [3.25, 0, 4.25, 4], "texture": "#0"},
				"west": {"uv": [1.125, 0, 2.25, 4], "texture": "#0"},
				"up": {"uv": [7.75, 2.625, 6.75, 1.5], "texture": "#0"},
				"down": {"uv": [6.5, 2.5, 5.5, 3.625], "texture": "#0"}
			}
		},
		{
			"from": [6.25, 22.25, 5.25],
			"to": [11.25, 31.75, 10.25],
			"rotation": {"angle": 0, "axis": "y", "origin": [-2.25, -0.25, 3]},
			"faces": {
				"north": {"uv": [2.75, 4, 4, 6.375], "texture": "#0"},
				"east": {"uv": [4.25, 0, 5.5, 2.375], "texture": "#0"},
				"south": {"uv": [4, 4, 2.75, 6.375], "texture": "#0"},
				"west": {"uv": [4.25, 2.375, 5.5, 4.75], "texture": "#0"},
				"up": {"uv": [6.75, 2.5, 5.5, 1.25], "texture": "#0"},
				"down": {"uv": [6.75, 0, 5.5, 1.25], "texture": "#0"}
			}
		},
		{
			"from": [6.25, 22.25, 5.25],
			"to": [11.25, 31.75, 10.25],
			"rotation": {"angle": 0, "axis": "y", "origin": [-2.25, -0.25, 3]},
			"faces": {
				"north": {"uv": [2.75, 4, 4, 6.375], "texture": "#0"},
				"east": {"uv": [4.25, 0, 5.5, 2.375], "texture": "#0"},
				"south": {"uv": [4, 4, 2.75, 6.375], "texture": "#0"},
				"west": {"uv": [4.25, 2.375, 5.5, 4.75], "texture": "#0"},
				"up": {"uv": [6.75, 2.5, 5.5, 1.25], "texture": "#0"},
				"down": {"uv": [6.75, 0, 5.5, 1.25], "texture": "#0"}
			}
		},
		{
			"from": [6.25, 22, 4.75],
			"to": [9.25, 26, 4.75],
			"rotation": {"angle": -22.5, "axis": "z", "origin": [8.75, 27, 10.25]},
			"faces": {
				"north": {"uv": [4, 4.75, 4.75, 5.75], "texture": "#0"},
				"south": {"uv": [4.75, 4.75, 4, 5.75], "texture": "#0"}
			}
		},
		{
			"from": [8.25, 13.5, 5],
			"to": [13.25, 21.5, 5],
			"rotation": {"angle": -22.5, "axis": "z", "origin": [8.75, 27, 10.25]},
			"faces": {
				"north": {"uv": [1.5, 4, 2.75, 6], "texture": "#0"},
				"south": {"uv": [2.75, 4, 1.5, 6], "texture": "#0"}
			}
		},
		{
			"from": [8.25, 13.5, 10.25],
			"to": [13.25, 21.5, 10.25],
			"rotation": {"angle": -22.5, "axis": "z", "origin": [8.75, 27, 10.25]},
			"faces": {
				"north": {"uv": [1.5, 4, 2.75, 6], "texture": "#0"},
				"south": {"uv": [2.75, 4, 1.5, 6], "texture": "#0"}
			}
		},
		{
			"from": [6.25, 22, 10.75],
			"to": [9.25, 26, 10.75],
			"rotation": {"angle": -22.5, "axis": "z", "origin": [8.75, 27, 10.25]},
			"faces": {
				"north": {"uv": [4, 4.75, 4.75, 5.75], "texture": "#0"},
				"south": {"uv": [4.75, 4.75, 4, 5.75], "texture": "#0"}
			}
		},
		{
			"name": "cube inverted",
			"from": [10.75, 26.75, 10],
			"to": [6.25, 11, 5.25],
			"rotation": {"angle": 0, "axis": "y", "origin": [-2.25, -0.25, 3]},
			"faces": {
				"north": {"uv": [13.5, 16, 14.5, 12], "texture": "#0"},
				"east": {"uv": [14.5, 15.875, 15.625, 11.875], "texture": "#0"},
				"south": {"uv": [12.625, 14.875, 13.625, 10.875], "texture": "#0"},
				"west": {"uv": [13.875, 16, 15, 12], "texture": "#0"},
				"down": {"uv": [14.125, 13.875, 15.125, 12.75], "texture": "#0"}
			}
		},
		{
			"name": "cube inverted",
			"from": [11.5, 32, 10.5],
			"to": [6, 22.25, 5],
			"rotation": {"angle": 0, "axis": "y", "origin": [-2.25, -0.25, 3]},
			"faces": {
				"north": {"uv": [14.5, 15.5, 13.25, 13.125], "texture": "#0"},
				"east": {"uv": [13, 13.75, 14.25, 11.375], "texture": "#0"},
				"south": {"uv": [11.625, 15.875, 12.875, 13.5], "texture": "#0"},
				"west": {"uv": [11.625, 15.375, 12.875, 13], "texture": "#0"},
				"up": {"uv": [13.375, 12.25, 14.625, 13.5], "texture": "#0"},
				"down": {"uv": [13.875, 13.75, 15.125, 12.5], "texture": "#0"}
			}
		},
		{
			"name": "cube inverted",
			"from": [11.75, 11.25, 10.75],
			"to": [4.75, 3.5, 4.25],
			"rotation": {"angle": 0, "axis": "y", "origin": [-2.25, -0.25, 3]},
			"faces": {
				"north": {"uv": [13.75, 6.375, 15.25, 4.5], "texture": "#0"},
				"east": {"uv": [13.75, 6.75, 15.25, 4.875], "texture": "#0"},
				"south": {"uv": [13.625, 6.875, 15.125, 5], "texture": "#0"},
				"west": {"uv": [14.5, 6.625, 16, 4.75], "texture": "#0"},
				"up": {"uv": [13.375, 5.125, 15, 6.625], "texture": "#0"},
				"down": {"uv": [14.375, 7.375, 16, 5.875], "texture": "#0"}
			}
		},
		{
			"name": "cube inverted",
			"from": [10, 5, 9.25],
			"to": [6.25, 1.25, 5.75],
			"rotation": {"angle": 0, "axis": "y", "origin": [-1.5, -0.25, 3]},
			"faces": {
				"north": {"uv": [13.125, 6.625, 14, 5.75], "texture": "#0"},
				"east": {"uv": [13.5, 6.5, 14.375, 5.625], "texture": "#0"},
				"south": {"uv": [14.125, 6.875, 15, 6], "texture": "#0"},
				"west": {"uv": [15.125, 5.625, 16, 4.75], "texture": "#0"},
				"up": {"uv": [9.625, 1.75, 11.5, 2.625], "texture": "#0"},
				"down": {"uv": [14.25, 5.5, 15.125, 4.625], "texture": "#0"}
			}
		},
		{
			"name": "cube inverted",
			"from": [9.75, 4.5, 9],
			"to": [6.5, -0.5, 6],
			"rotation": {"angle": 0, "axis": "y", "origin": [-1.5, -0.25, 3]},
			"faces": {
				"north": {"uv": [13, 14.25, 13.75, 13], "texture": "#0"},
				"east": {"uv": [13.625, 14.625, 14.25, 13.375], "texture": "#0"},
				"south": {"uv": [13, 14.375, 13.75, 13.125], "texture": "#0"},
				"west": {"uv": [14.5, 13.75, 15.125, 12.5], "texture": "#0"},
				"up": {"uv": [14.75, 12.875, 15.5, 13.5], "texture": "#0"},
				"down": {"uv": [12.875, 12.75, 13.625, 12.125], "texture": "#0"}
			}
		}
	],
	"display": {
		"thirdperson_righthand": {
			"rotation": [0, 90, 0],
			"translation": [0.25, 3, 2.5],
			"scale": [0.7, 0.7, 0.7]
		},
		"thirdperson_lefthand": {
			"rotation": [0, -90, 0],
			"translation": [-0.25, 3, 2.5],
			"scale": [0.7, 0.7, 0.7]
		},
		"firstperson_righthand": {
			"rotation": [-170.9, 61.76, -174.15],
			"translation": [9.75, -4.5, -10]
		},
		"firstperson_lefthand": {
			"rotation": [2.74, -59.74, -11.2],
			"translation": [4.5, -5.25, -7.5]
		},
		"ground": {
			"rotation": [90, 0, 0],
			"translation": [0, 3, 0],
			"scale": [0.6, 0.6, 0.6]
		},
		"gui": {
			"rotation": [0, 0, -44.75],
			"translation": [-4.5, -4, 0],
			"scale": [0.7, 0.7, 0.7]
		},
		"head": {
			"scale": [0.30664, 0.30664, 0.30664]
		},
		"fixed": {
			"translation": [0, -9.5, -5.5],
			"scale": [2, 2, 2]
		}
	}
}