{
	"credit": "Made with Blockbench",
	"texture_size": [32, 32],
	"textures": {
		"0": "./houston_mask",
		"particle": "./houston_mask"
	},
	"elements": [
		{
			"from": [6, 0, 5.7],
			"to": [11, 3, 7.4],
			"rotation": {"angle": 22.5, "axis": "x", "origin": [8.5, 1.5, 7]},
			"faces": {
				"north": {"uv": [12.5, 14, 16, 16], "texture": "#0"},
				"east": {"uv": [14.5, 9, 16, 11], "texture": "#0"},
				"south": {"uv": [12.5, 10.5, 16, 12.5], "texture": "#0"},
				"west": {"uv": [14.5, 9, 16, 11], "texture": "#0"},
				"down": {"uv": [16, 12.5, 12.5, 14], "texture": "#0"}
			}
		},
		{
			"from": [5, 2, 6],
			"to": [12, 10, 8],
			"faces": {
				"north": {"uv": [0, 7, 5, 13], "texture": "#0"},
				"east": {"uv": [7, 10, 8.5, 16], "texture": "#0"},
				"south": {"uv": [0, 1, 5, 7], "texture": "#0"},
				"west": {"uv": [8.5, 10, 10, 16], "texture": "#0"},
				"up": {"uv": [5, 16, 0, 14.5], "texture": "#0"},
				"down": {"uv": [5, 13, 0, 14.5], "texture": "#0"}
			}
		},
		{
			"from": [7.7, 4.1, 4.5],
			"to": [9.2, 5.6, 6],
			"rotation": {"angle": -22.5, "axis": "x", "origin": [8.25, 5.75, 5.25]},
			"faces": {
				"north": {"uv": [11, 14.5, 12.5, 16], "texture": "#0"},
				"east": {"uv": [12.5, 7.5, 14, 9], "texture": "#0"},
				"west": {"uv": [11, 11.5, 12.5, 13], "texture": "#0"},
				"up": {"uv": [14, 10.5, 12.5, 9], "texture": "#0"},
				"down": {"uv": [12.5, 13, 11, 14.5], "texture": "#0"}
			}
		},
		{
			"from": [12, 4.5, 8],
			"to": [12, 6.5, 15],
			"faces": {
				"east": {"uv": [5, 9, 7, 13.5], "rotation": 90, "texture": "#0"},
				"west": {"uv": [5, 9, 7, 13.5], "rotation": 90, "texture": "#0"}
			}
		},
		{
			"from": [7.5, 10, 8],
			"to": [9.5, 10, 15],
			"faces": {
				"up": {"uv": [7, 13.5, 5, 9], "texture": "#0"},
				"down": {"uv": [7, 9, 5, 13.5], "texture": "#0"}
			}
		},
		{
			"from": [5, 4.5, 8],
			"to": [5, 6.5, 15],
			"faces": {
				"east": {"uv": [5, 9, 7, 13.5], "rotation": 90, "texture": "#0"},
				"west": {"uv": [5, 9, 7, 13.5], "rotation": 90, "texture": "#0"}
			}
		},
		{
			"from": [7.3, 4.4, 15],
			"to": [9.8, 6.9, 16],
			"faces": {
				"north": {"uv": [7, 3, 9.5, 5.5], "texture": "#0"},
				"east": {"uv": [9.5, 7.5, 10.5, 10], "texture": "#0"},
				"south": {"uv": [7, 7.5, 9.5, 10], "texture": "#0"},
				"west": {"uv": [9.5, 5, 10.5, 7.5], "texture": "#0"},
				"up": {"uv": [9.5, 6.5, 7, 5.5], "texture": "#0"},
				"down": {"uv": [9.5, 6.5, 7, 7.5], "texture": "#0"}
			}
		},
		{
			"from": [9.8, 4.5, 15],
			"to": [12, 6.5, 15],
			"faces": {
				"north": {"uv": [7, 9, 5, 6.5], "rotation": 90, "texture": "#0"},
				"south": {"uv": [5, 6.5, 7, 9], "rotation": 90, "texture": "#0"}
			}
		},
		{
			"from": [7.5, 6.9, 15],
			"to": [9.5, 10, 15],
			"faces": {
				"north": {"uv": [5, 6.5, 7, 9], "texture": "#0"},
				"south": {"uv": [5, 6.5, 7, 9], "texture": "#0"}
			}
		},
		{
			"from": [5, 4.5, 15],
			"to": [7.3, 6.5, 15],
			"faces": {
				"north": {"uv": [5, 6.5, 7, 9], "rotation": 90, "texture": "#0"},
				"south": {"uv": [5, 6.5, 7, 9], "rotation": 90, "texture": "#0"}
			}
		},
		{
			"from": [5.2, 6.1, 5.9],
			"to": [7.7, 9.1, 5.9],
			"faces": {
				"north": {"uv": [5, 13.5, 7, 16], "texture": "#0"},
				"east": {"uv": [0, 0, 0, 1.5], "texture": "#0"},
				"south": {"uv": [12.5, 9, 10.5, 11.5], "texture": "#0"},
				"west": {"uv": [0, 0, 0, 1.5], "texture": "#0"},
				"up": {"uv": [1.5, 0, 0, 0], "texture": "#0"},
				"down": {"uv": [1.5, 0, 0, 0], "texture": "#0"}
			}
		},
		{
			"from": [9.2, 6.1, 5.9],
			"to": [11.8, 9.1, 5.9],
			"faces": {
				"north": {"uv": [7, 13.5, 5, 16], "texture": "#0"},
				"east": {"uv": [0, 0, 0, 1.5], "texture": "#0"},
				"south": {"uv": [10.5, 9, 12.5, 11.5], "texture": "#0"},
				"west": {"uv": [0, 0, 0, 1.5], "texture": "#0"},
				"up": {"uv": [1.5, 0, 0, 0], "texture": "#0"},
				"down": {"uv": [1.5, 0, 0, 0], "texture": "#0"}
			}
		},
		{
			"name": "cube inverted",
			"from": [12.2, 10.2, 7.9],
			"to": [4.8, 1.8, 5.8],
			"faces": {
				"north": {"uv": [12, 3.5, 16, 0], "texture": "#0"},
				"east": {"uv": [12, 3.5, 16, 0], "texture": "#0"},
				"south": {"uv": [12, 3.5, 16, 0], "texture": "#0"},
				"west": {"uv": [12, 3.5, 16, 0], "texture": "#0"},
				"up": {"uv": [12, 0, 16, 1.5], "texture": "#0"},
				"down": {"uv": [12, 3.5, 16, 0], "texture": "#0"}
			}
		},
		{
			"name": "cube inverted",
			"from": [9.4, 5.8, 6.1],
			"to": [7.5, 3.9, 4.3],
			"rotation": {"angle": -22.5, "axis": "x", "origin": [8.25, 5.75, 5.25]},
			"faces": {
				"east": {"uv": [14.5, 1.5, 16, 0], "texture": "#0"},
				"south": {"uv": [14.5, 1.5, 16, 0], "texture": "#0"},
				"west": {"uv": [14.5, 1.5, 16, 0], "texture": "#0"},
				"up": {"uv": [14.5, 0, 16, 1.5], "texture": "#0"},
				"down": {"uv": [14.5, 1.5, 16, 0], "texture": "#0"}
			}
		},
		{
			"name": "cube inverted",
			"from": [11.2, 3, 7.6],
			"to": [5.8, -0.2, 5.5],
			"rotation": {"angle": 22.5, "axis": "x", "origin": [8.5, 1.5, 7]},
			"faces": {
				"north": {"uv": [12.5, 2, 16, 0], "texture": "#0"},
				"east": {"uv": [14.5, 2, 16, 0], "texture": "#0"},
				"south": {"uv": [12.5, 2, 16, 0], "texture": "#0"},
				"west": {"uv": [14.5, 2, 16, 0], "texture": "#0"},
				"up": {"uv": [12.5, 0, 16, 1.5], "texture": "#0"}
			}
		}
	],
	"display": {
		"thirdperson_righthand": {
			"translation": [-0.25, 0, -3],
			"scale": [0.7, 0.7, 0.7]
		},
		"thirdperson_lefthand": {
			"translation": [0.25, 0, -3],
			"scale": [0.7, 0.7, 0.7]
		},
		"firstperson_righthand": {
			"translation": [1, 2.75, 0]
		},
		"firstperson_lefthand": {
			"translation": [1, 2.75, 0]
		},
		"ground": {
			"scale": [0.5, 0.5, 0.5]
		},
		"gui": {
			"rotation": [30, 135, 0],
			"translation": [-0.5, 2.5, 0]
		},
		"head": {
			"translation": [-1, 3.25, -5],
			"scale": [1.86133, 1.69141, 1.65234]
		},
		"fixed": {
			"rotation": [-14.5, 0, 0],
			"translation": [-1.25, 5.5, -2.75],
			"scale": [2, 2, 2]
		}
	}
}