{
	"credit": "Made with Blockbench",
	"textures": {
		"0": "./statue_mask"
	},
	"elements": [
		{
			"from": [3, 10, 2.5],
			"to": [13, 15, 13.5],
			"rotation": {"angle": 0, "axis": "y", "origin": [8, 11.5, 6.25]},
			"faces": {
				"north": {"uv": [0, 6.75, 2.5, 8], "texture": "#0"},
				"east": {"uv": [2.75, 6, 5.5, 7.25], "texture": "#0"},
				"south": {"uv": [5.5, 6, 8, 7.25], "texture": "#0"},
				"west": {"uv": [0, 5.5, 2.75, 6.75], "texture": "#0"},
				"up": {"uv": [2.5, 5.5, 0, 2.75], "rotation": 180, "texture": "#0"},
				"down": {"uv": [5, 2.75, 2.5, 5.5], "rotation": 180, "texture": "#0"}
			}
		},
		{
			"from": [3, 8, 10.5],
			"to": [13, 10, 13.5],
			"rotation": {"angle": 0, "axis": "y", "origin": [8, 11.5, 6.25]},
			"faces": {
				"north": {"uv": [7.5, 4.25, 10, 4.75], "texture": "#0"},
				"east": {"uv": [8.25, 2, 9, 2.5], "texture": "#0"},
				"south": {"uv": [7.5, 3.75, 10, 4.25], "texture": "#0"},
				"west": {"uv": [8.25, 1.5, 9, 2], "texture": "#0"},
				"up": {"uv": [9, 8, 6.5, 7.25], "rotation": 180, "texture": "#0"},
				"down": {"uv": [10, 3, 7.5, 3.75], "rotation": 180, "texture": "#0"}
			}
		},
		{
			"from": [3, 2, 2.5],
			"to": [13, 8, 13.5],
			"rotation": {"angle": 0, "axis": "y", "origin": [8, 11.5, 6.25]},
			"faces": {
				"north": {"uv": [5, 4.5, 7.5, 6], "texture": "#0"},
				"east": {"uv": [5, 1.5, 7.75, 3], "texture": "#0"},
				"south": {"uv": [5, 3, 7.5, 4.5], "texture": "#0"},
				"west": {"uv": [5, 0, 7.75, 1.5], "texture": "#0"},
				"up": {"uv": [2.5, 2.75, 0, 0], "rotation": 180, "texture": "#0"},
				"down": {"uv": [5, 0, 2.5, 2.75], "rotation": 180, "texture": "#0"}
			}
		},
		{
			"from": [12, 12, 9.5],
			"to": [20, 14, 11.5],
			"rotation": {"angle": 0, "axis": "y", "origin": [8, 11.5, 6.25]},
			"faces": {
				"north": {"uv": [7.5, 4.75, 9.5, 5.25], "texture": "#0"},
				"east": {"uv": [2, 8.5, 2.5, 9], "texture": "#0"},
				"south": {"uv": [2.75, 5.5, 4.75, 6], "texture": "#0"},
				"west": {"uv": [1.5, 8.5, 2, 9], "texture": "#0"},
				"up": {"uv": [9.5, 5.75, 7.5, 5.25], "rotation": 180, "texture": "#0"},
				"down": {"uv": [9.75, 0, 7.75, 0.5], "rotation": 180, "texture": "#0"}
			}
		},
		{
			"from": [-4, 12, 9.5],
			"to": [4, 14, 11.5],
			"rotation": {"angle": 0, "axis": "y", "origin": [8, 11.5, 6.25]},
			"faces": {
				"north": {"uv": [8, 5.75, 10, 6.25], "texture": "#0"},
				"east": {"uv": [7, 8.5, 7.5, 9], "texture": "#0"},
				"south": {"uv": [7.75, 2.5, 9.75, 3], "texture": "#0"},
				"west": {"uv": [6.5, 8.5, 7, 9], "texture": "#0"},
				"up": {"uv": [10, 6.75, 8, 6.25], "rotation": 180, "texture": "#0"},
				"down": {"uv": [8.5, 8, 6.5, 8.5], "rotation": 180, "texture": "#0"}
			}
		},
		{
			"from": [-4, 14, 9.5],
			"to": [0, 22, 11.5],
			"rotation": {"angle": 0, "axis": "y", "origin": [8, 11.5, 6.25]},
			"faces": {
				"north": {"uv": [5.5, 7.25, 6.5, 9.25], "texture": "#0"},
				"east": {"uv": [1, 8, 1.5, 10], "texture": "#0"},
				"south": {"uv": [4.5, 7.25, 5.5, 9.25], "texture": "#0"},
				"west": {"uv": [0.5, 8, 1, 10], "texture": "#0"},
				"up": {"uv": [9.25, 1, 8.25, 0.5], "rotation": 180, "texture": "#0"},
				"down": {"uv": [9.25, 1, 8.25, 1.5], "rotation": 180, "texture": "#0"}
			}
		},
		{
			"from": [16, 14, 9.5],
			"to": [20, 22, 11.5],
			"rotation": {"angle": 0, "axis": "y", "origin": [8, 11.5, 6.25]},
			"faces": {
				"north": {"uv": [3.5, 7.25, 4.5, 9.25], "texture": "#0"},
				"east": {"uv": [0, 8, 0.5, 10], "texture": "#0"},
				"south": {"uv": [2.5, 7.25, 3.5, 9.25], "texture": "#0"},
				"west": {"uv": [7.75, 0.5, 8.25, 2.5], "texture": "#0"},
				"up": {"uv": [2.5, 8.5, 1.5, 8], "rotation": 180, "texture": "#0"},
				"down": {"uv": [9, 6.75, 8, 7.25], "rotation": 180, "texture": "#0"}
			}
		},
		{
			"from": [4, 8, 3.5],
			"to": [12, 10, 10.5],
			"rotation": {"angle": 0, "axis": "y", "origin": [8, 11.5, 6.25]},
			"faces": {
				"north": {"uv": [8.5, 8, 9, 8.5], "texture": "#0"},
				"east": {"uv": [8.5, 8.5, 9, 9], "texture": "#0"},
				"south": {"uv": [7.5, 8.5, 8, 9], "texture": "#0"},
				"west": {"uv": [8, 8.5, 8.5, 9], "texture": "#0"},
				"up": {"uv": [2, 9.5, 1.5, 9], "rotation": 180, "texture": "#0"},
				"down": {"uv": [9.5, 1.5, 9, 2], "rotation": 180, "texture": "#0"}
			}
		},
		{
			"from": [5, 8, 4.5],
			"to": [11, 10, 10.5],
			"rotation": {"angle": 0, "axis": "y", "origin": [8, 11.5, 6.25]},
			"faces": {
				"north": {"uv": [8.5, 8, 9, 8.5], "texture": "#0"},
				"east": {"uv": [8.5, 8.5, 9, 9], "texture": "#0"},
				"south": {"uv": [7.5, 8.5, 8, 9], "texture": "#0"},
				"west": {"uv": [8, 8.5, 8.5, 9], "texture": "#0"},
				"up": {"uv": [2, 9.5, 1.5, 9], "rotation": 180, "texture": "#0"},
				"down": {"uv": [9.5, 1.5, 9, 2], "rotation": 180, "texture": "#0"}
			}
		},
		{
			"from": [3, 8, 2.5],
			"to": [13, 10, 10.5],
			"rotation": {"angle": 0, "axis": "y", "origin": [8, 11.5, 6.25]},
			"faces": {
				"north": {"uv": [8.5, 8, 9, 8.5], "texture": "#0"},
				"east": {"uv": [8.5, 8.5, 9, 9], "texture": "#0"},
				"south": {"uv": [7.5, 8.5, 8, 9], "texture": "#0"},
				"west": {"uv": [8, 8.5, 8.5, 9], "texture": "#0"},
				"up": {"uv": [2, 9.5, 1.5, 9], "rotation": 180, "texture": "#0"},
				"down": {"uv": [9.5, 1.5, 9, 2], "rotation": 180, "texture": "#0"}
			}
		}
	],
	"display": {
		"thirdperson_righthand": {
			"rotation": [-129, -29.37, 175.09],
			"translation": [0, 0, -1],
			"scale": [0.66016, 0.51758, 0.60547]
		},
		"thirdperson_lefthand": {
			"rotation": [-98.34, 10.81, -176.07],
			"scale": [0.63086, 0.50586, 0.59375]
		},
		"firstperson_righthand": {
			"rotation": [-10.31, -33.19, 3.72],
			"translation": [4.25, 1.5, -4.75]
		},
		"firstperson_lefthand": {
			"translation": [2.75, 1.75, -2.5],
			"scale": [0.76, 0.74, 0.75]
		},
		"ground": {
			"scale": [0.5, 0.5, 0.5]
		},
		"gui": {
			"rotation": [35, 130, 0],
			"translation": [0, -2, 0],
			"scale": [0.5, 0.5, 0.5]
		},
		"head": {
			"rotation": [0, 3, 0],
			"translation": [0, -1.25, 0],
			"scale": [1.55961, 1.25, 1.48]
		},
		"fixed": {
			"rotation": [90, 0, -180],
			"translation": [0, -1.5, -13.25],
			"scale": [2.46485, 2.29297, 2.33399]
		}
	}
}