{
	"credit": "Made with Blockbench",
	"texture_size": [64, 64],
	"textures": {
		"0": "./patapon",
		"particle": "./patapon"
	},
	"elements": [
		{
			"from": [8.25, 12.5, -1.75],
			"to": [16.25, 20.25, 5.5],
			"faces": {
				"north": {"uv": [0, 0, 2, 2], "texture": "#0"},
				"east": {"uv": [0, 2, 2, 4], "texture": "#0"},
				"south": {"uv": [2, 0, 4, 2], "texture": "#0"},
				"west": {"uv": [2, 2, 4, 4], "texture": "#0"},
				"up": {"uv": [2, 6, 0, 4], "texture": "#0"},
				"down": {"uv": [6, 0, 4, 2], "texture": "#0"}
			}
		},
		{
			"from": [9.75, 14, -2.25],
			"to": [14.75, 18.75, 5],
			"faces": {
				"north": {"uv": [7.5, 4.5, 8.875, 5.875], "texture": "#0"},
				"east": {"uv": [5.5, 4.5, 7.375, 5.875], "texture": "#0"},
				"south": {"uv": [1.25, 8, 2.625, 9.375], "texture": "#0"},
				"west": {"uv": [0, 6, 1.875, 7.375], "texture": "#0"},
				"up": {"uv": [7.375, 1.875, 6, 0], "texture": "#0"},
				"down": {"uv": [3.375, 6, 2, 7.875], "texture": "#0"}
			}
		},
		{
			"from": [9.75, 14, -2.25],
			"to": [14.75, 18.75, 5],
			"faces": {
				"north": {"uv": [7.5, 4.5, 8.875, 5.875], "texture": "#0"},
				"east": {"uv": [5.5, 4.5, 7.375, 5.875], "texture": "#0"},
				"south": {"uv": [1.25, 8, 2.625, 9.375], "texture": "#0"},
				"west": {"uv": [0, 6, 1.875, 7.375], "texture": "#0"},
				"up": {"uv": [7.375, 1.875, 6, 0], "texture": "#0"},
				"down": {"uv": [3.375, 6, 2, 7.875], "texture": "#0"}
			}
		},
		{
			"from": [9, 18.75, -1.25],
			"to": [15.75, 21, 4.75],
			"rotation": {"angle": 0, "axis": "y", "origin": [12.375, 19.875, 1.75]},
			"faces": {
				"north": {"uv": [2.75, 8, 4.5, 8.625], "texture": "#0"},
				"east": {"uv": [6.25, 8, 7.75, 8.625], "texture": "#0"},
				"south": {"uv": [4.5, 8, 6.25, 8.625], "texture": "#0"},
				"west": {"uv": [7.75, 8, 9.25, 8.625], "texture": "#0"},
				"up": {"uv": [3.75, 6, 2, 4.5], "texture": "#0"},
				"down": {"uv": [5.5, 4.5, 3.75, 6], "texture": "#0"}
			}
		},
		{
			"name": "cube inverted",
			"from": [16.5, 20.5, 5.75],
			"to": [8, 12.25, -2],
			"faces": {
				"north": {"uv": [12.4375, 12, 14, 10.53125], "texture": "#0"},
				"east": {"uv": [12.40625, 14, 13.96875, 12.53125], "texture": "#0"},
				"south": {"uv": [10.40625, 12, 11.96875, 10.53125], "texture": "#0"},
				"west": {"uv": [10.40625, 14, 11.96875, 12.53125], "texture": "#0"},
				"up": {"uv": [14.4375, 10.53125, 16, 12], "texture": "#0"},
				"down": {"uv": [13.78125, 2.5, 15.34375, 1.03125], "texture": "#0"}
			}
		},
		{
			"name": "cube inverted",
			"from": [16, 21.25, 5],
			"to": [8.75, 18.5, -1.5],
			"rotation": {"angle": 0, "axis": "y", "origin": [12.375, 19.875, 1.75]},
			"faces": {
				"north": {"uv": [11.25, 16, 13, 15.375], "texture": "#0"},
				"east": {"uv": [14.5, 16, 16, 15.375], "texture": "#0"},
				"south": {"uv": [9.53125, 16, 11.28125, 15.375], "texture": "#0"},
				"west": {"uv": [13, 16, 14.5, 15.375], "texture": "#0"},
				"up": {"uv": [10.53125, 11.875, 12.28125, 13.375], "texture": "#0"},
				"down": {"uv": [8.78125, 13.375, 10.53125, 11.875], "texture": "#0"}
			}
		},
		{
			"from": [16.25, 19.75, 2],
			"to": [20.75, 27.25, 2],
			"rotation": {"angle": -22.5, "axis": "z", "origin": [17.1875, 28.6875, 0.25]},
			"faces": {
				"north": {"uv": [3.5, 6, 4.625, 7.875], "texture": "#0"},
				"east": {"uv": [0, 0, 0, 1.875], "texture": "#0"},
				"south": {"uv": [4.75, 6, 5.875, 7.875], "texture": "#0"},
				"west": {"uv": [0, 0, 0, 1.875], "texture": "#0"},
				"up": {"uv": [1.125, 0, 0, 0], "texture": "#0"},
				"down": {"uv": [1.125, 0, 0, 0], "texture": "#0"}
			}
		},
		{
			"from": [10, 20.25, 2],
			"to": [14.5, 27.75, 2],
			"rotation": {"angle": 0, "axis": "y", "origin": [17.1875, 28.6875, 0.25]},
			"faces": {
				"north": {"uv": [6, 6, 7.125, 7.875], "texture": "#0"},
				"east": {"uv": [0, 0, 0, 1.875], "texture": "#0"},
				"south": {"uv": [5.875, 6, 7, 7.875], "texture": "#0"},
				"west": {"uv": [0, 0, 0, 1.875], "texture": "#0"},
				"up": {"uv": [1.125, 0, 0, 0], "texture": "#0"},
				"down": {"uv": [1.125, 0, 0, 0], "texture": "#0"}
			}
		},
		{
			"from": [4.75, 23.75, 2],
			"to": [9.25, 31.25, 2],
			"rotation": {"angle": 22.5, "axis": "z", "origin": [17.1875, 28.6875, 0.25]},
			"faces": {
				"north": {"uv": [0, 7.5, 1.125, 9.375], "texture": "#0"},
				"east": {"uv": [0, 0, 0, 1.875], "texture": "#0"},
				"south": {"uv": [7.5, 0, 8.625, 1.875], "texture": "#0"},
				"west": {"uv": [0, 0, 0, 1.875], "texture": "#0"},
				"up": {"uv": [1.125, 0, 0, 0], "texture": "#0"},
				"down": {"uv": [1.125, 0, 0, 0], "texture": "#0"}
			}
		},
		{
			"from": [14.5468, 13.94728, 1.25],
			"to": [20.0468, 15.44728, 2.5],
			"rotation": {"angle": 22.5, "axis": "z", "origin": [12.2317, 17.24125, 1.9375]},
			"faces": {
				"north": {"uv": [4, 3.5, 5.375, 3.875], "texture": "#0"},
				"east": {"uv": [3, 10.25, 3.375, 10.625], "texture": "#0"},
				"south": {"uv": [5.5, 3.5, 6.875, 3.875], "texture": "#0"},
				"west": {"uv": [10.25, 4.25, 10.625, 4.625], "texture": "#0"},
				"up": {"uv": [8.375, 3.875, 7, 3.5], "texture": "#0"},
				"down": {"uv": [9.875, 3.5, 8.5, 3.875], "texture": "#0"}
			}
		},
		{
			"from": [18.5468, 13.69728, 0.75],
			"to": [20.7968, 15.69728, 3.25],
			"rotation": {"angle": 22.5, "axis": "z", "origin": [12.2317, 17.24125, 1.9375]},
			"faces": {
				"north": {"uv": [9.25, 4, 9.875, 4.5], "texture": "#0"},
				"east": {"uv": [5, 9.25, 5.625, 9.75], "texture": "#0"},
				"south": {"uv": [9.25, 8, 9.875, 8.5], "texture": "#0"},
				"west": {"uv": [0, 9.5, 0.625, 10], "texture": "#0"},
				"up": {"uv": [6.625, 9.375, 6, 8.75], "texture": "#0"},
				"down": {"uv": [7.375, 8.75, 6.75, 9.375], "texture": "#0"}
			}
		},
		{
			"from": [4.44908, 13.86885, 1.25],
			"to": [9.94908, 15.36885, 2.5],
			"rotation": {"angle": -22.5, "axis": "z", "origin": [12.2317, 17.24125, 1.9375]},
			"faces": {
				"north": {"uv": [8.5, 6, 9.875, 6.375], "texture": "#0"},
				"east": {"uv": [5, 10.25, 5.375, 10.625], "texture": "#0"},
				"south": {"uv": [8.5, 6.5, 9.875, 6.875], "texture": "#0"},
				"west": {"uv": [8, 10.25, 8.375, 10.625], "texture": "#0"},
				"up": {"uv": [9.875, 7.375, 8.5, 7], "texture": "#0"},
				"down": {"uv": [9.875, 7.5, 8.5, 7.875], "texture": "#0"}
			}
		},
		{
			"from": [3.69908, 13.61885, 0.75],
			"to": [5.94908, 15.61885, 3.25],
			"rotation": {"angle": -22.5, "axis": "z", "origin": [12.2317, 17.24125, 1.9375]},
			"faces": {
				"north": {"uv": [0.75, 9.5, 1.375, 10], "texture": "#0"},
				"east": {"uv": [9.5, 1, 10.125, 1.5], "texture": "#0"},
				"south": {"uv": [1.5, 9.5, 2.125, 10], "texture": "#0"},
				"west": {"uv": [9.5, 1.5, 10.125, 2], "texture": "#0"},
				"up": {"uv": [8.125, 9.375, 7.5, 8.75], "texture": "#0"},
				"down": {"uv": [8.875, 8.75, 8.25, 9.375], "texture": "#0"}
			}
		},
		{
			"name": "cube inverted",
			"from": [9.94908, 15.61885, 3],
			"to": [4.19908, 13.61885, 1],
			"rotation": {"angle": -22.5, "axis": "z", "origin": [12.2317, 17.24125, 1.9375]},
			"faces": {
				"north": {"uv": [14.625, 11.25, 16, 10.875], "texture": "#0"},
				"east": {"uv": [10.25, 15.125, 10.625, 14.75], "texture": "#0"},
				"south": {"uv": [14.125, 11.625, 15.5, 11.25], "texture": "#0"},
				"west": {"uv": [7.75, 13.75, 8.125, 13.375], "texture": "#0"},
				"up": {"uv": [11.375, 12.25, 12.75, 12.625], "texture": "#0"},
				"down": {"uv": [14.125, 12.125, 15.5, 11.75], "texture": "#0"}
			}
		},
		{
			"name": "cube inverted",
			"from": [6.19908, 15.86885, 3.5],
			"to": [3.44908, 13.36885, 0.5],
			"rotation": {"angle": -22.5, "axis": "z", "origin": [12.2317, 17.24125, 1.9375]},
			"faces": {
				"north": {"uv": [11.25, 13.625, 11.875, 13.125], "texture": "#0"},
				"east": {"uv": [14.125, 10.75, 14.75, 10.25], "texture": "#0"},
				"south": {"uv": [10.75, 12.25, 11.375, 11.75], "texture": "#0"},
				"west": {"uv": [13.375, 3.125, 14, 2.625], "texture": "#0"},
				"up": {"uv": [12.125, 12.75, 12.75, 13.375], "texture": "#0"},
				"down": {"uv": [9.25, 13.625, 9.875, 13], "texture": "#0"}
			}
		},
		{
			"name": "cube inverted",
			"from": [20.0468, 15.69728, 2.75],
			"to": [14.5468, 13.69728, 1],
			"rotation": {"angle": 22.5, "axis": "z", "origin": [12.2317, 17.24125, 1.9375]},
			"faces": {
				"north": {"uv": [13.25, 10.5, 14.625, 9.125], "texture": "#0"},
				"east": {"uv": [15.625, 11, 16, 9.625], "texture": "#0"},
				"south": {"uv": [14.25, 13, 15.5, 13.625], "texture": "#0"},
				"west": {"uv": [8.375, 16, 8.75, 15.625], "texture": "#0"},
				"up": {"uv": [13.5, 11, 14.875, 12.375], "texture": "#0"},
				"down": {"uv": [12, 12.375, 13.375, 11], "texture": "#0"}
			}
		},
		{
			"name": "cube inverted",
			"from": [20.7968, 15.94728, 3.5],
			"to": [18.2968, 13.44728, 0.5],
			"rotation": {"angle": 22.5, "axis": "z", "origin": [12.2317, 17.24125, 1.9375]},
			"faces": {
				"north": {"uv": [12.625, 12, 13.25, 11.5], "texture": "#0"},
				"east": {"uv": [8.125, 14.625, 8.75, 14.125], "texture": "#0"},
				"south": {"uv": [13.75, 9.5, 14.375, 9], "texture": "#0"},
				"west": {"uv": [8.5, 12.625, 9.125, 12.125], "texture": "#0"},
				"up": {"uv": [15.375, 10.25, 16, 10.875], "texture": "#0"},
				"down": {"uv": [13.375, 5.25, 14, 4.625], "texture": "#0"}
			}
		},
		{
			"from": [-3.75, 17.5, 1],
			"to": [-1, 19.5, 3.25],
			"rotation": {"angle": 0, "axis": "y", "origin": [0, 0, 1.25]},
			"faces": {
				"north": {"uv": [1.25, 7.5, 2, 8], "texture": "#0"},
				"east": {"uv": [2.25, 9.5, 2.875, 10], "texture": "#0"},
				"south": {"uv": [9, 4.5, 9.75, 5], "texture": "#0"},
				"west": {"uv": [5.75, 9.5, 6.375, 10], "texture": "#0"},
				"up": {"uv": [9.5, 1.625, 8.75, 1], "texture": "#0"},
				"down": {"uv": [3.5, 8.75, 2.75, 9.375], "texture": "#0"}
			}
		},
		{
			"from": [0.75, 17.5, 1],
			"to": [2, 19.5, 3.25],
			"rotation": {"angle": 0, "axis": "y", "origin": [0, 0, 1.25]},
			"faces": {
				"north": {"uv": [4.5, 10, 4.875, 10.5], "texture": "#0"},
				"east": {"uv": [6.5, 9.5, 7.125, 10], "texture": "#0"},
				"south": {"uv": [10, 5, 10.375, 5.5], "texture": "#0"},
				"west": {"uv": [7.25, 9.5, 7.875, 10], "texture": "#0"},
				"up": {"uv": [1.875, 10.625, 1.5, 10], "texture": "#0"},
				"down": {"uv": [2.375, 10, 2, 10.625], "texture": "#0"}
			}
		},
		{
			"from": [-4.75, 17.75, 1.25],
			"to": [-1, 19.25, 3],
			"rotation": {"angle": 0, "axis": "y", "origin": [0, 0, 1.25]},
			"faces": {
				"north": {"uv": [9, 5, 10, 5.375], "texture": "#0"},
				"east": {"uv": [5.5, 10, 6, 10.375], "texture": "#0"},
				"south": {"uv": [9, 5.5, 10, 5.875], "texture": "#0"},
				"west": {"uv": [10, 5.5, 10.5, 5.875], "texture": "#0"},
				"up": {"uv": [9.75, 0.5, 8.75, 0], "texture": "#0"},
				"down": {"uv": [9.75, 0.5, 8.75, 1], "texture": "#0"}
			}
		},
		{
			"from": [-6, 18, 1.5],
			"to": [-1, 19, 2.75],
			"rotation": {"angle": 0, "axis": "y", "origin": [0, 0, 1.25]},
			"faces": {
				"north": {"uv": [9.25, 8.5, 10.5, 8.75], "texture": "#0"},
				"east": {"uv": [0.5, 10.5, 0.875, 10.75], "texture": "#0"},
				"south": {"uv": [8, 9.5, 9.25, 9.75], "texture": "#0"},
				"west": {"uv": [10.5, 0.5, 10.875, 0.75], "texture": "#0"},
				"up": {"uv": [4.75, 9.125, 3.5, 8.75], "texture": "#0"},
				"down": {"uv": [6, 8.75, 4.75, 9.125], "texture": "#0"}
			}
		},
		{
			"from": [-2.5, 17.75, 1.25],
			"to": [25.75, 19.25, 2.75],
			"rotation": {"angle": 0, "axis": "y", "origin": [0, 0, 1.25]},
			"faces": {
				"north": {"uv": [2, 4, 9.125, 4.375], "texture": "#0"},
				"east": {"uv": [8.5, 10.25, 8.875, 10.625], "texture": "#0"},
				"south": {"uv": [4, 2, 11.125, 2.375], "texture": "#0"},
				"west": {"uv": [9.25, 10.25, 9.625, 10.625], "texture": "#0"},
				"up": {"uv": [11.125, 2.875, 4, 2.5], "texture": "#0"},
				"down": {"uv": [11.125, 3, 4, 3.375], "texture": "#0"}
			}
		},
		{
			"name": "cube inverted",
			"from": [25.75, 19.5, 3],
			"to": [-2.5, 17.5, 1],
			"rotation": {"angle": 0, "axis": "y", "origin": [0, 0, 1.25]},
			"faces": {
				"north": {"uv": [8.875, 12.5, 16, 12.125], "texture": "#0"},
				"east": {"uv": [11, 11.5, 11.375, 11.125], "texture": "#0"},
				"south": {"uv": [11.75, 11.5, 16, 11.125], "texture": "#0"},
				"west": {"uv": [9.625, 11.875, 10, 11.5], "texture": "#0"},
				"up": {"uv": [7.375, 14.25, 14.5, 14.625], "texture": "#0"},
				"down": {"uv": [7.5, 13.625, 14.625, 13.25], "texture": "#0"}
			}
		},
		{
			"name": "cube inverted",
			"from": [2, 19.75, 3.5],
			"to": [0.75, 17.25, 0.75],
			"rotation": {"angle": 0, "axis": "y", "origin": [0, 0, 1.25]},
			"faces": {
				"north": {"uv": [13.625, 9.25, 14, 8.75], "texture": "#0"},
				"east": {"uv": [14.875, 1.5, 15.5, 1], "texture": "#0"},
				"south": {"uv": [12.375, 12.75, 12.75, 12.25], "texture": "#0"},
				"west": {"uv": [11.5, 2, 12.125, 1.5], "texture": "#0"},
				"up": {"uv": [10.125, 12.875, 10.5, 13.5], "texture": "#0"},
				"down": {"uv": [10.375, 15.125, 10.75, 14.5], "texture": "#0"}
			}
		},
		{
			"name": "cube inverted",
			"from": [-0.75, 19.75, 3.5],
			"to": [-4, 17.25, 0.75],
			"rotation": {"angle": 0, "axis": "y", "origin": [0, 0, 1.25]},
			"faces": {
				"north": {"uv": [14, 9.125, 14.75, 8.625], "texture": "#0"},
				"east": {"uv": [2.25, 13.625, 2.875, 13.125], "texture": "#0"},
				"south": {"uv": [14.875, 15.75, 15.5, 16], "texture": "#0"},
				"west": {"uv": [8.75, 14.25, 9.375, 13.75], "texture": "#0"},
				"up": {"uv": [6.75, 15.125, 7.5, 15.75], "texture": "#0"},
				"down": {"uv": [12.625, 11.875, 13.375, 11.25], "texture": "#0"}
			}
		},
		{
			"name": "cube inverted",
			"from": [-0.75, 19.5, 3.25],
			"to": [-4.75, 17.5, 1],
			"rotation": {"angle": 0, "axis": "y", "origin": [0, 0, 1.25]},
			"faces": {
				"north": {"uv": [11, 14.125, 12, 13.75], "texture": "#0"},
				"east": {"uv": [14.25, 10.125, 14.75, 9.75], "texture": "#0"},
				"south": {"uv": [13.5, 16, 14.5, 15.625], "texture": "#0"},
				"west": {"uv": [11.625, 13.25, 12.125, 12.875], "texture": "#0"},
				"up": {"uv": [13.25, 11.125, 14.25, 11.625], "texture": "#0"},
				"down": {"uv": [8.75, 0.5, 9.75, 0], "texture": "#0"}
			}
		},
		{
			"name": "cube inverted",
			"from": [-1, 19.25, 3],
			"to": [-6.25, 17.75, 1.5],
			"rotation": {"angle": 0, "axis": "y", "origin": [0, 0, 1.25]},
			"faces": {
				"north": {"uv": [9.5, 14.75, 10.75, 14.5], "texture": "#0"},
				"east": {"uv": [11.5, 12.875, 11.875, 12.625], "texture": "#0"},
				"south": {"uv": [9.75, 13, 11, 12.75], "texture": "#0"},
				"west": {"uv": [10.375, 12.25, 10.75, 12], "texture": "#0"},
				"up": {"uv": [13, 11, 14.25, 11.375], "texture": "#0"},
				"down": {"uv": [7.75, 14.125, 11.125, 13.25], "texture": "#0"}
			}
		},
		{
			"from": [15.75, 10.25, 1.25],
			"to": [17, 12.75, 3],
			"rotation": {"angle": 22.5, "axis": "z", "origin": [14.625, 6.75, 2.125]},
			"faces": {
				"north": {"uv": [2.5, 10, 2.875, 10.625], "texture": "#0"},
				"east": {"uv": [3, 9.5, 3.5, 10.125], "texture": "#0"},
				"south": {"uv": [3.5, 10, 3.875, 10.625], "texture": "#0"},
				"west": {"uv": [9.5, 8.75, 10, 9.375], "texture": "#0"},
				"up": {"uv": [6.375, 10.5, 6, 10], "texture": "#0"},
				"down": {"uv": [10.375, 6, 10, 6.5], "texture": "#0"}
			}
		},
		{
			"from": [11.25, 9.75, 1.25],
			"to": [12.5, 12.75, 3],
			"rotation": {"angle": 22.5, "axis": "z", "origin": [14.625, 6.75, 2.125]},
			"faces": {
				"north": {"uv": [10, 10, 10.25, 10.75], "texture": "#0"},
				"east": {"uv": [4, 9.25, 4.5, 10], "texture": "#0"},
				"south": {"uv": [10.25, 0, 10.5, 0.75], "texture": "#0"},
				"west": {"uv": [4.5, 9.25, 5, 10], "texture": "#0"},
				"up": {"uv": [10.75, 0.5, 10.5, 0], "texture": "#0"},
				"down": {"uv": [0.5, 10.5, 0.25, 11], "texture": "#0"}
			}
		},
		{
			"from": [13.48726, 9.85508, 1.25],
			"to": [14.73726, 12.85508, 3],
			"rotation": {"angle": -22.5, "axis": "z", "origin": [10.36226, 9.85508, 2.125]},
			"faces": {
				"north": {"uv": [10, 10, 10.25, 10.75], "texture": "#0"},
				"east": {"uv": [4, 9.25, 4.5, 10], "texture": "#0"},
				"south": {"uv": [10.25, 0, 10.5, 0.75], "texture": "#0"},
				"west": {"uv": [4.5, 9.25, 5, 10], "texture": "#0"},
				"up": {"uv": [10.75, 0.5, 10.5, 0], "texture": "#0"},
				"down": {"uv": [0.5, 10.5, 0.25, 11], "texture": "#0"}
			}
		},
		{
			"from": [9.54958, 11.06911, 1.25],
			"to": [11.04958, 13.56911, 3],
			"rotation": {"angle": -22.5, "axis": "z", "origin": [9.17458, 12.06911, 2.125]},
			"faces": {
				"north": {"uv": [10, 3.5, 10.375, 4.125], "texture": "#0"},
				"east": {"uv": [9.25, 9.5, 9.75, 10.125], "texture": "#0"},
				"south": {"uv": [4, 10, 4.375, 10.625], "texture": "#0"},
				"west": {"uv": [9.75, 0, 10.25, 0.625], "texture": "#0"},
				"up": {"uv": [10.625, 1.25, 10.25, 0.75], "texture": "#0"},
				"down": {"uv": [10.625, 1.25, 10.25, 1.75], "texture": "#0"}
			}
		},
		{
			"from": [9.5, 8, 1.5],
			"to": [11.25, 8.75, 2.75],
			"faces": {
				"north": {"uv": [7.25, 7, 7.75, 7.25], "texture": "#0"},
				"east": {"uv": [2.25, 1, 2.625, 1.25], "texture": "#0"},
				"south": {"uv": [1.75, 2.375, 2.25, 2.625], "texture": "#0"},
				"west": {"uv": [7.75, 6, 8.125, 6.25], "texture": "#0"},
				"up": {"uv": [0.875, 3.25, 0.375, 2.875], "texture": "#0"},
				"down": {"uv": [7.75, 8.25, 7.25, 8.625], "texture": "#0"}
			}
		},
		{
			"from": [13.25, 8, 1.25],
			"to": [15, 8.75, 2.75],
			"faces": {
				"north": {"uv": [7.25, 7.75, 7.75, 8], "texture": "#0"},
				"east": {"uv": [7.75, 7.5, 8.125, 7.75], "texture": "#0"},
				"south": {"uv": [7.75, 7.25, 8.25, 7.5], "texture": "#0"},
				"west": {"uv": [7.75, 7.75, 8.125, 8], "texture": "#0"},
				"up": {"uv": [8.25, 6.625, 7.75, 6.25], "texture": "#0"},
				"down": {"uv": [8.25, 6.75, 7.75, 7.125], "texture": "#0"}
			}
		},
		{
			"name": "cube inverted",
			"from": [17.25, 13, 3],
			"to": [15.5, 10, 1],
			"rotation": {"angle": 22.5, "axis": "z", "origin": [14.625, 6.75, 2.125]},
			"faces": {
				"north": {"uv": [11.375, 5.75, 11.75, 5.125], "texture": "#0"},
				"east": {"uv": [15, 3.875, 15.5, 3.25], "texture": "#0"},
				"south": {"uv": [9.5, 12, 9.875, 11.375], "texture": "#0"},
				"west": {"uv": [9.125, 13.75, 9.625, 13.125], "texture": "#0"},
				"up": {"uv": [14.875, 4.375, 15.25, 4.875], "texture": "#0"},
				"down": {"uv": [15.625, 12.625, 16, 12.125], "texture": "#0"}
			}
		},
		{
			"name": "cube inverted",
			"from": [14.98726, 12.85508, 3.25],
			"to": [13.23726, 9.60508, 1],
			"rotation": {"angle": -22.5, "axis": "z", "origin": [10.36226, 9.85508, 2.125]},
			"faces": {
				"north": {"uv": [12.875, 9.875, 13.125, 9.125], "texture": "#0"},
				"east": {"uv": [15.5, 11.375, 16, 10.625], "texture": "#0"},
				"south": {"uv": [15.25, 10.75, 15.5, 10], "texture": "#0"},
				"west": {"uv": [12.125, 11.75, 12.625, 11], "texture": "#0"},
				"up": {"uv": [13.625, 5.25, 13.875, 5.75], "texture": "#0"},
				"down": {"uv": [14.375, 2.375, 14.625, 1.875], "texture": "#0"}
			}
		},
		{
			"name": "cube inverted",
			"from": [15.25, 9, 3],
			"to": [13, 7.75, 1],
			"faces": {
				"north": {"uv": [14.125, 12, 14.625, 11.75], "texture": "#0"},
				"east": {"uv": [11.75, 14.125, 12.125, 13.875], "texture": "#0"},
				"south": {"uv": [10.75, 14.25, 11.25, 14], "texture": "#0"},
				"west": {"uv": [14, 11.125, 14.375, 10.875], "texture": "#0"},
				"up": {"uv": [11.625, 12.875, 12.125, 13.25], "texture": "#0"},
				"down": {"uv": [12.125, 3.125, 12.625, 2.75], "texture": "#0"}
			}
		},
		{
			"name": "cube inverted",
			"from": [12.75, 13, 3.25],
			"to": [11, 9.5, 0.75],
			"rotation": {"angle": 22.5, "axis": "z", "origin": [14.625, 6.75, 2.125]},
			"faces": {
				"north": {"uv": [14.125, 8.75, 14.375, 8], "texture": "#0"},
				"east": {"uv": [12.25, 14.5, 12.75, 13.75], "texture": "#0"},
				"south": {"uv": [11.75, 12, 12, 11.25], "texture": "#0"},
				"west": {"uv": [12, 2.25, 12.5, 1.5], "texture": "#0"},
				"up": {"uv": [4, 12.875, 4.25, 13.375], "texture": "#0"},
				"down": {"uv": [14.5, 5, 14.75, 4.5], "texture": "#0"}
			}
		},
		{
			"name": "cube inverted",
			"from": [11.5, 9, 3],
			"to": [9.25, 7.75, 1.25],
			"faces": {
				"north": {"uv": [13.625, 14, 14.125, 13.75], "texture": "#0"},
				"east": {"uv": [13, 9.625, 13.375, 9.375], "texture": "#0"},
				"south": {"uv": [10.125, 11.625, 10.625, 11.375], "texture": "#0"},
				"west": {"uv": [12.5, 12.5, 12.875, 12.25], "texture": "#0"},
				"up": {"uv": [15.5, 10.625, 16, 11], "texture": "#0"},
				"down": {"uv": [14.125, 11.25, 14.625, 10.875], "texture": "#0"}
			}
		},
		{
			"name": "cube inverted",
			"from": [11.29958, 13.81911, 3.25],
			"to": [9.29958, 10.81911, 1],
			"rotation": {"angle": -22.5, "axis": "z", "origin": [9.17458, 12.06911, 2.125]},
			"faces": {
				"north": {"uv": [12.125, 14.5, 12.5, 13.875], "texture": "#0"},
				"east": {"uv": [13.5, 10.625, 14, 10], "texture": "#0"},
				"south": {"uv": [14.125, 14, 14.5, 13.375], "texture": "#0"},
				"west": {"uv": [15.5, 14.875, 16, 14.25], "texture": "#0"},
				"up": {"uv": [14, 3.125, 14.375, 3.625], "texture": "#0"},
				"down": {"uv": [15.375, 14.625, 15.75, 14.125], "texture": "#0"}
			}
		}
	],
	"display": {
		"thirdperson_righthand": {
			"rotation": [-15, 0, 0],
			"translation": [-1.75, -4.75, 3],
			"scale": [0.45703, 0.45703, 0.45703]
		},
		"thirdperson_lefthand": {
			"translation": [1.5, -5.5, 2.75],
			"scale": [0.45313, 0.45313, 0.45313]
		},
		"firstperson_righthand": {
			"rotation": [173.92, 36, -174.49],
			"translation": [7.25, -3, -6.75]
		},
		"firstperson_lefthand": {
			"rotation": [165.29, 41.94, -158.6],
			"translation": [0.5, -0.5, -6.25],
			"scale": [0.68945, 0.68945, 0.68945]
		},
		"ground": {
			"translation": [-8, -3.25, 6]
		},
		"gui": {
			"rotation": [30, 135, 0],
			"translation": [3.5, -4, 0],
			"scale": [0.6, 0.6, 0.6]
		},
		"head": {
			"translation": [-2.75, 6, 4.5],
			"scale": [0.72461, 0.72461, 0.72461]
		},
		"fixed": {
			"rotation": [-82.25, 0, 0],
			"translation": [-10.75, 12, 2.25],
			"scale": [2.61328, 2.61328, 2.61328]
		}
	},
	"groups": [
		{
			"name": "group",
			"origin": [0, 0, 0],
			"color": 0,
			"children": [0, 1, 2, 3, 4, 5]
		},
		{
			"name": "group",
			"origin": [0, 0, 0],
			"color": 0,
			"children": [6, 7, 8]
		},
		{
			"name": "group",
			"origin": [19, 16.75, 0.625],
			"color": 0,
			"children": [
				9,
				10,
				{
					"name": "group",
					"origin": [19, 16.75, 0.625],
					"color": 0,
					"children": [11, 12, 13, 14]
				},
				15,
				16
			]
		},
		{
			"name": "group",
			"origin": [0, 0, 0],
			"color": 0,
			"children": [17, 18, 19, 20, 21, 22, 23, 24, 25, 26]
		},
		{
			"name": "group",
			"origin": [9.17458, 12.06911, 2.125],
			"color": 0,
			"children": [27, 28, 29, 30, 31, 32, 33, 34, 35, 36, 37, 38]
		}
	]
}