{
	"credit": "Made with Blockbench",
	"textures": {
		"0": "./medkit",
		"particle": "./medkit"
	},
	"elements": [
		{
			"from": [10, 0, 2],
			"to": [13, 2, 11],
			"faces": {
				"west": {"uv": [9.75, 10.25, 11.25, 14.5], "rotation": 90, "texture": "#0"},
				"up": {"uv": [11.25, 14.5, 9.75, 10.25], "texture": "#0"},
				"down": {"uv": [2, 14, 3.5, 10], "rotation": 180, "texture": "#0"}
			}
		},
		{
			"from": [5, 0, 2],
			"to": [8, 1, 14],
			"faces": {
				"east": {"uv": [9.25, 13.25, 9.75, 14.5], "rotation": 90, "texture": "#0"},
				"up": {"uv": [11.25, 14.5, 9.75, 10.25], "texture": "#0"},
				"down": {"uv": [5, 9.25, 3.5, 14.75], "texture": "#0"}
			}
		},
		{
			"from": [5, 1, 9],
			"to": [8, 2, 14],
			"faces": {
				"north": {"uv": [13, 10, 14.5, 10.5], "texture": "#0"},
				"up": {"uv": [14.5, 12.75, 13, 10.5], "texture": "#0"}
			}
		},
		{
			"from": [5, 1, 2],
			"to": [8, 2, 6],
			"faces": {
				"south": {"uv": [14.5, 10.25, 16, 10.75], "texture": "#0"},
				"up": {"uv": [16, 12.75, 14.5, 10.75], "texture": "#0"}
			}
		},
		{
			"from": [8, 0, 2],
			"to": [10, 2.5, 6],
			"faces": {
				"north": {"uv": [7, 13.5, 8, 14.5], "texture": "#0"},
				"east": {"uv": [5, 13.75, 7, 14.75], "texture": "#0"},
				"south": {"uv": [7, 13.5, 8, 14.5], "texture": "#0"},
				"west": {"uv": [5, 13.75, 7, 14.75], "texture": "#0"},
				"up": {"uv": [7, 13.75, 5, 12.75], "rotation": 90, "texture": "#0"},
				"down": {"uv": [5, 12.75, 7, 11.75], "rotation": 90, "texture": "#0"}
			}
		},
		{
			"from": [8, 0, 9],
			"to": [10, 2.5, 14],
			"faces": {
				"north": {"uv": [7, 13.5, 8, 14.5], "texture": "#0"},
				"east": {"uv": [5, 13.75, 7, 14.75], "texture": "#0"},
				"south": {"uv": [7, 13.5, 8, 14.5], "texture": "#0"},
				"west": {"uv": [5, 13.75, 7, 14.75], "texture": "#0"},
				"up": {"uv": [5, 13.75, 7, 12.75], "rotation": 90, "texture": "#0"},
				"down": {"uv": [5, 12.75, 7, 11.75], "rotation": 90, "texture": "#0"}
			}
		},
		{
			"from": [10, 0, 11],
			"to": [13.5, 3, 14],
			"faces": {
				"north": {"uv": [13.5, 13.25, 16, 15.25], "texture": "#0"},
				"west": {"uv": [14, 12.75, 16, 14.75], "texture": "#0"},
				"up": {"uv": [16, 16, 13.5, 14], "texture": "#0"},
				"down": {"uv": [13, 11.5, 11.25, 13], "texture": "#0"}
			}
		},
		{
			"from": [13.5, 0, 11],
			"to": [14, 4, 14],
			"faces": {
				"north": {"uv": [15.75, 8.25, 16, 10.25], "texture": "#0"},
				"east": {"uv": [14.5, 8.25, 16, 10.25], "texture": "#0"},
				"west": {"uv": [16, 8.25, 14.5, 10.25], "texture": "#0"},
				"up": {"uv": [16, 8.5, 14.5, 8.25], "rotation": 90, "texture": "#0"},
				"down": {"uv": [14.5, 10.25, 16, 10], "rotation": 90, "texture": "#0"}
			}
		},
		{
			"from": [10, 0, 14],
			"to": [14, 4, 14.5],
			"faces": {
				"north": {"uv": [1.5, 14, 3.5, 16], "texture": "#0"},
				"east": {"uv": [1.5, 14, 1.75, 16], "texture": "#0"},
				"south": {"uv": [1.5, 14, 3.5, 16], "texture": "#0"},
				"west": {"uv": [1.5, 14, 1.75, 16], "texture": "#0"},
				"up": {"uv": [3.5, 14.25, 1.5, 14], "texture": "#0"},
				"down": {"uv": [3.5, 15.75, 1.5, 16], "texture": "#0"}
			}
		},
		{
			"from": [5, 0, 14],
			"to": [9, 3, 14.5],
			"faces": {
				"north": {"uv": [11.25, 13, 13.25, 14.5], "texture": "#0"},
				"east": {"uv": [13.25, 13, 13.5, 14.5], "texture": "#0"},
				"south": {"uv": [11.25, 13, 13.25, 14.5], "texture": "#0"},
				"up": {"uv": [13.25, 13.25, 11.25, 13], "texture": "#0"},
				"down": {"uv": [13.25, 14.25, 11.25, 14.5], "texture": "#0"}
			}
		},
		{
			"from": [4.5, 0, 1.5],
			"to": [8.5, 3, 2],
			"faces": {
				"north": {"uv": [11.25, 13, 13.25, 14.5], "texture": "#0"},
				"east": {"uv": [13.25, 13, 13.5, 14.5], "texture": "#0"},
				"south": {"uv": [11.25, 13, 13.25, 14.5], "texture": "#0"},
				"west": {"uv": [13.25, 13, 13.5, 14.5], "texture": "#0"},
				"up": {"uv": [13.25, 13.25, 11.25, 13], "texture": "#0"},
				"down": {"uv": [13.25, 14.25, 11.25, 14.5], "texture": "#0"}
			}
		},
		{
			"from": [9.5, 0, 1.5],
			"to": [13.5, 3, 2],
			"faces": {
				"north": {"uv": [11.25, 13, 13.25, 14.5], "texture": "#0"},
				"east": {"uv": [13.25, 13, 13.5, 14.5], "texture": "#0"},
				"south": {"uv": [11.25, 13, 13.25, 14.5], "texture": "#0"},
				"west": {"uv": [13.25, 13, 13.5, 14.5], "texture": "#0"},
				"up": {"uv": [13.25, 13.25, 11.25, 13], "texture": "#0"},
				"down": {"uv": [13.25, 14.25, 11.25, 14.5], "texture": "#0"}
			}
		},
		{
			"from": [13, 0, 2],
			"to": [13.5, 3, 11],
			"faces": {
				"east": {"uv": [3.5, 14.75, 7.5, 16], "texture": "#0"},
				"west": {"uv": [3.5, 14.75, 7.5, 16], "texture": "#0"},
				"up": {"uv": [7.5, 15, 3.5, 14.75], "rotation": 90, "texture": "#0"},
				"down": {"uv": [3.5, 16, 7.5, 15.75], "rotation": 90, "texture": "#0"}
			}
		},
		{
			"from": [4.5, 0, 2],
			"to": [5, 3, 14.5],
			"faces": {
				"east": {"uv": [7.5, 14.5, 13.5, 16], "texture": "#0"},
				"south": {"uv": [7.5, 14.5, 7.75, 16], "texture": "#0"},
				"west": {"uv": [7.5, 14.5, 13.5, 16], "texture": "#0"},
				"up": {"uv": [13.5, 14.75, 7.5, 14.5], "rotation": 90, "texture": "#0"},
				"down": {"uv": [7.5, 16, 13.5, 15.75], "rotation": 90, "texture": "#0"}
			}
		},
		{
			"from": [10, 3.1, 11],
			"to": [11.5, 3.1, 12.5],
			"faces": {
				"up": {"uv": [9, 13.5, 7, 11.5], "texture": "#0"},
				"down": {"uv": [9, 11.5, 7, 13.5], "texture": "#0"}
			}
		},
		{
			"from": [6, 2, 5],
			"to": [8, 4, 12],
			"faces": {
				"north": {"uv": [8.5, 9.75, 6.75, 11.5], "texture": "#0"},
				"east": {"uv": [5, 6, 6.75, 11.75], "rotation": 90, "texture": "#0"},
				"south": {"uv": [8.5, 9.75, 6.75, 11.5], "texture": "#0"},
				"west": {"uv": [5, 11.75, 6.75, 6], "rotation": 90, "texture": "#0"},
				"up": {"uv": [6.75, 11.75, 5, 6], "texture": "#0"},
				"down": {"uv": [6.75, 6, 5, 11.75], "texture": "#0"}
			}
		}
	],
	"display": {
		"thirdperson_righthand": {
			"rotation": [-44.87, 2.68, 173.5],
			"translation": [-3, -0.5, 5.75],
			"scale": [0.8, 0.8, 0.8]
		},
		"thirdperson_lefthand": {
			"rotation": [-44.87, 2.68, 173.5],
			"translation": [-3, -0.5, 5.75],
			"scale": [0.8, 0.8, 0.8]
		},
		"firstperson_righthand": {
			"rotation": [-98, 0, 120.5],
			"translation": [-4, 3.75, 1.5]
		},
		"firstperson_lefthand": {
			"rotation": [-98, 0, 120.5],
			"translation": [-4, 3.75, -1.5]
		},
		"ground": {
			"scale": [0.5, 0.5, 0.5]
		},
		"gui": {
			"rotation": [100, 0, 30],
			"translation": [-4.25, -0.25, 0]
		},
		"fixed": {
			"rotation": [-90, 0, 0],
			"translation": [-2.25, 0, -16],
			"scale": [2, 2, 2]
		}
	},
	"groups": [
		{
			"name": "medkit",
			"origin": [0, 0, 0],
			"color": 0,
			"children": [0, 1, 2, 3, 4, 5, 6, 7, 8, 9, 10, 11, 12, 13, 14, 15]
		}
	]
}