{
	"credit": "Made with Blockbench",
	"texture_size": [64, 64],
	"textures": {
		"0": "./red_knight",
		"particle": "./red_knight"
	},
	"elements": [
		{
			"from": [3, 4, 2.5],
			"to": [16.25, 19.5, 15.25],
			"faces": {
				"north": {"uv": [6.875, 0, 3.5, 3.875], "texture": "#0"},
				"east": {"uv": [0, 4, 3.25, 7.875], "texture": "#0"},
				"south": {"uv": [3.5, 0, 6.875, 3.875], "texture": "#0"},
				"west": {"uv": [3.25, 4, 6.5, 7.875], "texture": "#0"},
				"up": {"uv": [9.875, 7.25, 6.5, 4], "texture": "#0"},
				"down": {"uv": [10.375, 0, 7, 3.25], "texture": "#0"}
			}
		},
		{
			"from": [2, 4, 5.5],
			"to": [3.5, 18.25, 12.25],
			"faces": {
				"north": {"uv": [5.25, 9.5, 5.625, 13.125], "texture": "#0"},
				"east": {"uv": [6.5, 7.25, 8.25, 10.875], "texture": "#0"},
				"south": {"uv": [5.75, 9.5, 6.125, 13.125], "texture": "#0"},
				"west": {"uv": [0, 8, 1.75, 11.625], "texture": "#0"},
				"up": {"uv": [10.625, 11.25, 10.25, 9.5], "texture": "#0"},
				"down": {"uv": [10.125, 10.25, 9.75, 12], "texture": "#0"}
			}
		},
		{
			"from": [2, 8.75, 2.5],
			"to": [3, 13.75, 5.5],
			"faces": {
				"north": {"uv": [6.25, 8, 6.5, 9.25], "texture": "#0"},
				"east": {"uv": [10, 5.25, 10.75, 6.5], "texture": "#0"},
				"south": {"uv": [6.25, 9.25, 6.5, 10.5], "texture": "#0"},
				"west": {"uv": [8.25, 10.25, 9, 11.5], "texture": "#0"},
				"up": {"uv": [5, 11.25, 4.75, 10.5], "texture": "#0"},
				"down": {"uv": [5.25, 10.5, 5, 11.25], "texture": "#0"}
			}
		},
		{
			"from": [1.5, 9.25, 3.75],
			"to": [3, 10.75, 7],
			"rotation": {"angle": 0, "axis": "x", "origin": [2.25, 10, 5.375]},
			"faces": {
				"north": {"uv": [9.75, 8.25, 10.125, 8.625], "texture": "#0"},
				"east": {"uv": [7, 3.25, 7.875, 3.625], "texture": "#0"},
				"south": {"uv": [10.75, 6, 11.125, 6.375], "texture": "#0"},
				"west": {"uv": [8, 3.25, 8.875, 3.625], "texture": "#0"},
				"up": {"uv": [10.875, 0.875, 10.5, 0], "texture": "#0"},
				"down": {"uv": [10.875, 1, 10.5, 1.875], "texture": "#0"}
			}
		},
		{
			"from": [1.5, 9.25, 10.5],
			"to": [3, 10.75, 13.75],
			"faces": {
				"north": {"uv": [10.75, 9.5, 11.125, 9.875], "texture": "#0"},
				"east": {"uv": [9, 3.25, 9.875, 3.625], "texture": "#0"},
				"south": {"uv": [10.75, 10, 11.125, 10.375], "texture": "#0"},
				"west": {"uv": [10, 6.5, 10.875, 6.875], "texture": "#0"},
				"up": {"uv": [10.875, 2.875, 10.5, 2], "texture": "#0"},
				"down": {"uv": [4.125, 10.5, 3.75, 11.375], "texture": "#0"}
			}
		},
		{
			"from": [2, 8.75, 12.25],
			"to": [3, 13.75, 15.25],
			"faces": {
				"north": {"uv": [4.25, 10.5, 4.5, 11.75], "texture": "#0"},
				"east": {"uv": [10.25, 8.25, 11, 9.5], "texture": "#0"},
				"south": {"uv": [4.5, 10.5, 4.75, 11.75], "texture": "#0"},
				"west": {"uv": [9, 10.25, 9.75, 11.5], "texture": "#0"},
				"up": {"uv": [6.5, 11.25, 6.25, 10.5], "texture": "#0"},
				"down": {"uv": [11, 5.25, 10.75, 6], "texture": "#0"}
			}
		},
		{
			"from": [7.5, 8.75, 12.25],
			"to": [12.75, 14.5, 16],
			"faces": {
				"north": {"uv": [1.75, 8, 3.125, 9.5], "texture": "#0"},
				"east": {"uv": [8.25, 8.75, 9.25, 10.25], "texture": "#0"},
				"south": {"uv": [3.25, 8, 4.625, 9.5], "texture": "#0"},
				"west": {"uv": [9.25, 8.75, 10.25, 10.25], "texture": "#0"},
				"up": {"uv": [5.125, 10.5, 3.75, 9.5], "texture": "#0"},
				"down": {"uv": [11.125, 7.25, 9.75, 8.25], "texture": "#0"}
			}
		},
		{
			"from": [7.5, 8.75, 1.25],
			"to": [12.75, 14.5, 5],
			"faces": {
				"north": {"uv": [4.75, 8, 6.125, 9.5], "texture": "#0"},
				"east": {"uv": [1.75, 9.5, 2.75, 11], "texture": "#0"},
				"south": {"uv": [8.25, 7.25, 9.625, 8.75], "texture": "#0"},
				"west": {"uv": [2.75, 9.5, 3.75, 11], "texture": "#0"},
				"up": {"uv": [11.375, 4.25, 10, 3.25], "texture": "#0"},
				"down": {"uv": [11.375, 4.25, 10, 5.25], "texture": "#0"}
			}
		},
		{
			"name": "cube inverted",
			"from": [16.75, 19.75, 15.5],
			"to": [2.75, 3.75, 2.25],
			"faces": {
				"north": {"uv": [14.25, 9.625, 16, 13.5], "texture": "#0"},
				"east": {"uv": [14.625, 9.875, 16, 14.125], "texture": "#0"},
				"south": {"uv": [14.625, 10.125, 16, 14], "texture": "#0"},
				"west": {"uv": [14.125, 9.625, 15.75, 14.125], "texture": "#0"},
				"up": {"uv": [16, 13.125, 14, 9.625], "texture": "#0"},
				"down": {"uv": [16, 9.625, 14.75, 12.625], "texture": "#0"}
			}
		},
		{
			"name": "cube inverted",
			"from": [13, 14.75, 16.25],
			"to": [7.25, 8.5, 12.25],
			"faces": {
				"north": {"uv": [14.5, 10.375, 16, 12], "texture": "#0"},
				"east": {"uv": [14.375, 10, 16, 13.375], "texture": "#0"},
				"south": {"uv": [14.125, 10.75, 15.625, 12.375], "texture": "#0"},
				"west": {"uv": [14.875, 10.375, 15.875, 12], "texture": "#0"},
				"up": {"uv": [16, 12.5, 14.5, 11.5], "texture": "#0"},
				"down": {"uv": [15.75, 12, 14.25, 13], "texture": "#0"}
			}
		},
		{
			"name": "cube inverted",
			"from": [13, 14.75, 5],
			"to": [7.25, 8.5, 1],
			"faces": {
				"north": {"uv": [14.5, 10.5, 16, 12.125], "texture": "#0"},
				"east": {"uv": [14.5, 10.5, 15.5, 12.125], "texture": "#0"},
				"south": {"uv": [14.25, 10.875, 15.75, 12.5], "texture": "#0"},
				"west": {"uv": [14.125, 10.875, 15.125, 12.5], "texture": "#0"},
				"up": {"uv": [16, 11.75, 14.5, 10.75], "texture": "#0"},
				"down": {"uv": [15.75, 10.25, 14.25, 11.25], "texture": "#0"}
			}
		},
		{
			"name": "cube inverted",
			"from": [3.5, 18.5, 12.5],
			"to": [1.75, 3.75, 5.25],
			"faces": {
				"north": {"uv": [14.5, 9.625, 15, 13.375], "texture": "#0"},
				"east": {"uv": [14.125, 9.875, 16, 13.625], "texture": "#0"},
				"south": {"uv": [14.375, 10, 14.875, 13.75], "texture": "#0"},
				"west": {"uv": [14.125, 9.875, 16, 13.625], "texture": "#0"},
				"up": {"uv": [15, 12.5, 14.5, 10.625], "texture": "#0"},
				"down": {"uv": [15.5, 11, 15, 12.875], "texture": "#0"}
			}
		},
		{
			"name": "cube inverted",
			"from": [3, 14, 5.75],
			"to": [1.75, 8.5, 2.25],
			"faces": {
				"east": {"uv": [14.25, 12.5, 15.125, 13.875], "texture": "#0"},
				"south": {"uv": [14.5, 13.5, 14.875, 14.875], "texture": "#0"},
				"west": {"uv": [14.125, 10.25, 15, 11.625], "texture": "#0"},
				"up": {"uv": [15.625, 7.5, 15.25, 6.625], "texture": "#0"},
				"down": {"uv": [15.375, 11.125, 15, 12], "texture": "#0"}
			}
		},
		{
			"name": "cube inverted",
			"from": [3, 14, 15.75],
			"to": [1.75, 8.5, 12.25],
			"faces": {
				"north": {"uv": [16, 13.25, 14.125, 12.375], "texture": "#0"},
				"east": {"uv": [15.75, 13.5, 13.875, 9.75], "texture": "#0"},
				"west": {"uv": [16, 10.125, 14.125, 10.875], "texture": "#0"},
				"up": {"uv": [14.125, 11.5, 16, 14], "texture": "#0"},
				"down": {"uv": [14, 13.875, 15.875, 9.875], "texture": "#0"}
			}
		}
	],
	"display": {
		"thirdperson_righthand": {
			"rotation": [0, -90, 0],
			"translation": [0.75, 0, 0],
			"scale": [0.5, 0.5, 0.5]
		},
		"thirdperson_lefthand": {
			"rotation": [0, 90, 0],
			"translation": [-0.5, 0, 0],
			"scale": [0.5, 0.5, 0.5]
		},
		"firstperson_righthand": {
			"rotation": [0, 46, 0],
			"translation": [6.5, 0, -6.5],
			"scale": [0.6, 0.6, 0.6]
		},
		"firstperson_lefthand": {
			"rotation": [-180, -46, 180],
			"translation": [8.75, 0, -6.5],
			"scale": [0.6, 0.6, 0.6]
		},
		"ground": {
			"translation": [0, -0.5, 0],
			"scale": [0.5, 0.5, 0.5]
		},
		"gui": {
			"rotation": [35, 40, 0],
			"translation": [-1, -1.75, 0],
			"scale": [0.5, 0.5, 0.5]
		},
		"head": {
			"rotation": [180, -89.25, 180],
			"translation": [0.5, -1.75, -1.75],
			"scale": [1.19, 1.19, 1.19]
		},
		"fixed": {
			"rotation": [-90, 0, 0],
			"translation": [-2.75, -1, -6.5],
			"scale": [1.5, 1.5, 1.5]
		}
	}
}