{
	"credit": "Made with Blockbench",
	"texture_size": [64, 64],
	"textures": {
		"0": "./crown",
		"particle": "./crown"
	},
	"elements": [
		{
			"from": [14, 12, 2],
			"to": [14, 15.25, 14],
			"faces": {
				"north": {"uv": [0, 0, 0, 0.875], "texture": "#0"},
				"east": {"uv": [8.625, 2, 11.625, 2.875], "texture": "#0"},
				"south": {"uv": [0, 0, 0, 0.875], "texture": "#0"},
				"west": {"uv": [8.625, 2, 11.625, 2.875], "texture": "#0"},
				"up": {"uv": [0, 3, 0, 0], "texture": "#0"},
				"down": {"uv": [0, 0, 0, 3], "texture": "#0"}
			}
		},
		{
			"from": [2, 12, 14],
			"to": [14, 15.25, 14],
			"rotation": {"angle": 0, "axis": "y", "origin": [14, 13.625, 8]},
			"faces": {
				"north": {"uv": [8.5, 2, 11.5, 2.875], "texture": "#0"},
				"east": {"uv": [0, 0, 0, 0.875], "texture": "#0"},
				"south": {"uv": [8.5, 2, 11.5, 2.875], "texture": "#0"},
				"west": {"uv": [0, 0, 0, 0.875], "texture": "#0"},
				"up": {"uv": [3, 0, 0, 0], "texture": "#0"},
				"down": {"uv": [3.125, 0.125, 0.125, 0.125], "texture": "#0"}
			}
		},
		{
			"from": [2, 12, 2],
			"to": [14, 15.25, 2],
			"rotation": {"angle": 0, "axis": "y", "origin": [14, 13.625, 8]},
			"faces": {
				"north": {"uv": [8.5, 2, 11.5, 2.875], "texture": "#0"},
				"east": {"uv": [0, 0, 0, 0.875], "texture": "#0"},
				"south": {"uv": [8.5, 2, 11.5, 2.875], "texture": "#0"},
				"west": {"uv": [0, 0, 0, 0.875], "texture": "#0"},
				"up": {"uv": [3, 0, 0, 0], "texture": "#0"},
				"down": {"uv": [3, 0, 0, 0], "texture": "#0"}
			}
		},
		{
			"from": [2, 12, 2],
			"to": [2, 15.25, 14],
			"faces": {
				"north": {"uv": [0, 0, 0, 0.875], "texture": "#0"},
				"east": {"uv": [8.5, 2, 11.5, 2.875], "texture": "#0"},
				"south": {"uv": [0, 0, 0, 0.875], "texture": "#0"},
				"west": {"uv": [8.5, 2, 11.5, 2.875], "texture": "#0"},
				"up": {"uv": [0, 3, 0, 0], "texture": "#0"},
				"down": {"uv": [0, 0, 0, 3], "texture": "#0"}
			}
		},
		{
			"from": [2, 2.75, 2],
			"to": [14, 12.25, 14],
			"faces": {
				"north": {"uv": [3, 0, 6, 2.375], "texture": "#0"},
				"east": {"uv": [3, 2.5, 6, 4.875], "texture": "#0"},
				"south": {"uv": [3, 5, 6, 7.375], "texture": "#0"},
				"west": {"uv": [0, 6, 3, 8.375], "texture": "#0"},
				"up": {"uv": [3, 3, 0, 0], "texture": "#0"},
				"down": {"uv": [3, 3, 0, 6], "texture": "#0"}
			}
		},
		{
			"from": [3, 11, 3],
			"to": [13, 21.25, 13],
			"faces": {
				"north": {"uv": [6, 0, 8.5, 2.625], "texture": "#0"},
				"east": {"uv": [6, 2.75, 8.5, 5.375], "texture": "#0"},
				"south": {"uv": [6, 5.5, 8.5, 8.125], "texture": "#0"},
				"west": {"uv": [3, 7.5, 5.5, 10.125], "texture": "#0"},
				"up": {"uv": [8, 10.75, 5.5, 8.25], "texture": "#0"},
				"down": {"uv": [10.5, 8.25, 8, 10.75], "texture": "#0"}
			}
		},
		{
			"from": [6, 19, 6],
			"to": [10, 24.25, 10],
			"faces": {
				"north": {"uv": [1, 9.5, 2, 10.375], "texture": "#0"},
				"east": {"uv": [2, 9.5, 3, 10.375], "texture": "#0"},
				"south": {"uv": [9.5, 7, 10.5, 7.875], "texture": "#0"},
				"west": {"uv": [3, 10.25, 4, 11.125], "texture": "#0"},
				"up": {"uv": [9.5, 8, 8.5, 7], "texture": "#0"},
				"down": {"uv": [1, 9.5, 0, 10.5], "texture": "#0"}
			}
		}
	],
	"display": {
		"thirdperson_righthand": {
			"translation": [0, -2.75, 0],
			"scale": [0.48438, 0.48438, 0.48438]
		},
		"thirdperson_lefthand": {
			"translation": [0, -1.25, 0],
			"scale": [0.53125, 0.53125, 0.53125]
		},
		"firstperson_righthand": {
			"rotation": [7.75, 23, 0],
			"translation": [9.25, 0, -9.5]
		},
		"firstperson_lefthand": {
			"rotation": [0.52, 16.27, -1.8],
			"translation": [10, 0, -9]
		},
		"ground": {
			"scale": [0.5, 0.5, 0.5]
		},
		"gui": {
			"rotation": [30, 135, 0],
			"translation": [0, -2.5, 0],
			"scale": [0.7, 0.7, 0.7]
		},
		"head": {
			"translation": [0, 11.5, 0],
			"scale": [1.01367, 1.01367, 1.01367]
		},
		"fixed": {
			"rotation": [-86, 0, 0],
			"translation": [0.25, 0, -8],
			"scale": [1.63086, 1.63086, 1.63086]
		}
	}
}