{
	"credit": "Made with Blockbench",
	"texture_size": [64, 64],
	"textures": {
		"0": "./shooter",
		"particle": "./shooter"
	},
	"elements": [
		{
			"from": [9.95, 0, 7.75],
			"to": [11.7, 3.25, 9.75],
			"rotation": {"angle": 0, "axis": "y", "origin": [2.7, -1.5, 0]},
			"faces": {
				"north": {"uv": [12.75, 1.25, 13.25, 2], "texture": "#0"},
				"east": {"uv": [1.5, 12.75, 2, 13.5], "texture": "#0"},
				"south": {"uv": [2, 12.75, 2.5, 13.5], "texture": "#0"},
				"west": {"uv": [12.75, 2, 13.25, 2.75], "texture": "#0"},
				"up": {"uv": [6, 13.5, 5.5, 13], "texture": "#0"},
				"down": {"uv": [6.5, 13, 6, 13.5], "texture": "#0"}
			}
		},
		{
			"from": [2.2, 12.25, 5.5],
			"to": [14.2, 18.25, 12.5],
			"rotation": {"angle": 0, "axis": "y", "origin": [2.7, -1.5, 0]},
			"faces": {
				"north": {"uv": [7, 1.75, 10, 3.25], "texture": "#0"},
				"east": {"uv": [10, 0, 11.75, 1.5], "texture": "#0"},
				"south": {"uv": [3, 7, 6, 8.5], "texture": "#0"},
				"west": {"uv": [10, 1.5, 11.75, 3], "texture": "#0"},
				"up": {"uv": [7, 1.75, 4, 0], "texture": "#0"},
				"down": {"uv": [7, 1.75, 4, 3.5], "texture": "#0"}
			}
		},
		{
			"from": [3.7, 14.25, 12.5],
			"to": [12.95, 18.25, 13],
			"rotation": {"angle": 0, "axis": "y", "origin": [2.7, -1.5, 0]},
			"faces": {
				"north": {"uv": [0, 10.25, 2.25, 11.25], "texture": "#0"},
				"east": {"uv": [7.5, 13, 7.75, 14], "texture": "#0"},
				"south": {"uv": [2.25, 10.25, 4.5, 11.25], "texture": "#0"},
				"west": {"uv": [7.75, 13, 8, 14], "texture": "#0"},
				"up": {"uv": [10.75, 12, 8.5, 11.75], "texture": "#0"},
				"down": {"uv": [14, 10.25, 11.75, 10.5], "texture": "#0"}
			}
		},
		{
			"from": [4.7, 13.25, 12.5],
			"to": [11.95, 14.25, 13],
			"rotation": {"angle": 0, "axis": "y", "origin": [2.7, -1.5, 0]},
			"faces": {
				"north": {"uv": [12.25, 5.5, 14, 5.75], "texture": "#0"},
				"east": {"uv": [14.5, 6.75, 14.75, 7], "texture": "#0"},
				"south": {"uv": [12.25, 5.75, 14, 6], "texture": "#0"},
				"west": {"uv": [14.5, 7, 14.75, 7.25], "texture": "#0"},
				"up": {"uv": [14, 6.25, 12.25, 6], "texture": "#0"},
				"down": {"uv": [8.75, 12.25, 7, 12.5], "texture": "#0"}
			}
		},
		{
			"from": [0.2, 16.5, 3.5],
			"to": [16.2, 18.5, 14.5],
			"rotation": {"angle": 0, "axis": "y", "origin": [2.7, -1.5, 0]},
			"faces": {
				"north": {"uv": [9.5, 6.25, 13.5, 6.75], "texture": "#0"},
				"east": {"uv": [10.5, 8.75, 13.25, 9.25], "texture": "#0"},
				"south": {"uv": [10.5, 6.75, 14.5, 7.25], "texture": "#0"},
				"west": {"uv": [10.5, 9.25, 13.25, 9.75], "texture": "#0"},
				"up": {"uv": [4, 2.75, 0, 0], "texture": "#0"},
				"down": {"uv": [4, 2.75, 0, 5.5], "texture": "#0"}
			}
		},
		{
			"from": [3.2, 16.5, 5.5],
			"to": [13.2, 21.5, 12.5],
			"rotation": {"angle": 0, "axis": "y", "origin": [2.7, -1.5, 0]},
			"faces": {
				"north": {"uv": [0, 9, 2.5, 10.25], "texture": "#0"},
				"east": {"uv": [8.25, 10.25, 10, 11.5], "texture": "#0"},
				"south": {"uv": [9.5, 3.25, 12, 4.5], "texture": "#0"},
				"west": {"uv": [10, 10.25, 11.75, 11.5], "texture": "#0"},
				"up": {"uv": [9.5, 5, 7, 3.25], "texture": "#0"},
				"down": {"uv": [9.5, 5, 7, 6.75], "texture": "#0"}
			}
		},
		{
			"from": [3.2, 11.25, 5.5],
			"to": [13.2, 12.25, 12.5],
			"rotation": {"angle": 0, "axis": "y", "origin": [2.7, -1.5, 0]},
			"faces": {
				"north": {"uv": [10, 3, 12.5, 3.25], "texture": "#0"},
				"east": {"uv": [8.75, 12.25, 10.5, 12.5], "texture": "#0"},
				"south": {"uv": [8.5, 11.5, 11, 11.75], "texture": "#0"},
				"west": {"uv": [11, 12.25, 12.75, 12.5], "texture": "#0"},
				"up": {"uv": [8.5, 8.75, 6, 7], "texture": "#0"},
				"down": {"uv": [2.5, 7.25, 0, 9], "texture": "#0"}
			}
		},
		{
			"from": [4.2, 10.25, 5.5],
			"to": [12.2, 11.25, 12.5],
			"rotation": {"angle": 0, "axis": "y", "origin": [2.7, -1.5, 0]},
			"faces": {
				"north": {"uv": [12, 4.25, 14, 4.5], "texture": "#0"},
				"east": {"uv": [0, 12.5, 1.75, 12.75], "texture": "#0"},
				"south": {"uv": [6.5, 12, 8.5, 12.25], "texture": "#0"},
				"west": {"uv": [12.5, 0, 14.25, 0.25], "texture": "#0"},
				"up": {"uv": [4.5, 10.25, 2.5, 8.5], "texture": "#0"},
				"down": {"uv": [10.5, 6.75, 8.5, 8.5], "texture": "#0"}
			}
		},
		{
			"from": [4.2, 9.5, 5.5],
			"to": [12.2, 10.25, 12.5],
			"rotation": {"angle": 0, "axis": "y", "origin": [2.7, -1.5, 0]},
			"faces": {
				"north": {"uv": [8.5, 12, 10.5, 12.25], "texture": "#0"},
				"east": {"uv": [12.5, 0.25, 14.25, 0.5], "texture": "#0"},
				"south": {"uv": [11.75, 12, 13.75, 12.25], "texture": "#0"},
				"west": {"uv": [12.5, 0.5, 14.25, 0.75], "texture": "#0"},
				"up": {"uv": [10.5, 10.25, 8.5, 8.5], "texture": "#0"},
				"down": {"uv": [6.5, 8.75, 4.5, 10.5], "texture": "#0"}
			}
		},
		{
			"from": [3.2, 9.5, 5.5],
			"to": [4.2, 10.5, 12.5],
			"rotation": {"angle": 0, "axis": "y", "origin": [2.7, -1.5, 0]},
			"faces": {
				"north": {"uv": [7.25, 14.5, 7.5, 14.75], "texture": "#0"},
				"east": {"uv": [12.5, 0.75, 14.25, 1], "texture": "#0"},
				"south": {"uv": [7.5, 14.5, 7.75, 14.75], "texture": "#0"},
				"west": {"uv": [12.5, 1, 14.25, 1.25], "texture": "#0"},
				"up": {"uv": [5.5, 14, 5.25, 12.25], "texture": "#0"},
				"down": {"uv": [12.75, 1.25, 12.5, 3], "texture": "#0"}
			}
		},
		{
			"from": [12.2, 9.5, 5.5],
			"to": [13.2, 10.5, 12.5],
			"rotation": {"angle": 0, "axis": "y", "origin": [2.7, -1.5, 0]},
			"faces": {
				"north": {"uv": [14.5, 7.5, 14.75, 7.75], "texture": "#0"},
				"east": {"uv": [1.75, 12.5, 3.5, 12.75], "texture": "#0"},
				"south": {"uv": [14.5, 7.75, 14.75, 8], "texture": "#0"},
				"west": {"uv": [12.5, 3, 14.25, 3.25], "texture": "#0"},
				"up": {"uv": [3.75, 14.25, 3.5, 12.5], "texture": "#0"},
				"down": {"uv": [7.25, 12.5, 7, 14.25], "texture": "#0"}
			}
		},
		{
			"from": [1.95, 2.75, 5.5],
			"to": [14.2, 9.5, 12.5],
			"rotation": {"angle": 0, "axis": "y", "origin": [2.7, -1.5, 0]},
			"faces": {
				"north": {"uv": [4, 3.5, 7, 5.25], "texture": "#0"},
				"east": {"uv": [6.5, 8.75, 8.25, 10.5], "texture": "#0"},
				"south": {"uv": [4, 5.25, 7, 7], "texture": "#0"},
				"west": {"uv": [9.5, 4.5, 11.25, 6.25], "texture": "#0"},
				"up": {"uv": [3, 7.25, 0, 5.5], "texture": "#0"},
				"down": {"uv": [10, 0, 7, 1.75], "texture": "#0"}
			}
		},
		{
			"from": [1.95, 1.25, 5.5],
			"to": [3.45, 2.75, 7.25],
			"rotation": {"angle": 0, "axis": "y", "origin": [2.7, -1.5, 0]},
			"faces": {
				"north": {"uv": [8, 13, 8.5, 13.5], "texture": "#0"},
				"east": {"uv": [10.5, 13, 11, 13.5], "texture": "#0"},
				"south": {"uv": [13, 10.75, 13.5, 11.25], "texture": "#0"},
				"west": {"uv": [13, 11.25, 13.5, 11.75], "texture": "#0"},
				"up": {"uv": [13.5, 12.75, 13, 12.25], "texture": "#0"},
				"down": {"uv": [13.5, 12.75, 13, 13.25], "texture": "#0"}
			}
		},
		{
			"from": [12.7, 1.25, 5.5],
			"to": [14.2, 2.75, 7.25],
			"rotation": {"angle": 0, "axis": "y", "origin": [2.7, -1.5, 0]},
			"faces": {
				"north": {"uv": [13.25, 1.25, 13.75, 1.75], "texture": "#0"},
				"east": {"uv": [13.25, 1.75, 13.75, 2.25], "texture": "#0"},
				"south": {"uv": [13.25, 2.25, 13.75, 2.75], "texture": "#0"},
				"west": {"uv": [4.25, 13.25, 4.75, 13.75], "texture": "#0"},
				"up": {"uv": [13.75, 5, 13.25, 4.5], "texture": "#0"},
				"down": {"uv": [5.25, 13.25, 4.75, 13.75], "texture": "#0"}
			}
		},
		{
			"from": [9.45, 1.25, 5.5],
			"to": [10.95, 2.75, 7.25],
			"rotation": {"angle": 0, "axis": "y", "origin": [2.7, -1.5, 0]},
			"faces": {
				"north": {"uv": [6.5, 13.25, 7, 13.75], "texture": "#0"},
				"east": {"uv": [13.25, 7.5, 13.75, 8], "texture": "#0"},
				"south": {"uv": [13.25, 8, 13.75, 8.5], "texture": "#0"},
				"west": {"uv": [13.25, 8.75, 13.75, 9.25], "texture": "#0"},
				"up": {"uv": [9.5, 13.75, 9, 13.25], "texture": "#0"},
				"down": {"uv": [13.75, 9.25, 13.25, 9.75], "texture": "#0"}
			}
		},
		{
			"from": [12.7, 1.25, 10.75],
			"to": [14.2, 2.75, 12.5],
			"rotation": {"angle": 0, "axis": "y", "origin": [2.7, -1.5, 0]},
			"faces": {
				"north": {"uv": [9.5, 13.25, 10, 13.75], "texture": "#0"},
				"east": {"uv": [10, 13.25, 10.5, 13.75], "texture": "#0"},
				"south": {"uv": [11, 13.25, 11.5, 13.75], "texture": "#0"},
				"west": {"uv": [11.5, 13.25, 12, 13.75], "texture": "#0"},
				"up": {"uv": [12.5, 13.75, 12, 13.25], "texture": "#0"},
				"down": {"uv": [13, 13.25, 12.5, 13.75], "texture": "#0"}
			}
		},
		{
			"from": [1.95, 1.25, 10.75],
			"to": [3.45, 2.75, 12.5],
			"rotation": {"angle": 0, "axis": "y", "origin": [2.7, -1.5, 0]},
			"faces": {
				"north": {"uv": [13, 13.25, 13.5, 13.75], "texture": "#0"},
				"east": {"uv": [0, 13.5, 0.5, 14], "texture": "#0"},
				"south": {"uv": [0.5, 13.5, 1, 14], "texture": "#0"},
				"west": {"uv": [1, 13.5, 1.5, 14], "texture": "#0"},
				"up": {"uv": [2, 14, 1.5, 13.5], "texture": "#0"},
				"down": {"uv": [2.5, 13.5, 2, 14], "texture": "#0"}
			}
		},
		{
			"from": [9.45, 1.25, 10.75],
			"to": [10.95, 2.75, 12.5],
			"rotation": {"angle": 0, "axis": "y", "origin": [2.7, -1.5, 0]},
			"faces": {
				"north": {"uv": [13.5, 3.25, 14, 3.75], "texture": "#0"},
				"east": {"uv": [13.5, 3.75, 14, 4.25], "texture": "#0"},
				"south": {"uv": [5.5, 13.5, 6, 14], "texture": "#0"},
				"west": {"uv": [6, 13.5, 6.5, 14], "texture": "#0"},
				"up": {"uv": [14, 6.75, 13.5, 6.25], "texture": "#0"},
				"down": {"uv": [8.5, 13.5, 8, 14], "texture": "#0"}
			}
		},
		{
			"from": [5.2, 1.25, 5.75],
			"to": [6.7, 2.75, 7],
			"rotation": {"angle": 0, "axis": "y", "origin": [2.7, -1.5, 0]},
			"faces": {
				"north": {"uv": [10.5, 13.5, 11, 14], "texture": "#0"},
				"east": {"uv": [9.25, 14.25, 9.5, 14.75], "texture": "#0"},
				"south": {"uv": [13.5, 10.75, 14, 11.25], "texture": "#0"},
				"west": {"uv": [9.5, 14.25, 9.75, 14.75], "texture": "#0"},
				"up": {"uv": [14.75, 9.25, 14.25, 9], "texture": "#0"},
				"down": {"uv": [14.75, 9.75, 14.25, 10], "texture": "#0"}
			}
		},
		{
			"from": [5.2, 1.25, 11.25],
			"to": [6.7, 2.75, 12.5],
			"rotation": {"angle": 0, "axis": "y", "origin": [2.7, -1.5, 0]},
			"faces": {
				"north": {"uv": [13.5, 11.25, 14, 11.75], "texture": "#0"},
				"east": {"uv": [10.25, 14.25, 10.5, 14.75], "texture": "#0"},
				"south": {"uv": [13.5, 12.25, 14, 12.75], "texture": "#0"},
				"west": {"uv": [11, 14.25, 11.25, 14.75], "texture": "#0"},
				"up": {"uv": [14.75, 10.25, 14.25, 10], "texture": "#0"},
				"down": {"uv": [14.75, 10.5, 14.25, 10.75], "texture": "#0"}
			}
		},
		{
			"from": [11.95, 11.25, 4.75],
			"to": [13.2, 17, 5.5],
			"rotation": {"angle": 0, "axis": "y", "origin": [2.7, -1.5, 0]},
			"faces": {
				"north": {"uv": [8.25, 8.75, 8.5, 10], "texture": "#0"},
				"east": {"uv": [2.5, 12.75, 2.75, 14], "texture": "#0"},
				"south": {"uv": [2.75, 12.75, 3, 14], "texture": "#0"},
				"west": {"uv": [3, 12.75, 3.25, 14], "texture": "#0"},
				"up": {"uv": [8.25, 14.75, 8, 14.5], "texture": "#0"},
				"down": {"uv": [8.5, 14.5, 8.25, 14.75], "texture": "#0"}
			}
		},
		{
			"from": [3.2, 11.25, 4.75],
			"to": [4.45, 17.25, 5.5],
			"rotation": {"angle": 0, "axis": "y", "origin": [2.7, -1.5, 0]},
			"faces": {
				"north": {"uv": [3.25, 12.75, 3.5, 14], "texture": "#0"},
				"east": {"uv": [3.75, 12.75, 4, 14], "texture": "#0"},
				"south": {"uv": [4, 12.75, 4.25, 14], "texture": "#0"},
				"west": {"uv": [7.25, 12.75, 7.5, 14], "texture": "#0"},
				"up": {"uv": [9, 14.75, 8.75, 14.5], "texture": "#0"},
				"down": {"uv": [14.75, 9.25, 14.5, 9.5], "texture": "#0"}
			}
		},
		{
			"from": [4.45, 9, 4.75],
			"to": [11.95, 12.75, 5.5],
			"rotation": {"angle": 0, "axis": "y", "origin": [2.7, -1.5, 0]},
			"faces": {
				"north": {"uv": [4.5, 10.5, 6.25, 11.5], "texture": "#0"},
				"east": {"uv": [13.5, 12.75, 13.75, 13.75], "texture": "#0"},
				"south": {"uv": [6.25, 10.5, 8, 11.5], "texture": "#0"},
				"west": {"uv": [13.75, 1.25, 14, 2.25], "texture": "#0"},
				"up": {"uv": [9, 12.75, 7.25, 12.5], "texture": "#0"},
				"down": {"uv": [14.25, 7.25, 12.5, 7.5], "texture": "#0"}
			}
		},
		{
			"from": [5.95, 12.75, 4.75],
			"to": [10.45, 14, 5.5],
			"rotation": {"angle": 0, "axis": "y", "origin": [2.7, -1.5, 0]},
			"faces": {
				"north": {"uv": [12.5, 8.5, 13.75, 8.75], "texture": "#0"},
				"east": {"uv": [14.5, 9.5, 14.75, 9.75], "texture": "#0"},
				"south": {"uv": [12.5, 9.75, 13.75, 10], "texture": "#0"},
				"west": {"uv": [9.75, 14.5, 10, 14.75], "texture": "#0"},
				"up": {"uv": [13.75, 10.25, 12.5, 10], "texture": "#0"},
				"down": {"uv": [14, 2.75, 12.75, 3], "texture": "#0"}
			}
		},
		{
			"from": [6.2, 8, 4.75],
			"to": [10.2, 9, 5.5],
			"rotation": {"angle": 0, "axis": "y", "origin": [2.7, -1.5, 0]},
			"faces": {
				"north": {"uv": [12.75, 11.75, 13.75, 12], "texture": "#0"},
				"east": {"uv": [10, 14.5, 10.25, 14.75], "texture": "#0"},
				"south": {"uv": [13.75, 2.25, 14.75, 2.5], "texture": "#0"},
				"west": {"uv": [14.5, 10.25, 14.75, 10.5], "texture": "#0"},
				"up": {"uv": [14.75, 2.75, 13.75, 2.5], "texture": "#0"},
				"down": {"uv": [5.25, 13.75, 4.25, 14], "texture": "#0"}
			}
		},
		{
			"from": [3.7, 0, 7.75],
			"to": [5.45, 3.5, 9.75],
			"rotation": {"angle": 0, "axis": "y", "origin": [2.7, -1.5, 0]},
			"faces": {
				"north": {"uv": [10.5, 12, 11, 13], "texture": "#0"},
				"east": {"uv": [4.25, 12.25, 4.75, 13.25], "texture": "#0"},
				"south": {"uv": [4.75, 12.25, 5.25, 13.25], "texture": "#0"},
				"west": {"uv": [6.5, 12.25, 7, 13.25], "texture": "#0"},
				"up": {"uv": [14.25, 5, 13.75, 4.5], "texture": "#0"},
				"down": {"uv": [14.25, 5, 13.75, 5.5], "texture": "#0"}
			}
		},
		{
			"from": [-1.8, 15.5, 0.5],
			"to": [0.2, 16.5, 3.5],
			"rotation": {"angle": 22.5, "axis": "x", "origin": [2.7, -1.5, 0]},
			"faces": {
				"north": {"uv": [13.75, 8, 14.25, 8.25], "texture": "#0"},
				"east": {"uv": [13.75, 7.5, 14.5, 7.75], "texture": "#0"},
				"south": {"uv": [2.5, 8.25, 3, 8.5], "texture": "#0"},
				"west": {"uv": [13.75, 7.75, 14.5, 8], "texture": "#0"},
				"up": {"uv": [13.25, 8, 12.5, 7.5], "rotation": 90, "texture": "#0"},
				"down": {"uv": [13.25, 8, 12.5, 8.5], "rotation": 270, "texture": "#0"}
			}
		},
		{
			"from": [-1.8, 12.5, 0.5],
			"to": [0.2, 13.5, 1.5],
			"rotation": {"angle": 22.5, "axis": "x", "origin": [2.7, -1.5, 0]},
			"faces": {
				"north": {"uv": [8.5, 13.75, 9, 14], "texture": "#0"},
				"east": {"uv": [8.25, 10, 8.5, 10.25], "texture": "#0"},
				"south": {"uv": [13.75, 8.25, 14.25, 8.5], "texture": "#0"},
				"west": {"uv": [10.75, 11.75, 11, 12], "texture": "#0"},
				"up": {"uv": [4.5, 12.25, 4.25, 11.75], "rotation": 90, "texture": "#0"},
				"down": {"uv": [14, 8.5, 13.75, 9], "rotation": 270, "texture": "#0"}
			}
		},
		{
			"from": [-1.8, 11.5, -0.5],
			"to": [0.2, 12.5, 0.5],
			"rotation": {"angle": 22.5, "axis": "x", "origin": [2.7, -1.5, 0]},
			"faces": {
				"north": {"uv": [13.75, 9, 14.25, 9.25], "texture": "#0"},
				"east": {"uv": [12.75, 12.25, 13, 12.5], "texture": "#0"},
				"south": {"uv": [9, 13.75, 9.5, 14], "texture": "#0"},
				"west": {"uv": [11.25, 14.25, 11.5, 14.5], "texture": "#0"},
				"up": {"uv": [14, 9.75, 13.75, 9.25], "rotation": 90, "texture": "#0"},
				"down": {"uv": [9.75, 13.75, 9.5, 14.25], "rotation": 270, "texture": "#0"}
			}
		},
		{
			"from": [-1.8, 10.5, -1.5],
			"to": [0.2, 11.5, -0.5],
			"rotation": {"angle": 22.5, "axis": "x", "origin": [2.7, -1.5, 0]},
			"faces": {
				"north": {"uv": [13.75, 9.75, 14.25, 10], "texture": "#0"},
				"east": {"uv": [14.25, 11.25, 14.5, 11.5], "texture": "#0"},
				"south": {"uv": [9.75, 13.75, 10.25, 14], "texture": "#0"},
				"west": {"uv": [11.5, 14.25, 11.75, 14.5], "texture": "#0"},
				"up": {"uv": [10.5, 14.25, 10.25, 13.75], "rotation": 90, "texture": "#0"},
				"down": {"uv": [11.25, 13.75, 11, 14.25], "rotation": 270, "texture": "#0"}
			}
		},
		{
			"from": [-1.8, 15.5, -1.5],
			"to": [0.2, 16.5, -0.5],
			"rotation": {"angle": 22.5, "axis": "x", "origin": [2.7, -1.5, 0]},
			"faces": {
				"north": {"uv": [13.75, 10.5, 14.25, 10.75], "texture": "#0"},
				"east": {"uv": [14.25, 11.5, 14.5, 11.75], "texture": "#0"},
				"south": {"uv": [13.75, 10, 14.25, 10.25], "texture": "#0"},
				"west": {"uv": [14.25, 11.75, 14.5, 12], "texture": "#0"},
				"up": {"uv": [11.5, 14.25, 11.25, 13.75], "rotation": 90, "texture": "#0"},
				"down": {"uv": [11.75, 13.75, 11.5, 14.25], "rotation": 270, "texture": "#0"}
			}
		},
		{
			"from": [-1.8, 9.5, -1.5],
			"to": [0.2, 10.5, -0.5],
			"rotation": {"angle": 22.5, "axis": "x", "origin": [2.7, -1.5, 0]},
			"faces": {
				"north": {"uv": [13.75, 11.75, 14.25, 12], "texture": "#0"},
				"east": {"uv": [14.25, 12, 14.5, 12.25], "texture": "#0"},
				"south": {"uv": [11.75, 13.75, 12.25, 14], "texture": "#0"},
				"west": {"uv": [12.25, 14.25, 12.5, 14.5], "texture": "#0"},
				"up": {"uv": [12.5, 14.25, 12.25, 13.75], "rotation": 90, "texture": "#0"},
				"down": {"uv": [12.75, 13.75, 12.5, 14.25], "rotation": 270, "texture": "#0"}
			}
		},
		{
			"from": [-1.8, 9.5, -0.5],
			"to": [0.2, 10.5, 0.5],
			"rotation": {"angle": 22.5, "axis": "x", "origin": [2.7, -1.5, 0]},
			"faces": {
				"north": {"uv": [12.75, 13.75, 13.25, 14], "texture": "#0"},
				"east": {"uv": [12.5, 14.25, 12.75, 14.5], "texture": "#0"},
				"south": {"uv": [13.75, 12, 14.25, 12.25], "texture": "#0"},
				"west": {"uv": [13.25, 14.25, 13.5, 14.5], "texture": "#0"},
				"up": {"uv": [14, 13.25, 13.75, 12.75], "rotation": 90, "texture": "#0"},
				"down": {"uv": [13.5, 13.75, 13.25, 14.25], "rotation": 270, "texture": "#0"}
			}
		},
		{
			"from": [-1.8, 8.5, -0.5],
			"to": [0.2, 9.5, 0.5],
			"rotation": {"angle": 22.5, "axis": "x", "origin": [2.7, -1.5, 0]},
			"faces": {
				"north": {"uv": [13.5, 13.75, 14, 14], "texture": "#0"},
				"east": {"uv": [14.25, 13.25, 14.5, 13.5], "texture": "#0"},
				"south": {"uv": [13.75, 13.25, 14.25, 13.5], "texture": "#0"},
				"west": {"uv": [14.25, 13.5, 14.5, 13.75], "texture": "#0"},
				"up": {"uv": [0.25, 14.5, 0, 14], "rotation": 90, "texture": "#0"},
				"down": {"uv": [0.5, 14, 0.25, 14.5], "rotation": 270, "texture": "#0"}
			}
		},
		{
			"from": [-1.8, 8.5, 0.5],
			"to": [0.2, 9.5, 1.5],
			"rotation": {"angle": 22.5, "axis": "x", "origin": [2.7, -1.5, 0]},
			"faces": {
				"north": {"uv": [0.5, 14, 1, 14.25], "texture": "#0"},
				"east": {"uv": [13.75, 14.25, 14, 14.5], "texture": "#0"},
				"south": {"uv": [13.75, 13.5, 14.25, 13.75], "texture": "#0"},
				"west": {"uv": [14, 14.25, 14.25, 14.5], "texture": "#0"},
				"up": {"uv": [1.25, 14.5, 1, 14], "rotation": 90, "texture": "#0"},
				"down": {"uv": [1.5, 14, 1.25, 14.5], "rotation": 270, "texture": "#0"}
			}
		},
		{
			"from": [-1.8, 7.5, -0.5],
			"to": [0.2, 8.5, 0.5],
			"rotation": {"angle": 22.5, "axis": "x", "origin": [2.7, -1.5, 0]},
			"faces": {
				"north": {"uv": [1.5, 14, 2, 14.25], "texture": "#0"},
				"east": {"uv": [14.25, 14, 14.5, 14.25], "texture": "#0"},
				"south": {"uv": [14, 1.25, 14.5, 1.5], "texture": "#0"},
				"west": {"uv": [14.25, 14.25, 14.5, 14.5], "texture": "#0"},
				"up": {"uv": [14.25, 2, 14, 1.5], "rotation": 90, "texture": "#0"},
				"down": {"uv": [2.25, 14, 2, 14.5], "rotation": 270, "texture": "#0"}
			}
		},
		{
			"from": [-1.8, 7.5, 0.5],
			"to": [0.2, 8.5, 1.5],
			"rotation": {"angle": 22.5, "axis": "x", "origin": [2.7, -1.5, 0]},
			"faces": {
				"north": {"uv": [2.25, 14, 2.75, 14.25], "texture": "#0"},
				"east": {"uv": [0, 14.5, 0.25, 14.75], "texture": "#0"},
				"south": {"uv": [14, 2, 14.5, 2.25], "texture": "#0"},
				"west": {"uv": [14.5, 0, 14.75, 0.25], "texture": "#0"},
				"up": {"uv": [3, 14.5, 2.75, 14], "rotation": 90, "texture": "#0"},
				"down": {"uv": [3.25, 14, 3, 14.5], "rotation": 270, "texture": "#0"}
			}
		},
		{
			"from": [-1.8, 6.5, 0.5],
			"to": [0.2, 7.5, 1.5],
			"rotation": {"angle": 22.5, "axis": "x", "origin": [2.7, -1.5, 0]},
			"faces": {
				"north": {"uv": [14, 3.25, 14.5, 3.5], "texture": "#0"},
				"east": {"uv": [0.25, 14.5, 0.5, 14.75], "texture": "#0"},
				"south": {"uv": [14, 2.75, 14.5, 3], "texture": "#0"},
				"west": {"uv": [14.5, 0.25, 14.75, 0.5], "texture": "#0"},
				"up": {"uv": [3.5, 14.5, 3.25, 14], "rotation": 90, "texture": "#0"},
				"down": {"uv": [14.25, 3.5, 14, 4], "rotation": 270, "texture": "#0"}
			}
		},
		{
			"from": [-1.8, 6.5, -0.5],
			"to": [0.2, 7.5, 0.5],
			"rotation": {"angle": 22.5, "axis": "x", "origin": [2.7, -1.5, 0]},
			"faces": {
				"north": {"uv": [14, 4, 14.5, 4.25], "texture": "#0"},
				"east": {"uv": [1, 14.5, 1.25, 14.75], "texture": "#0"},
				"south": {"uv": [3.75, 14, 4.25, 14.25], "texture": "#0"},
				"west": {"uv": [1.25, 14.5, 1.5, 14.75], "texture": "#0"},
				"up": {"uv": [4.5, 14.5, 4.25, 14], "rotation": 90, "texture": "#0"},
				"down": {"uv": [4.75, 14, 4.5, 14.5], "rotation": 270, "texture": "#0"}
			}
		},
		{
			"from": [-1.8, 5.5, -1.5],
			"to": [0.2, 6.5, -0.5],
			"rotation": {"angle": 22.5, "axis": "x", "origin": [2.7, -1.5, 0]},
			"faces": {
				"north": {"uv": [5.75, 14, 6.25, 14.25], "texture": "#0"},
				"east": {"uv": [14.5, 2, 14.75, 2.25], "texture": "#0"},
				"south": {"uv": [14, 5.5, 14.5, 5.75], "texture": "#0"},
				"west": {"uv": [2.75, 14.5, 3, 14.75], "texture": "#0"},
				"up": {"uv": [14.25, 6.25, 14, 5.75], "rotation": 90, "texture": "#0"},
				"down": {"uv": [6.5, 14, 6.25, 14.5], "rotation": 270, "texture": "#0"}
			}
		},
		{
			"from": [-1.8, 5.5, -0.5],
			"to": [0.2, 6.5, 0.5],
			"rotation": {"angle": 22.5, "axis": "x", "origin": [2.7, -1.5, 0]},
			"faces": {
				"north": {"uv": [14, 6.5, 14.5, 6.75], "texture": "#0"},
				"east": {"uv": [14.5, 2.75, 14.75, 3], "texture": "#0"},
				"south": {"uv": [14, 6.25, 14.5, 6.5], "texture": "#0"},
				"west": {"uv": [3, 14.5, 3.25, 14.75], "texture": "#0"},
				"up": {"uv": [7.5, 14.5, 7.25, 14], "rotation": 90, "texture": "#0"},
				"down": {"uv": [7.75, 14, 7.5, 14.5], "rotation": 270, "texture": "#0"}
			}
		},
		{
			"from": [-1.8, 5.5, -2.5],
			"to": [0.2, 6.5, -1.5],
			"rotation": {"angle": 22.5, "axis": "x", "origin": [2.7, -1.5, 0]},
			"faces": {
				"north": {"uv": [8.25, 14, 8.75, 14.25], "texture": "#0"},
				"east": {"uv": [3.25, 14.5, 3.5, 14.75], "texture": "#0"},
				"south": {"uv": [7.75, 14, 8.25, 14.25], "texture": "#0"},
				"west": {"uv": [14.5, 3.25, 14.75, 3.5], "texture": "#0"},
				"up": {"uv": [14.25, 9, 14, 8.5], "rotation": 90, "texture": "#0"},
				"down": {"uv": [9, 14, 8.75, 14.5], "rotation": 270, "texture": "#0"}
			}
		},
		{
			"from": [-1.8, 5.5, -3.5],
			"to": [0.2, 6.5, -2.5],
			"rotation": {"angle": 22.5, "axis": "x", "origin": [2.7, -1.5, 0]},
			"faces": {
				"north": {"uv": [14, 10.25, 14.5, 10.5], "texture": "#0"},
				"east": {"uv": [14.5, 4, 14.75, 4.25], "texture": "#0"},
				"south": {"uv": [14, 9.5, 14.5, 9.75], "texture": "#0"},
				"west": {"uv": [4.25, 14.5, 4.5, 14.75], "texture": "#0"},
				"up": {"uv": [10.75, 14.5, 10.5, 14], "rotation": 90, "texture": "#0"},
				"down": {"uv": [11, 14, 10.75, 14.5], "rotation": 270, "texture": "#0"}
			}
		},
		{
			"from": [-1.8, 6.5, -1.5],
			"to": [0.2, 7.5, -0.5],
			"rotation": {"angle": 22.5, "axis": "x", "origin": [2.7, -1.5, 0]},
			"faces": {
				"north": {"uv": [14, 11, 14.5, 11.25], "texture": "#0"},
				"east": {"uv": [14.5, 4.25, 14.75, 4.5], "texture": "#0"},
				"south": {"uv": [14, 10.75, 14.5, 11], "texture": "#0"},
				"west": {"uv": [4.5, 14.5, 4.75, 14.75], "texture": "#0"},
				"up": {"uv": [14.25, 11.75, 14, 11.25], "rotation": 90, "texture": "#0"},
				"down": {"uv": [12, 14, 11.75, 14.5], "rotation": 270, "texture": "#0"}
			}
		},
		{
			"from": [-1.8, 8.5, -1.5],
			"to": [0.2, 9.5, -0.5],
			"rotation": {"angle": 22.5, "axis": "x", "origin": [2.7, -1.5, 0]},
			"faces": {
				"north": {"uv": [14, 13, 14.5, 13.25], "texture": "#0"},
				"east": {"uv": [5.25, 14.5, 5.5, 14.75], "texture": "#0"},
				"south": {"uv": [14, 12.75, 14.5, 13], "texture": "#0"},
				"west": {"uv": [5.5, 14.5, 5.75, 14.75], "texture": "#0"},
				"up": {"uv": [13.25, 14.5, 13, 14], "rotation": 90, "texture": "#0"},
				"down": {"uv": [13.75, 14, 13.5, 14.5], "rotation": 270, "texture": "#0"}
			}
		},
		{
			"from": [-1.8, 15.5, -14.5],
			"to": [0.2, 16.5, -13.5],
			"rotation": {"angle": 22.5, "axis": "x", "origin": [2.7, -1.5, 0]},
			"faces": {
				"north": {"uv": [14, 13.75, 14.5, 14], "texture": "#0"},
				"east": {"uv": [14.5, 5.5, 14.75, 5.75], "texture": "#0"},
				"south": {"uv": [13.75, 14, 14.25, 14.25], "texture": "#0"},
				"west": {"uv": [5.75, 14.5, 6, 14.75], "texture": "#0"},
				"up": {"uv": [14.5, 0.5, 14.25, 0], "rotation": 90, "texture": "#0"},
				"down": {"uv": [0.75, 14.25, 0.5, 14.75], "rotation": 270, "texture": "#0"}
			}
		},
		{
			"from": [-1.8, 11.5, -9.25],
			"to": [0.2, 12.5, -8.25],
			"rotation": {"angle": 22.5, "axis": "x", "origin": [2.7, -1.5, 0]},
			"faces": {
				"north": {"uv": [14.25, 0.75, 14.75, 1], "texture": "#0"},
				"east": {"uv": [14.5, 5.75, 14.75, 6], "texture": "#0"},
				"south": {"uv": [14.25, 0.5, 14.75, 0.75], "texture": "#0"},
				"west": {"uv": [6, 14.5, 6.25, 14.75], "texture": "#0"},
				"up": {"uv": [1, 14.75, 0.75, 14.25], "rotation": 90, "texture": "#0"},
				"down": {"uv": [1.75, 14.25, 1.5, 14.75], "rotation": 270, "texture": "#0"}
			}
		},
		{
			"from": [-1.8, 11.5, -8.25],
			"to": [0.2, 12.5, -7],
			"rotation": {"angle": 22.5, "axis": "x", "origin": [2.7, -1.5, 0]},
			"faces": {
				"north": {"uv": [14.25, 1.5, 14.75, 1.75], "texture": "#0"},
				"east": {"uv": [14.5, 6, 14.75, 6.25], "texture": "#0"},
				"south": {"uv": [14.25, 1, 14.75, 1.25], "texture": "#0"},
				"west": {"uv": [6.25, 14.5, 6.5, 14.75], "texture": "#0"},
				"up": {"uv": [2, 14.75, 1.75, 14.25], "rotation": 90, "texture": "#0"},
				"down": {"uv": [2.5, 14.25, 2.25, 14.75], "rotation": 270, "texture": "#0"}
			}
		},
		{
			"from": [-1.8, 12.5, -8],
			"to": [0.2, 15.5, -2],
			"rotation": {"angle": 22.5, "axis": "x", "origin": [2.7, -1.5, 0]},
			"faces": {
				"north": {"uv": [9.5, 12.5, 10, 13.25], "texture": "#0"},
				"east": {"uv": [0, 11.25, 1.5, 12], "texture": "#0"},
				"south": {"uv": [9, 12.5, 9.5, 13.25], "texture": "#0"},
				"west": {"uv": [1.5, 11.25, 3, 12], "texture": "#0"},
				"up": {"uv": [4.5, 11.75, 3, 11.25], "rotation": 90, "texture": "#0"},
				"down": {"uv": [12.75, 5, 11.25, 5.5], "rotation": 270, "texture": "#0"}
			}
		},
		{
			"from": [-1.8, 12.5, -16],
			"to": [0.2, 15.5, -8],
			"rotation": {"angle": 22.5, "axis": "x", "origin": [2.7, -1.5, 0]},
			"faces": {
				"north": {"uv": [11, 12.5, 11.5, 13.25], "texture": "#0"},
				"east": {"uv": [10.5, 7.25, 12.5, 8], "texture": "#0"},
				"south": {"uv": [10, 12.5, 10.5, 13.25], "texture": "#0"},
				"west": {"uv": [10.5, 8, 12.5, 8.75], "texture": "#0"},
				"up": {"uv": [12.5, 10.25, 10.5, 9.75], "rotation": 90, "texture": "#0"},
				"down": {"uv": [13.25, 4.5, 11.25, 5], "rotation": 270, "texture": "#0"}
			}
		},
		{
			"from": [-2.8, 12.75, -7],
			"to": [-0.8, 15.75, -3.25],
			"rotation": {"angle": 22.5, "axis": "x", "origin": [2.7, -1.5, 0]},
			"faces": {
				"north": {"uv": [12, 12.5, 12.5, 13.25], "texture": "#0"},
				"east": {"uv": [3, 5.5, 4, 6.25], "texture": "#0"},
				"south": {"uv": [11.5, 12.5, 12, 13.25], "texture": "#0"},
				"west": {"uv": [3, 6.25, 4, 7], "texture": "#0"},
				"up": {"uv": [12.75, 11, 11.75, 10.5], "rotation": 90, "texture": "#0"},
				"down": {"uv": [12.75, 11, 11.75, 11.5], "rotation": 270, "texture": "#0"}
			}
		},
		{
			"from": [-0.8, 12.5, -7],
			"to": [1.2, 15.5, -3],
			"rotation": {"angle": 22.5, "axis": "x", "origin": [2.7, -1.5, 0]},
			"faces": {
				"north": {"uv": [0, 12.75, 0.5, 13.5], "texture": "#0"},
				"east": {"uv": [11.25, 5.5, 12.25, 6.25], "texture": "#0"},
				"south": {"uv": [12.5, 12.5, 13, 13.25], "texture": "#0"},
				"west": {"uv": [4.5, 11.5, 5.5, 12.25], "texture": "#0"},
				"up": {"uv": [12.75, 12, 11.75, 11.5], "rotation": 90, "texture": "#0"},
				"down": {"uv": [1, 12, 0, 12.5], "rotation": 270, "texture": "#0"}
			}
		},
		{
			"from": [-1.8, 15.5, -7],
			"to": [0.2, 16.5, -3],
			"rotation": {"angle": 22.5, "axis": "x", "origin": [2.7, -1.5, 0]},
			"faces": {
				"north": {"uv": [14.25, 3, 14.75, 3.25], "texture": "#0"},
				"east": {"uv": [12.75, 5, 13.75, 5.25], "texture": "#0"},
				"south": {"uv": [14.25, 1.75, 14.75, 2], "texture": "#0"},
				"west": {"uv": [12.75, 5.25, 13.75, 5.5], "texture": "#0"},
				"up": {"uv": [2, 12.5, 1, 12], "rotation": 90, "texture": "#0"},
				"down": {"uv": [3, 12, 2, 12.5], "rotation": 270, "texture": "#0"}
			}
		},
		{
			"from": [-1.8, 11.5, -7],
			"to": [0.2, 12.5, -3],
			"rotation": {"angle": 22.5, "axis": "x", "origin": [2.7, -1.5, 0]},
			"faces": {
				"north": {"uv": [14.25, 3.5, 14.75, 3.75], "texture": "#0"},
				"east": {"uv": [7.5, 12.75, 8.5, 13], "texture": "#0"},
				"south": {"uv": [3.5, 14.25, 4, 14.5], "texture": "#0"},
				"west": {"uv": [12.75, 10.5, 13.75, 10.75], "texture": "#0"},
				"up": {"uv": [13, 3.75, 12, 3.25], "rotation": 90, "texture": "#0"},
				"down": {"uv": [13, 3.75, 12, 4.25], "rotation": 270, "texture": "#0"}
			}
		},
		{
			"from": [-1.8, 11.5, -1.5],
			"to": [0.2, 15.5, -0.5],
			"rotation": {"angle": 22.5, "axis": "x", "origin": [2.7, -1.5, 0]},
			"faces": {
				"north": {"uv": [3.75, 11.75, 4.25, 12.75], "texture": "#0"},
				"east": {"uv": [8, 10.5, 8.25, 11.5], "texture": "#0"},
				"south": {"uv": [2.5, 7.25, 3, 8.25], "texture": "#0"},
				"west": {"uv": [8.5, 12.75, 8.75, 13.75], "texture": "#0"},
				"up": {"uv": [2.75, 14.75, 2.5, 14.25], "rotation": 90, "texture": "#0"},
				"down": {"uv": [4.25, 14.25, 4, 14.75], "rotation": 270, "texture": "#0"}
			}
		},
		{
			"from": [-1.8, 8, -2.5],
			"to": [0.2, 11.5, -1.5],
			"rotation": {"angle": 22.5, "axis": "x", "origin": [2.7, -1.5, 0]},
			"faces": {
				"north": {"uv": [6, 12, 6.5, 13], "texture": "#0"},
				"east": {"uv": [8.75, 12.75, 9, 13.75], "texture": "#0"},
				"south": {"uv": [5.5, 12, 6, 13], "texture": "#0"},
				"west": {"uv": [12.75, 10.75, 13, 11.75], "texture": "#0"},
				"up": {"uv": [14.5, 5, 14.25, 4.5], "rotation": 90, "texture": "#0"},
				"down": {"uv": [5, 14.25, 4.75, 14.75], "rotation": 270, "texture": "#0"}
			}
		},
		{
			"from": [-1.8, 10.5, -8.25],
			"to": [0.2, 11.5, -2.5],
			"rotation": {"angle": 22.5, "axis": "x", "origin": [2.7, -1.5, 0]},
			"faces": {
				"north": {"uv": [14.25, 5, 14.75, 5.25], "texture": "#0"},
				"east": {"uv": [7, 6.75, 8.5, 7], "texture": "#0"},
				"south": {"uv": [14.25, 3.75, 14.75, 4], "texture": "#0"},
				"west": {"uv": [4.5, 8.5, 6, 8.75], "texture": "#0"},
				"up": {"uv": [7, 12, 5.5, 11.5], "rotation": 90, "texture": "#0"},
				"down": {"uv": [8.5, 11.5, 7, 12], "rotation": 270, "texture": "#0"}
			}
		},
		{
			"from": [-1.8, 9.25, -3.75],
			"to": [0.2, 10.5, -2.5],
			"rotation": {"angle": 22.5, "axis": "x", "origin": [2.7, -1.5, 0]},
			"faces": {
				"north": {"uv": [5.75, 14.25, 6.25, 14.5], "texture": "#0"},
				"east": {"uv": [14.5, 6.25, 14.75, 6.5], "texture": "#0"},
				"south": {"uv": [14.25, 5.25, 14.75, 5.5], "texture": "#0"},
				"west": {"uv": [6.5, 14.5, 6.75, 14.75], "texture": "#0"},
				"up": {"uv": [5.25, 14.75, 5, 14.25], "rotation": 90, "texture": "#0"},
				"down": {"uv": [14.5, 5.75, 14.25, 6.25], "rotation": 270, "texture": "#0"}
			}
		},
		{
			"from": [-1.8, 12.5, -0.5],
			"to": [0.2, 15.5, 0.5],
			"rotation": {"angle": 22.5, "axis": "x", "origin": [2.7, -1.5, 0]},
			"faces": {
				"north": {"uv": [1, 12.75, 1.5, 13.5], "texture": "#0"},
				"east": {"uv": [6.5, 13.75, 6.75, 14.5], "texture": "#0"},
				"south": {"uv": [0.5, 12.75, 1, 13.5], "texture": "#0"},
				"west": {"uv": [6.75, 13.75, 7, 14.5], "texture": "#0"},
				"up": {"uv": [7.25, 14.75, 7, 14.25], "rotation": 90, "texture": "#0"},
				"down": {"uv": [8, 14.25, 7.75, 14.75], "rotation": 270, "texture": "#0"}
			}
		},
		{
			"from": [-1.8, 14.5, 0.5],
			"to": [0.2, 15.5, 2.25],
			"rotation": {"angle": 22.5, "axis": "x", "origin": [2.7, -1.5, 0]},
			"faces": {
				"north": {"uv": [14.25, 8.25, 14.75, 8.5], "texture": "#0"},
				"east": {"uv": [14.25, 7.25, 14.75, 7.5], "texture": "#0"},
				"south": {"uv": [8, 14.25, 8.5, 14.5], "texture": "#0"},
				"west": {"uv": [14.25, 8, 14.75, 8.25], "texture": "#0"},
				"up": {"uv": [13.5, 3.75, 13, 3.25], "rotation": 90, "texture": "#0"},
				"down": {"uv": [13.5, 3.75, 13, 4.25], "rotation": 270, "texture": "#0"}
			}
		},
		{
			"from": [-1.8, 13.5, 0.5],
			"to": [0.2, 14.5, 1.5],
			"rotation": {"angle": 22.5, "axis": "x", "origin": [2.7, -1.5, 0]},
			"faces": {
				"north": {"uv": [14.25, 8.75, 14.75, 9], "texture": "#0"},
				"east": {"uv": [14.5, 6.5, 14.75, 6.75], "texture": "#0"},
				"south": {"uv": [14.25, 8.5, 14.75, 8.75], "texture": "#0"},
				"west": {"uv": [6.75, 14.5, 7, 14.75], "texture": "#0"},
				"up": {"uv": [8.75, 14.75, 8.5, 14.25], "rotation": 90, "texture": "#0"},
				"down": {"uv": [9.25, 14.25, 9, 14.75], "rotation": 270, "texture": "#0"}
			}
		},
		{
			"from": [-2.3, 6.75, -1.75],
			"to": [0.7, 9.75, 1],
			"rotation": {"angle": 22.5, "axis": "x", "origin": [2.7, -1.5, 0]},
			"faces": {
				"north": {"uv": [11.75, 1.5, 12.5, 2.25], "texture": "#0"},
				"east": {"uv": [11, 11.5, 11.75, 12.25], "texture": "#0"},
				"south": {"uv": [11.75, 0, 12.5, 0.75], "texture": "#0"},
				"west": {"uv": [11.75, 0.75, 12.5, 1.5], "texture": "#0"},
				"up": {"uv": [12.5, 3, 11.75, 2.25], "rotation": 90, "texture": "#0"},
				"down": {"uv": [3.75, 11.75, 3, 12.5], "rotation": 270, "texture": "#0"}
			}
		},
		{
			"from": [15.2, 2.15133, 4.00971],
			"to": [18.2, 5.15133, 6.75971],
			"rotation": {"angle": -22.5, "axis": "x", "origin": [20.2, 7.65133, 3.38471]},
			"faces": {
				"north": {"uv": [11.75, 1.5, 12.5, 2.25], "texture": "#0"},
				"east": {"uv": [11, 11.5, 11.75, 12.25], "texture": "#0"},
				"south": {"uv": [11.75, 0, 12.5, 0.75], "texture": "#0"},
				"west": {"uv": [11.75, 0.75, 12.5, 1.5], "texture": "#0"},
				"up": {"uv": [12.5, 3, 11.75, 2.25], "rotation": 90, "texture": "#0"},
				"down": {"uv": [3.75, 11.75, 3, 12.5], "rotation": 270, "texture": "#0"}
			}
		}
	],
	"display": {
		"thirdperson_righthand": {
			"translation": [0.75, 0.25, -1.75],
			"scale": [0.41797, 0.41797, 0.41797]
		},
		"thirdperson_lefthand": {
			"translation": [0, -1.25, 0],
			"scale": [0.45117, 0.45117, 0.45117]
		},
		"firstperson_righthand": {
			"rotation": [166.25, 36.25, -180],
			"translation": [0, 0, -13.75]
		},
		"firstperson_lefthand": {
			"rotation": [173.82, 48.75, -166.32],
			"translation": [5.25, 0, -10.5]
		},
		"ground": {
			"scale": [0.5, 0.5, 0.5]
		},
		"gui": {
			"rotation": [35, 135, 0],
			"translation": [0, -1, 0],
			"scale": [0.5, 0.5, 0.5]
		},
		"head": {
			"translation": [0, 13, 0]
		},
		"fixed": {
			"rotation": [-90, 0, 0],
			"translation": [1, -3, -24],
			"scale": [3, 3, 3]
		}
	},
	"groups": [
		{
			"name": "group",
			"origin": [0, 0, 0],
			"color": 0,
			"children": [0, 1, 2, 3, 4, 5, 6, 7, 8, 9, 10, 11, 12, 13, 14, 15, 16, 17, 18, 19, 20, 21, 22, 23, 24, 25]
		},
		{
			"name": "group",
			"origin": [0, 0, 0],
			"color": 0,
			"children": [26, 27, 28, 29, 30, 31, 32, 33, 34, 35, 36, 37, 38, 39, 40, 41, 42, 43, 44, 45, 46, 47, 48, 49, 50, 51, 52, 53, 54, 55, 56, 57, 58, 59, 60]
		},
		61,
		62
	]
}