{
	"credit": "Made with Blockbench",
	"textures": {
		"0": "./big_stupid_rat",
		"particle": "./big_stupid_rat"
	},
	"elements": [
		{
			"from": [3, 0, 3],
			"to": [13, 6, 13],
			"faces": {
				"north": {"uv": [0, 5, 2.5, 6.5], "texture": "#0"},
				"east": {"uv": [2.5, 0, 5, 1.5], "texture": "#0"},
				"south": {"uv": [2.5, 1.5, 5, 3], "texture": "#0"},
				"west": {"uv": [2.5, 3, 5, 4.5], "texture": "#0"},
				"up": {"uv": [2.5, 2.5, 0, 0], "texture": "#0"},
				"down": {"uv": [2.5, 2.5, 0, 5], "texture": "#0"}
			}
		},
		{
			"from": [4, 10, 4],
			"to": [12, 14, 12],
			"faces": {
				"north": {"uv": [4.5, 5.5, 6.5, 6.5], "texture": "#0"},
				"east": {"uv": [7, 0, 9, 1], "texture": "#0"},
				"south": {"uv": [0, 7.5, 2, 8.5], "texture": "#0"},
				"west": {"uv": [5, 0, 7, 1], "texture": "#0"},
				"up": {"uv": [4.5, 6.5, 2.5, 4.5], "texture": "#0"}
			}
		},
		{
			"from": [3, 6, 4],
			"to": [13, 10, 13],
			"faces": {
				"north": {"uv": [0, 6.5, 2.5, 7.5], "texture": "#0"},
				"east": {"uv": [4.5, 4.5, 6.75, 5.5], "texture": "#0"},
				"south": {"uv": [2.5, 6.5, 5, 7.5], "texture": "#0"},
				"west": {"uv": [5, 6.5, 7.25, 7.5], "texture": "#0"},
				"up": {"uv": [2.5, 2.25, 0, 0], "texture": "#0"}
			}
		},
		{
			"from": [6, 7, 2.6],
			"to": [10, 11, 4.6],
			"rotation": {"angle": 22.5, "axis": "x", "origin": [8, 7.5, 4]},
			"faces": {
				"north": {"uv": [4.25, 7.5, 5.25, 8.5], "texture": "#0"},
				"east": {"uv": [3.75, 7.5, 4.25, 8.5], "texture": "#0"},
				"west": {"uv": [3.25, 7.5, 3.75, 8.5], "texture": "#0"},
				"down": {"uv": [5.25, 8.5, 4.25, 9], "texture": "#0"}
			}
		},
		{
			"from": [4.5, 11.5, 3],
			"to": [6, 13, 4],
			"faces": {
				"north": {"uv": [3, 8.5, 3.75, 9.25], "texture": "#0"},
				"east": {"uv": [3.75, 9.25, 4.25, 10], "texture": "#0"},
				"west": {"uv": [3.75, 8.5, 4.25, 9.25], "texture": "#0"},
				"up": {"uv": [3.75, 9.75, 3, 9.25], "texture": "#0"},
				"down": {"uv": [3.75, 9.75, 3, 10.25], "texture": "#0"}
			}
		},
		{
			"from": [10, 11.5, 3],
			"to": [11.5, 13, 4],
			"faces": {
				"north": {"uv": [1, 8.5, 1.75, 9.25], "texture": "#0"},
				"east": {"uv": [1.75, 9.25, 2.25, 10], "texture": "#0"},
				"west": {"uv": [1.75, 8.5, 2.25, 9.25], "texture": "#0"},
				"up": {"uv": [1.75, 9.75, 1, 9.25], "texture": "#0"},
				"down": {"uv": [1.75, 9.75, 1, 10.25], "texture": "#0"}
			}
		},
		{
			"from": [3, 13, 7],
			"to": [5, 15, 7],
			"faces": {
				"north": {"uv": [0.5, 8.5, 1, 9], "texture": "#0"},
				"south": {"uv": [1, 8.5, 0.5, 9], "texture": "#0"}
			}
		},
		{
			"from": [1, 8, 3.4],
			"to": [4, 10, 3.4],
			"rotation": {"angle": -22.5, "axis": "y", "origin": [2.5, 9, 3.9]},
			"faces": {
				"north": {"uv": [2, 7.5, 3.25, 8.5], "texture": "#0"},
				"south": {"uv": [3.25, 7.5, 2, 8.5], "texture": "#0"}
			}
		},
		{
			"from": [12, 8, 3.4],
			"to": [15, 10, 3.4],
			"rotation": {"angle": 22.5, "axis": "y", "origin": [13.5, 9, 3.9]},
			"faces": {
				"north": {"uv": [3.25, 7.5, 2, 8.5], "texture": "#0"},
				"south": {"uv": [2, 7.5, 3.25, 8.5], "texture": "#0"}
			}
		},
		{
			"from": [11, 13, 7],
			"to": [13, 15, 7],
			"faces": {
				"north": {"uv": [0, 8.5, 0.5, 9], "texture": "#0"},
				"south": {"uv": [0.5, 8.5, 0, 9], "texture": "#0"}
			}
		},
		{
			"from": [4, 5, 3],
			"to": [6, 7, 4],
			"rotation": {"angle": 22.5, "axis": "x", "origin": [4, 6, 3.5]},
			"faces": {
				"north": {"uv": [6, 7.5, 6.75, 8.25], "texture": "#0"},
				"east": {"uv": [0, 9, 0.5, 9.75], "texture": "#0"},
				"west": {"uv": [0.5, 9, 1, 9.75], "texture": "#0"},
				"up": {"uv": [3, 9.5, 2.25, 9], "texture": "#0"},
				"down": {"uv": [3, 8.5, 2.25, 9], "texture": "#0"}
			}
		},
		{
			"from": [4, 0, 2],
			"to": [6, 2, 3],
			"rotation": {"angle": 0, "axis": "x", "origin": [4, 6, 3.5]},
			"faces": {
				"north": {"uv": [5.25, 7.5, 6, 8.25], "texture": "#0"},
				"east": {"uv": [0, 9.75, 0.5, 10.5], "texture": "#0"},
				"west": {"uv": [0.5, 9.75, 1, 10.5], "texture": "#0"},
				"up": {"uv": [3, 10, 2.25, 9.5], "texture": "#0"},
				"down": {"uv": [3, 10, 2.25, 10.5], "texture": "#0"}
			}
		},
		{
			"from": [10, 0, 2],
			"to": [12, 2, 3],
			"rotation": {"angle": 0, "axis": "y", "origin": [4, 6, 3.5]},
			"faces": {
				"north": {"uv": [5.25, 7.5, 6, 8.25], "texture": "#0"},
				"east": {"uv": [0, 9.75, 0.5, 10.5], "texture": "#0"},
				"west": {"uv": [0.5, 9.75, 1, 10.5], "texture": "#0"},
				"up": {"uv": [3, 10, 2.25, 9.5], "texture": "#0"},
				"down": {"uv": [3, 10, 2.25, 10.5], "texture": "#0"}
			}
		},
		{
			"from": [10, 5, 3],
			"to": [12, 7, 4],
			"rotation": {"angle": 22.5, "axis": "x", "origin": [4, 6, 3.5]},
			"faces": {
				"north": {"uv": [6, 7.5, 6.75, 8.25], "texture": "#0"},
				"east": {"uv": [0, 9, 0.5, 9.75], "texture": "#0"},
				"west": {"uv": [0.5, 9, 1, 9.75], "texture": "#0"},
				"up": {"uv": [3, 9.5, 2.25, 9], "texture": "#0"},
				"down": {"uv": [3, 8.5, 2.25, 9], "texture": "#0"}
			}
		},
		{
			"from": [4.1, 0, 13.8],
			"to": [9.1, 2, 15.8],
			"rotation": {"angle": 45, "axis": "y", "origin": [5.5, 1, 14]},
			"faces": {
				"north": {"uv": [5, 1.5, 6.25, 2], "texture": "#0"},
				"south": {"uv": [5, 3, 6.25, 3.5], "texture": "#0"},
				"west": {"uv": [6.25, 4, 6.75, 4.5], "texture": "#0"},
				"up": {"uv": [6.25, 4, 5, 3.5], "texture": "#0"},
				"down": {"uv": [6.25, 4, 5, 4.5], "texture": "#0"}
			}
		},
		{
			"from": [0.60086, 0, 14.53051],
			"to": [5.60086, 1.5, 16.03051],
			"rotation": {"angle": 0, "axis": "y", "origin": [2.60086, 1, 18.03051]},
			"faces": {
				"north": {"uv": [5, 2, 6.25, 2.5], "texture": "#0"},
				"south": {"uv": [5, 2.5, 6.25, 3], "texture": "#0"},
				"west": {"uv": [6.25, 3.5, 6.5, 4], "texture": "#0"},
				"up": {"uv": [6.25, 1.5, 5, 1.25], "texture": "#0"},
				"down": {"uv": [6.25, 1, 5, 1.25], "texture": "#0"}
			}
		}
	],
	"display": {
		"thirdperson_righthand": {
			"rotation": [0, 151.5, 0],
			"translation": [0, 8, 0]
		},
		"thirdperson_lefthand": {
			"rotation": [0, 151.5, 0],
			"translation": [0, 8, 0]
		},
		"firstperson_righthand": {
			"rotation": [0, 151.5, 0],
			"translation": [-2, 3, 0]
		},
		"firstperson_lefthand": {
			"rotation": [0, 151.5, 0],
			"translation": [-2, 3, 0]
		},
		"ground": {
			"scale": [0.5, 0.5, 0.5]
		},
		"gui": {
			"rotation": [30, 135, 0],
			"translation": [-1, 1.25, 0]
		},
		"head": {
			"translation": [0, 14.5, 0]
		},
		"fixed": {
			"rotation": [-90, 0, 0],
			"translation": [0, 0, -24],
			"scale": [3, 3, 3]
		}
	}
}