{
	"credit": "Made with Blockbench",
	"textures": {
		"0": "./murasama"
	},
	"elements": [
		{
			"from": [7.3, -4, 7],
			"to": [8.8, 7, 9],
			"faces": {
				"north": {"uv": [11, 9.5, 12, 16], "texture": "#0"},
				"east": {"uv": [14.5, 9.5, 16, 16], "texture": "#0"},
				"south": {"uv": [12, 9.5, 13, 16], "texture": "#0"},
				"west": {"uv": [13, 9.5, 14.5, 16], "texture": "#0"},
				"down": {"uv": [16, 8, 15, 9.5], "texture": "#0"}
			}
		},
		{
			"from": [6.5, 7, 6],
			"to": [9.5, 8, 10],
			"faces": {
				"north": {"uv": [9, 10, 11, 10.5], "texture": "#0"},
				"east": {"uv": [10.5, 7.5, 11, 10], "rotation": 90, "texture": "#0"},
				"south": {"uv": [9, 10.5, 11, 11], "texture": "#0"},
				"west": {"uv": [10, 7.5, 10.5, 10], "rotation": 90, "texture": "#0"},
				"up": {"uv": [11, 13.5, 9, 11], "texture": "#0"},
				"down": {"uv": [11, 13.5, 9, 16], "texture": "#0"}
			}
		},
		{
			"from": [7.8, 8, 7],
			"to": [8.3, 32, 8.9],
			"faces": {
				"north": {"uv": [8.5, 2.5, 9, 16], "texture": "#0"},
				"east": {"uv": [5, 2.5, 6.5, 16], "texture": "#0"},
				"south": {"uv": [8, 2.5, 8.5, 16], "texture": "#0"},
				"west": {"uv": [6.5, 2.5, 8, 16], "texture": "#0"},
				"up": {"uv": [6.5, 2.5, 5, 2], "rotation": 90, "texture": "#0"}
			}
		}
	],
	"display": {
		"thirdperson_righthand": {
			"translation": [0, 4.5, 1.75]
		},
		"thirdperson_lefthand": {
			"rotation": [57.72, -20.83, 32.98],
			"translation": [-3, 1.25, 4]
		},
		"firstperson_righthand": {
			"translation": [0, 3, 0],
			"scale": [0.63867, 0.87109, 0.80078]
		},
		"firstperson_lefthand": {
			"translation": [-9, -0.25, 0],
			"scale": [0.63867, 0.87109, 0.80078]
		},
		"ground": {
			"rotation": [0, 0, 90],
			"translation": [0, -1.75, 0]
		},
		"gui": {
			"rotation": [90, 45, -90],
			"translation": [-3, -3, 0],
			"scale": [0.80273, 0.61719, 0.80273]
		},
		"fixed": {
			"rotation": [0, 90, 0],
			"translation": [0, -2.25, -2],
			"scale": [1.17578, 1.75781, 1.54492]
		}
	}
}