{
	"credit": "Made with Blockbench",
	"textures": {
		"0": "netherite_block",
		"1": "quartz_block_side",
		"particle": "netherite_block"
	},
	"elements": [
		{
			"from": [5.5, 1, 7.45],
			"to": [10.5, 6, 8.45],
			"rotation": {"angle": 0, "axis": "y", "origin": [16.5, 0, 18.45]},
			"faces": {
				"north": {"uv": [0, 0, 5, 5], "texture": "#0"},
				"east": {"uv": [0, 0, 1, 5], "texture": "#0"},
				"south": {"uv": [0, 0, 5, 5], "texture": "#0"},
				"west": {"uv": [0, 0, 1, 5], "texture": "#0"},
				"up": {"uv": [0, 0, 5, 1], "rotation": 180, "texture": "#0"},
				"down": {"uv": [0, 0, 5, 1], "rotation": 180, "texture": "#0"}
			}
		},
		{
			"from": [5.5, 0, 6.95],
			"to": [10.5, 1, 8.95],
			"rotation": {"angle": 0, "axis": "y", "origin": [16.5, 0, 18.45]},
			"faces": {
				"north": {"uv": [0, 0, 5, 1], "texture": "#0"},
				"east": {"uv": [0, 0, 2, 1], "texture": "#0"},
				"south": {"uv": [0, 0, 5, 1], "texture": "#0"},
				"west": {"uv": [0, 0, 2, 1], "texture": "#0"},
				"up": {"uv": [0, 0, 5, 2], "rotation": 180, "texture": "#0"},
				"down": {"uv": [0, 0, 5, 2], "rotation": 180, "texture": "#0"}
			}
		},
		{
			"from": [4.5, 1, 6.95],
			"to": [5.5, 6, 8.95],
			"rotation": {"angle": 0, "axis": "y", "origin": [16.5, 0, 18.45]},
			"faces": {
				"north": {"uv": [0, 0, 1, 5], "texture": "#0"},
				"east": {"uv": [0, 0, 2, 5], "texture": "#0"},
				"south": {"uv": [0, 0, 1, 5], "texture": "#0"},
				"west": {"uv": [0, 0, 2, 5], "texture": "#0"},
				"up": {"uv": [0, 0, 1, 2], "rotation": 180, "texture": "#0"},
				"down": {"uv": [0, 0, 1, 2], "rotation": 180, "texture": "#0"}
			}
		},
		{
			"from": [10.5, 1, 6.95],
			"to": [11.5, 6, 8.95],
			"rotation": {"angle": 0, "axis": "y", "origin": [16.5, 0, 18.45]},
			"faces": {
				"north": {"uv": [0, 0, 1, 5], "texture": "#0"},
				"east": {"uv": [0, 0, 2, 5], "texture": "#0"},
				"south": {"uv": [0, 0, 1, 5], "texture": "#0"},
				"west": {"uv": [0, 0, 2, 5], "texture": "#0"},
				"up": {"uv": [0, 0, 1, 2], "rotation": 180, "texture": "#0"},
				"down": {"uv": [0, 0, 1, 2], "rotation": 180, "texture": "#0"}
			}
		},
		{
			"from": [5.5, 6, 6.95],
			"to": [10.5, 7, 8.95],
			"rotation": {"angle": 0, "axis": "y", "origin": [16.5, 0, 18.45]},
			"faces": {
				"north": {"uv": [0, 0, 5, 1], "texture": "#0"},
				"east": {"uv": [0, 0, 2, 1], "texture": "#0"},
				"south": {"uv": [0, 0, 5, 1], "texture": "#0"},
				"west": {"uv": [0, 0, 2, 1], "texture": "#0"},
				"up": {"uv": [0, 0, 5, 2], "rotation": 180, "texture": "#0"},
				"down": {"uv": [0, 0, 5, 2], "rotation": 180, "texture": "#0"}
			}
		},
		{
			"from": [7.1, 1.2, 7.55],
			"to": [9.1, 2.2, 8.55],
			"rotation": {"angle": 0, "axis": "y", "origin": [16.5, 0, 18.45]},
			"faces": {
				"north": {"uv": [0, 0, 2, 1], "texture": "#1"},
				"east": {"uv": [0, 0, 1, 1], "texture": "#1"},
				"south": {"uv": [0, 0, 2, 1], "texture": "#1"},
				"west": {"uv": [0, 0, 1, 1], "texture": "#1"},
				"up": {"uv": [0, 0, 2, 1], "rotation": 180, "texture": "#1"},
				"down": {"uv": [0, 0, 2, 1], "rotation": 180, "texture": "#1"}
			}
		},
		{
			"from": [7.1, 4.8, 7.55],
			"to": [9.1, 5.8, 8.55],
			"rotation": {"angle": 0, "axis": "y", "origin": [16.5, 0, 18.45]},
			"faces": {
				"north": {"uv": [0, 0, 2, 1], "texture": "#1"},
				"east": {"uv": [0, 0, 1, 1], "texture": "#1"},
				"south": {"uv": [0, 0, 2, 1], "texture": "#1"},
				"west": {"uv": [0, 0, 1, 1], "texture": "#1"},
				"up": {"uv": [0, 0, 2, 1], "rotation": 180, "texture": "#1"},
				"down": {"uv": [0, 0, 2, 1], "rotation": 180, "texture": "#1"}
			}
		},
		{
			"from": [8.5, 2, 7.55],
			"to": [9.5, 3, 8.55],
			"rotation": {"angle": 0, "axis": "y", "origin": [16.5, 0, 18.45]},
			"faces": {
				"north": {"uv": [0, 0, 1, 1], "texture": "#1"},
				"east": {"uv": [0, 0, 1, 1], "texture": "#1"},
				"south": {"uv": [0, 0, 1, 1], "texture": "#1"},
				"west": {"uv": [0, 0, 1, 1], "texture": "#1"},
				"up": {"uv": [0, 0, 1, 1], "rotation": 180, "texture": "#1"},
				"down": {"uv": [0, 0, 1, 1], "rotation": 180, "texture": "#1"}
			}
		},
		{
			"from": [8.5, 4, 7.55],
			"to": [9.5, 5, 8.55],
			"rotation": {"angle": 0, "axis": "y", "origin": [16.5, 0, 18.45]},
			"faces": {
				"north": {"uv": [0, 0, 1, 1], "texture": "#1"},
				"east": {"uv": [0, 0, 1, 1], "texture": "#1"},
				"south": {"uv": [0, 0, 1, 1], "texture": "#1"},
				"west": {"uv": [0, 0, 1, 1], "texture": "#1"},
				"up": {"uv": [0, 0, 1, 1], "rotation": 180, "texture": "#1"},
				"down": {"uv": [0, 0, 1, 1], "rotation": 180, "texture": "#1"}
			}
		},
		{
			"from": [6.5, 2, 7.55],
			"to": [7.5, 5, 8.55],
			"rotation": {"angle": 0, "axis": "y", "origin": [16.5, 0, 18.45]},
			"faces": {
				"north": {"uv": [0, 0, 1, 3], "texture": "#1"},
				"east": {"uv": [0, 0, 1, 3], "texture": "#1"},
				"south": {"uv": [0, 0, 1, 3], "texture": "#1"},
				"west": {"uv": [0, 0, 1, 3], "texture": "#1"},
				"up": {"uv": [0, 0, 1, 1], "rotation": 180, "texture": "#1"},
				"down": {"uv": [0, 0, 1, 1], "rotation": 180, "texture": "#1"}
			}
		}
	],
	"display": {
		"thirdperson_righthand": {
			"translation": [0.5, 5.25, 0.75],
			"scale": [0.7, 0.7, 0.7]
		},
		"thirdperson_lefthand": {
			"translation": [0.5, 5.25, 0.75],
			"scale": [0.7, 0.7, 0.7]
		},
		"firstperson_righthand": {
			"rotation": [0, -40, 0],
			"translation": [0, 8, 1.25]
		},
		"firstperson_lefthand": {
			"rotation": [0, -40, 0],
			"translation": [0, 8, 1.25]
		},
		"ground": {
			"rotation": [-90, 0, 0],
			"translation": [0, -3, 0]
		},
		"gui": {
			"rotation": [-24.6, -38.2, -23.1],
			"translation": [2.5, 7.5, 0],
			"scale": [1.8, 1.8, 1.8]
		},
		"head": {
			"rotation": [-90, 0, 0],
			"translation": [0, 7.5, -4.25]
		},
		"fixed": {
			"rotation": [0, 180, 0],
			"translation": [0, 8.5, -0.75],
			"scale": [2, 2, 2]
		}
	},
	"groups": [
		0,
		1,
		2,
		3,
		4,
		{
			"name": "coin",
			"origin": [0, 0, 0],
			"color": 3,
			"children": [5, 6, 7, 8, 9]
		}
	]
}