{
	"credit": "Made with Blockbench",
	"textures": {
		"0": "./bip_men"
	},
	"elements": [
		{
			"from": [2, 0, 4],
			"to": [14, 12, 14],
			"faces": {
				"east": {"uv": [7, 10.5, 11, 16], "texture": "#0"},
				"south": {"uv": [11, 10.5, 16, 16], "texture": "#0"},
				"west": {"uv": [3, 10.5, 7, 16], "texture": "#0"},
				"up": {"uv": [16, 10.5, 11, 6.5], "texture": "#0"},
				"down": {"uv": [16, 2.5, 11, 6.5], "texture": "#0"}
			}
		},
		{
			"from": [12, 0, 2],
			"to": [14, 12, 4],
			"faces": {
				"north": {"uv": [1, 4.5, 2, 10], "texture": "#0"},
				"east": {"uv": [2, 4.5, 3, 10], "texture": "#0"},
				"west": {"uv": [3, 5, 4, 10.5], "texture": "#0"},
				"up": {"uv": [10, 10.5, 9, 9.5], "texture": "#0"},
				"down": {"uv": [9, 9.5, 8, 10.5], "texture": "#0"}
			}
		},
		{
			"from": [2, 0, 2],
			"to": [4, 12, 4],
			"faces": {
				"north": {"uv": [0, 4.5, 1, 10], "texture": "#0"},
				"east": {"uv": [4, 5, 5, 10.5], "texture": "#0"},
				"west": {"uv": [5, 5, 6, 10.5], "texture": "#0"},
				"up": {"uv": [7, 10.5, 6, 9.5], "texture": "#0"},
				"down": {"uv": [8, 9.5, 7, 10.5], "texture": "#0"}
			}
		},
		{
			"from": [4, 0, 2],
			"to": [12, 2, 4],
			"faces": {
				"north": {"uv": [0, 10, 3, 11], "texture": "#0"},
				"up": {"uv": [3, 13, 0, 12], "texture": "#0"},
				"down": {"uv": [3, 11, 0, 12], "texture": "#0"}
			}
		},
		{
			"from": [4, 10, 2],
			"to": [12, 12, 4],
			"faces": {
				"north": {"uv": [0, 14, 3, 15], "texture": "#0"},
				"up": {"uv": [3, 16, 0, 15], "texture": "#0"},
				"down": {"uv": [3, 13, 0, 14], "texture": "#0"}
			}
		},
		{
			"from": [4, 2, 3],
			"to": [12, 10, 4],
			"faces": {
				"north": {"uv": [0, 0, 4.5, 4.5], "texture": "#0"}
			}
		}
	],
	"display": {
		"thirdperson_righthand": {
			"rotation": [60, 0, 0],
			"scale": [0.5, 0.5, 0.5]
		},
		"thirdperson_lefthand": {
			"rotation": [60, 0, 0],
			"scale": [0.5, 0.5, 0.5]
		},
		"firstperson_righthand": {
			"rotation": [165, 56.5, -180],
			"translation": [1.5, 3.25, 0],
			"scale": [0.7, 0.8, 0.8]
		},
		"firstperson_lefthand": {
			"rotation": [-48, -180, 0],
			"translation": [-9, 2, 0],
			"scale": [0.7, 0.8, 0.8]
		},
		"ground": {
			"scale": [0.5, 0.5, 0.5]
		},
		"gui": {
			"rotation": [30, 135, 0],
			"translation": [0, 1.25, 0],
			"scale": [0.7, 0.7, 0.7]
		},
		"head": {
			"translation": [0, 3.25, -0.5],
			"scale": [1.2207, 1.26172, 1.2793]
		},
		"fixed": {
			"rotation": [-90, 0, 0],
			"translation": [0, 0, -15.5],
			"scale": [2.13867, 2.0625, 2.35156]
		}
	}
}