{
	"credit": "Made with Blockbench",
	"textures": {
		"0": "./prussia_kiver"
	},
	"elements": [
		{
			"from": [5, 6, 5],
			"to": [13, 16, 13],
			"faces": {
				"north": {"uv": [0, 0, 4, 6], "texture": "#0"},
				"east": {"uv": [4, 0, 8, 6], "texture": "#0"},
				"south": {"uv": [0, 6, 4, 12], "texture": "#0"},
				"west": {"uv": [4, 6, 8, 12], "texture": "#0"},
				"up": {"uv": [12, 4, 8, 0], "texture": "#0"},
				"down": {"uv": [12, 4, 8, 8], "texture": "#0"}
			}
		},
		{
			"from": [13.3, 12, 6],
			"to": [13.3, 16, 12],
			"faces": {
				"north": {"uv": [16, 0, 16, 0], "texture": "#0"},
				"east": {"uv": [8, 9, 13, 12], "texture": "#0"},
				"south": {"uv": [16, 0, 16, 0], "texture": "#0"},
				"west": {"uv": [16, 0, 16, 0], "texture": "#0"},
				"up": {"uv": [16, 0, 16, 0], "texture": "#0"},
				"down": {"uv": [16, 0, 16, 0], "texture": "#0"}
			}
		},
		{
			"from": [13.8, 16.5, 6],
			"to": [13.8, 20.5, 12],
			"rotation": {"angle": -22.5, "axis": "z", "origin": [14.1, 17, 9]},
			"faces": {
				"north": {"uv": [16, 0, 16, 0], "texture": "#0"},
				"east": {"uv": [0, 12, 2.5, 14], "texture": "#0"},
				"south": {"uv": [16, 0, 16, 0], "texture": "#0"},
				"west": {"uv": [2.5, 12, 0, 14], "texture": "#0"},
				"up": {"uv": [16, 0, 16, 0], "texture": "#0"},
				"down": {"uv": [16, 0, 16, 0], "rotation": 90, "texture": "#0"}
			}
		},
		{
			"from": [4, 16, 4],
			"to": [14, 18, 14],
			"faces": {
				"north": {"uv": [8, 8, 9, 9], "texture": "#0"},
				"east": {"uv": [9, 8, 10, 9], "texture": "#0"},
				"south": {"uv": [10, 8, 11, 9], "texture": "#0"},
				"west": {"uv": [11, 8, 12, 9], "texture": "#0"},
				"up": {"uv": [5.5, 13, 4.5, 12], "texture": "#0"},
				"down": {"uv": [13, 5, 12, 6], "texture": "#0"}
			}
		},
		{
			"from": [5, 6, 4.9],
			"to": [13, 16, 13.1],
			"faces": {
				"north": {"uv": [2.5, 12, 6.5, 16], "texture": "#0"},
				"east": {"uv": [12, 0, 16, 7], "texture": "#0"},
				"south": {"uv": [6.5, 12, 12.25, 16], "texture": "#0"},
				"west": {"uv": [13, 7, 16, 11.5], "texture": "#0"},
				"up": {"uv": [8.5, 13, 7.5, 12], "texture": "#0"},
				"down": {"uv": [13, 8, 12, 9], "texture": "#0"}
			}
		}
	],
	"display": {
		"thirdperson_righthand": {
			"rotation": [110.73, 71.42, -51.03],
			"translation": [0, 0.75, -0.25],
			"scale": [0.77, 0.78, 0.79]
		},
		"thirdperson_lefthand": {
			"rotation": [0, -50, -55],
			"scale": [0.85, 0.85, 0.85]
		},
		"firstperson_righthand": {
			"rotation": [0, -157, 0],
			"translation": [3, 1, -2.75],
			"scale": [0.86, 0.84, 0.86]
		},
		"firstperson_lefthand": {
			"rotation": [0, 18, -10],
			"translation": [0, 2.5, -2],
			"scale": [0.77, 0.79, 0.82]
		},
		"gui": {
			"rotation": [30, -135, 0],
			"translation": [1.25, -4.25, 0]
		},
		"head": {
			"rotation": [-180, 89.75, -179.35],
			"translation": [-1.75, -6.5, 1.75],
			"scale": [1.8432, 1.88383, 1.7782]
		},
		"fixed": {
			"rotation": [0, 90, -90],
			"translation": [-3.25, 7, -1.75],
			"scale": [2.17, 2.19, 2.31]
		}
	}
}