{
	"credit": "Made with Blockbench",
	"texture_size": [32, 32],
	"textures": {
		"0": "./banjo",
		"particle": "./banjo"
	},
	"elements": [
		{
			"from": [7.2, 1, 6.8],
			"to": [7.6, 18, 6.8],
			"faces": {
				"north": {"uv": [14.5, 7.5, 15, 16], "texture": "#0"},
				"south": {"uv": [14.5, 7.5, 15, 16], "texture": "#0"}
			}
		},
		{
			"from": [8.6, 1, 6.8],
			"to": [9, 18, 6.8],
			"faces": {
				"north": {"uv": [15, 7.5, 15.5, 16], "texture": "#0"},
				"south": {"uv": [15, 7.5, 15.5, 16], "texture": "#0"}
			}
		},
		{
			"from": [7.9, 1, 6.8],
			"to": [8.3, 18, 6.8],
			"faces": {
				"north": {"uv": [15.5, 7.5, 16, 16], "texture": "#0"},
				"south": {"uv": [15.5, 7.5, 16, 16], "texture": "#0"}
			}
		},
		{
			"from": [7, 0, 6],
			"to": [9, 1, 7],
			"faces": {
				"north": {"uv": [12.5, 8.5, 14.5, 9.5], "texture": "#0"},
				"east": {"uv": [12.5, 7.5, 13.5, 8.5], "texture": "#0"},
				"west": {"uv": [13.5, 7.5, 14.5, 8.5], "texture": "#0"},
				"up": {"uv": [12.5, 9.5, 10.5, 8.5], "texture": "#0"},
				"down": {"uv": [12.5, 7.5, 10.5, 8.5], "texture": "#0"}
			}
		},
		{
			"from": [7, 18, 6.8],
			"to": [9, 20, 6.8],
			"faces": {
				"north": {"uv": [4, 2, 7, 5], "texture": "#0"},
				"south": {"uv": [4, 2, 7, 5], "texture": "#0"}
			}
		},
		{
			"from": [6, 17, 7],
			"to": [10, 21, 8],
			"faces": {
				"north": {"uv": [0, 5, 4, 9], "texture": "#0"},
				"east": {"uv": [5, 5, 6, 9], "texture": "#0"},
				"south": {"uv": [0, 1, 4, 5], "texture": "#0"},
				"west": {"uv": [4, 5, 5, 9], "texture": "#0"},
				"up": {"uv": [11, 3.5, 7, 2.5], "texture": "#0"},
				"down": {"uv": [11, 2.5, 7, 3.5], "texture": "#0"}
			}
		},
		{
			"from": [7, 16, 7],
			"to": [9, 17, 8],
			"faces": {
				"north": {"uv": [0.5, 14, 1.5, 16], "rotation": 90, "texture": "#0"},
				"east": {"uv": [3.5, 10, 4.5, 11], "texture": "#0"},
				"south": {"uv": [0.5, 12, 1.5, 14], "rotation": 90, "texture": "#0"},
				"west": {"uv": [3.5, 9, 4.5, 10], "texture": "#0"}
			}
		},
		{
			"from": [6, 14, 7],
			"to": [10, 16, 8],
			"faces": {
				"north": {"uv": [7, 7.5, 10.5, 9.5], "texture": "#0"},
				"east": {"uv": [6, 7.5, 7, 9.5], "texture": "#0"},
				"south": {"uv": [7, 3.5, 10.5, 5.5], "texture": "#0"},
				"west": {"uv": [6, 5.5, 7, 7.5], "texture": "#0"},
				"up": {"uv": [10.5, 6.5, 7, 5.5], "texture": "#0"},
				"down": {"uv": [10.5, 6.5, 7, 7.5], "texture": "#0"}
			}
		},
		{
			"from": [5, 0, 7],
			"to": [11, 6, 9],
			"faces": {
				"north": {"uv": [9.5, 11, 14.5, 16], "texture": "#0"},
				"east": {"uv": [3, 11, 4.5, 16], "texture": "#0"},
				"south": {"uv": [4.5, 11, 9.5, 16], "texture": "#0"},
				"west": {"uv": [1.5, 11, 3, 16], "texture": "#0"},
				"up": {"uv": [9.5, 11, 4.5, 9.5], "texture": "#0"},
				"down": {"uv": [14.5, 9.5, 9.5, 11], "texture": "#0"}
			}
		},
		{
			"from": [7, 6, 7],
			"to": [9, 14, 8],
			"faces": {
				"north": {"uv": [11, 1, 12.5, 7.5], "texture": "#0"},
				"east": {"uv": [14, 1, 15, 7.5], "texture": "#0"},
				"south": {"uv": [12.5, 1, 14, 7.5], "texture": "#0"},
				"west": {"uv": [15, 1, 16, 7.5], "texture": "#0"}
			}
		}
	],
	"display": {
		"thirdperson_righthand": {
			"rotation": [0, 90, 0],
			"translation": [0.5, -3.75, 2.75]
		},
		"thirdperson_lefthand": {
			"rotation": [-178, 0, 102.5],
			"translation": [-3.75, 1.5, 0.25]
		},
		"firstperson_lefthand": {
			"rotation": [131.48, 5.25, 97.86],
			"translation": [-7, 3, 0],
			"scale": [1.125, 1.16406, 1.0918]
		},
		"ground": {
			"rotation": [90, 0, 0],
			"translation": [0, -1.5, 0]
		},
		"gui": {
			"rotation": [0, -180, 45],
			"translation": [-1.25, -1, 0],
			"scale": [0.8, 0.8, 0.8]
		},
		"fixed": {
			"translation": [0, -2, -2],
			"scale": [2, 2, 2]
		}
	},
	"groups": [
		{
			"name": "group",
			"origin": [0, 0, 0],
			"color": 0,
			"children": [0, 1, 2, 3, 4, 5, 6, 7, 8, 9]
		}
	]
}