{
	"credit": "Made with Blockbench",
	"textures": {
		"0": "./wheatley"
	},
	"elements": [
		{
			"from": [11, 1.6, 5],
			"to": [13, 11.6, 15],
			"rotation": {"angle": 0, "axis": "y", "origin": [0, 1.6, 2]},
			"faces": {
				"north": {"uv": [7, 6, 7.5, 8.5], "texture": "#0"},
				"east": {"uv": [0, 0, 2.5, 2.5], "texture": "#0"},
				"south": {"uv": [0, 7.5, 0.5, 10], "texture": "#0"},
				"west": {"uv": [16, 0, 16, 0], "texture": "#0"},
				"up": {"uv": [8, 2.5, 7.5, 0], "texture": "#0"},
				"down": {"uv": [1, 7.5, 0.5, 10], "texture": "#0"}
			}
		},
		{
			"from": [3, 1.6, 5],
			"to": [5, 11.6, 15],
			"rotation": {"angle": 0, "axis": "y", "origin": [0, 1.6, 2]},
			"faces": {
				"north": {"uv": [1, 7.5, 1.5, 10], "texture": "#0"},
				"east": {"uv": [16, 0, 16, 0], "texture": "#0"},
				"south": {"uv": [1.5, 7.5, 2, 10], "texture": "#0"},
				"west": {"uv": [2.5, 2.5, 5, 5], "texture": "#0"},
				"up": {"uv": [2.5, 10, 2, 7.5], "texture": "#0"},
				"down": {"uv": [3, 7.5, 2.5, 10], "texture": "#0"}
			}
		},
		{
			"from": [5, 1.6, 5],
			"to": [11, 11.6, 15],
			"rotation": {"angle": 0, "axis": "y", "origin": [0, 1.6, 2]},
			"faces": {
				"north": {"uv": [2.5, 5, 4, 7.5], "texture": "#0"},
				"east": {"uv": [16, 0, 16, 0], "texture": "#0"},
				"south": {"uv": [5, 2.5, 6.5, 5], "texture": "#0"},
				"west": {"uv": [16, 0, 16, 0], "texture": "#0"},
				"up": {"uv": [5.5, 7.5, 4, 5], "texture": "#0"},
				"down": {"uv": [7, 5, 5.5, 7.5], "texture": "#0"}
			}
		},
		{
			"from": [4, 2.6, 4.8],
			"to": [12, 10.6, 4.8],
			"rotation": {"angle": 0, "axis": "y", "origin": [0, 1.6, 2]},
			"faces": {
				"north": {"uv": [6.5, 2.5, 8.25, 4.25], "texture": "#0"},
				"east": {"uv": [0, 0, 0, 1.75], "texture": "#0"},
				"south": {"uv": [7, 4.25, 8.75, 6], "texture": "#0"},
				"west": {"uv": [0, 0, 0, 1.75], "texture": "#0"},
				"up": {"uv": [1.75, 0, 0, 0], "texture": "#0"},
				"down": {"uv": [1.75, 0, 0, 0], "texture": "#0"}
			}
		},
		{
			"from": [3.1, 10.8, 4.5],
			"to": [4.1, 15.8, 5.5],
			"rotation": {"angle": -22.5, "axis": "x", "origin": [4.5, 12.1, 5.5]},
			"faces": {
				"north": {"uv": [7.5, 7.5, 7.75, 8.75], "texture": "#0"},
				"east": {"uv": [3, 7.75, 3.25, 9], "texture": "#0"},
				"south": {"uv": [3.25, 7.75, 3.5, 9], "texture": "#0"},
				"west": {"uv": [3.5, 7.75, 3.75, 9], "texture": "#0"},
				"up": {"uv": [6.75, 4.5, 6.5, 4.25], "texture": "#0"},
				"down": {"uv": [16, 0, 16, 0], "texture": "#0"}
			}
		},
		{
			"from": [11.9, 10.8, 4.5],
			"to": [12.9, 15.8, 5.5],
			"rotation": {"angle": -22.5, "axis": "x", "origin": [4.5, 12.1, 5.5]},
			"faces": {
				"north": {"uv": [3.75, 7.75, 4, 9], "texture": "#0"},
				"east": {"uv": [4, 7.75, 4.25, 9], "texture": "#0"},
				"south": {"uv": [4.25, 7.75, 4.5, 9], "texture": "#0"},
				"west": {"uv": [4.5, 7.75, 4.75, 9], "texture": "#0"},
				"up": {"uv": [6.75, 5, 6.5, 4.75], "texture": "#0"},
				"down": {"uv": [16, 0, 16, 0.25], "texture": "#0"}
			}
		},
		{
			"from": [4.1, 14.3, 4.5],
			"to": [11.9, 15.3, 5.5],
			"rotation": {"angle": -22.5, "axis": "x", "origin": [4.5, 12.1, 5.5]},
			"faces": {
				"north": {"uv": [3, 7.5, 5, 7.75], "texture": "#0"},
				"east": {"uv": [16, 0, 16, 0], "texture": "#0"},
				"south": {"uv": [5, 7.5, 7, 7.75], "texture": "#0"},
				"west": {"uv": [16, 0, 16, 0], "texture": "#0"},
				"up": {"uv": [9.5, 6.25, 7.5, 6], "texture": "#0"},
				"down": {"uv": [9.5, 6.25, 7.5, 6.5], "texture": "#0"}
			}
		},
		{
			"from": [11.9, 0.9, 0.4],
			"to": [12.9, 1.9, 5.4],
			"rotation": {"angle": -22.5, "axis": "x", "origin": [12.4, 2.1, 3]},
			"faces": {
				"north": {"uv": [8, 0.25, 8.25, 0.5], "texture": "#0"},
				"east": {"uv": [4.75, 7.75, 6, 8], "texture": "#0"},
				"south": {"uv": [16, 0, 16, 0], "texture": "#0"},
				"west": {"uv": [7.75, 7.5, 9, 7.75], "texture": "#0"},
				"up": {"uv": [6.25, 9, 6, 7.75], "texture": "#0"},
				"down": {"uv": [6.5, 7.75, 6.25, 9], "texture": "#0"}
			}
		},
		{
			"from": [3.1, 0.9, 0.4],
			"to": [4.1, 1.9, 5.4],
			"rotation": {"angle": -22.5, "axis": "x", "origin": [12.4, 2.1, 3]},
			"faces": {
				"north": {"uv": [8, 0.75, 8.25, 1], "texture": "#0"},
				"east": {"uv": [7.75, 7.75, 9, 8], "texture": "#0"},
				"south": {"uv": [16, 0, 16, 0], "texture": "#0"},
				"west": {"uv": [8, 0, 9.25, 0.25], "texture": "#0"},
				"up": {"uv": [6.75, 9, 6.5, 7.75], "texture": "#0"},
				"down": {"uv": [7, 7.75, 6.75, 9], "texture": "#0"}
			}
		},
		{
			"from": [4.1, 0.9, 0.8],
			"to": [11.9, 1.9, 1.8],
			"rotation": {"angle": -22.5, "axis": "x", "origin": [12.4, 2.1, 3]},
			"faces": {
				"north": {"uv": [7.5, 6.5, 9.5, 6.75], "texture": "#0"},
				"east": {"uv": [16, 0, 16, 0], "texture": "#0"},
				"south": {"uv": [7.5, 6.75, 9.5, 7], "texture": "#0"},
				"west": {"uv": [16, 0, 16, 0], "texture": "#0"},
				"up": {"uv": [9.5, 7.25, 7.5, 7], "texture": "#0"},
				"down": {"uv": [9.5, 7.25, 7.5, 7.5], "texture": "#0"}
			}
		}
	],
	"display": {
		"thirdperson_righthand": {
			"rotation": [63.5, 0, 0],
			"translation": [0, 1.5, 1.75],
			"scale": [0.5, 0.5, 0.5]
		},
		"thirdperson_lefthand": {
			"rotation": [63.5, 0, 0],
			"translation": [0, 1.5, 1.75],
			"scale": [0.5, 0.5, 0.5]
		},
		"firstperson_righthand": {
			"rotation": [166.5, 58, -180],
			"translation": [0, 5, 0],
			"scale": [0.85938, 0.87305, 0.89258]
		},
		"firstperson_lefthand": {
			"rotation": [166.5, 58, -180],
			"translation": [0.25, 5, -0.5],
			"scale": [0.85938, 0.87305, 0.89258]
		},
		"ground": {
			"rotation": [7.36, 0, 0],
			"translation": [0, 4.25, 0]
		},
		"gui": {
			"rotation": [30, 135, 0],
			"translation": [-0.5, 1.75, 0],
			"scale": [0.9, 0.9, 0.9]
		},
		"head": {
			"rotation": [0, -5.25, 7],
			"translation": [-13.25, 2.5, -0.75]
		},
		"fixed": {
			"rotation": [-83, 0, 0],
			"translation": [0, 2, -17.25],
			"scale": [2.5, 2.5, 2.5]
		}
	}
}