{
	"credit": "Made with Blockbench",
	"texture_size": [64, 64],
	"textures": {
		"0": "./orange_knight",
		"particle": "./orange_knight"
	},
	"elements": [
		{
			"from": [1.75, 1, 2],
			"to": [14.5, 16.5, 15.25],
			"rotation": {"angle": 0, "axis": "y", "origin": [10, 12, 9]},
			"faces": {
				"north": {"uv": [3.25, 4, 6.5, 7.875], "texture": "#0"},
				"east": {"uv": [0, 0, 3.375, 3.875], "texture": "#0"},
				"south": {"uv": [0, 4, 3.25, 7.875], "texture": "#0"},
				"west": {"uv": [3.5, 0, 6.875, 3.875], "texture": "#0"},
				"up": {"uv": [9.875, 7.25, 6.5, 4], "rotation": 90, "texture": "#0"},
				"down": {"uv": [10.375, 0, 7, 3.25], "rotation": 270, "texture": "#0"}
			}
		},
		{
			"from": [4.75, 1, 1],
			"to": [11.5, 15.25, 2.5],
			"rotation": {"angle": 0, "axis": "y", "origin": [10, 12, 9]},
			"faces": {
				"north": {"uv": [0, 8, 1.75, 11.625], "texture": "#0"},
				"east": {"uv": [5.25, 9.5, 5.625, 13.125], "texture": "#0"},
				"south": {"uv": [6.5, 7.25, 8.25, 10.875], "texture": "#0"},
				"west": {"uv": [5.75, 9.5, 6.125, 13.125], "texture": "#0"},
				"up": {"uv": [10.625, 11.25, 10.25, 9.5], "rotation": 90, "texture": "#0"},
				"down": {"uv": [10.125, 10.25, 9.75, 12], "rotation": 270, "texture": "#0"}
			}
		},
		{
			"from": [11.5, 5.75, 1],
			"to": [14.5, 10.75, 2],
			"rotation": {"angle": 0, "axis": "y", "origin": [10, 12, 9]},
			"faces": {
				"north": {"uv": [8.25, 10.25, 9, 11.5], "texture": "#0"},
				"east": {"uv": [10.5, 0, 10.875, 1.25], "texture": "#0"},
				"south": {"uv": [10, 5.25, 10.75, 6.5], "texture": "#0"},
				"west": {"uv": [10.5, 1.25, 10.875, 2.5], "texture": "#0"},
				"up": {"uv": [10.875, 3.25, 10.5, 2.5], "rotation": 90, "texture": "#0"},
				"down": {"uv": [11.375, 0, 11, 0.75], "rotation": 270, "texture": "#0"}
			}
		},
		{
			"from": [10, 6.25, 0.5],
			"to": [13.25, 7.25, 2],
			"rotation": {"angle": 0, "axis": "y", "origin": [10, 12, 9]},
			"faces": {
				"north": {"uv": [8, 3.25, 8.875, 3.875], "texture": "#0"},
				"east": {"uv": [1.75, 11, 2.125, 11.625], "texture": "#0"},
				"south": {"uv": [7, 3.25, 7.875, 3.875], "texture": "#0"},
				"west": {"uv": [2.25, 11, 2.625, 11.625], "texture": "#0"},
				"up": {"uv": [5.125, 11.375, 4.75, 10.5], "rotation": 90, "texture": "#0"},
				"down": {"uv": [11.125, 5.25, 10.75, 6.125], "rotation": 270, "texture": "#0"}
			}
		},
		{
			"from": [10.5, 7, 0.5],
			"to": [13.25, 8, 2],
			"rotation": {"angle": 0, "axis": "y", "origin": [10, 12, 9]},
			"faces": {
				"north": {"uv": [8, 3.25, 8.875, 3.875], "texture": "#0"},
				"east": {"uv": [1.75, 11, 2.125, 11.625], "texture": "#0"},
				"south": {"uv": [7, 3.25, 7.875, 3.875], "texture": "#0"},
				"west": {"uv": [2.25, 11, 2.625, 11.625], "texture": "#0"},
				"up": {"uv": [5.125, 11.375, 4.75, 10.5], "rotation": 90, "texture": "#0"},
				"down": {"uv": [11.125, 5.25, 10.75, 6.125], "rotation": 270, "texture": "#0"}
			}
		},
		{
			"from": [3, 6.25, 0.5],
			"to": [6.25, 7.25, 2],
			"rotation": {"angle": 0, "axis": "y", "origin": [10, 12, 9]},
			"faces": {
				"north": {"uv": [8, 3.25, 8.875, 3.875], "texture": "#0"},
				"east": {"uv": [1.75, 11, 2.125, 11.625], "texture": "#0"},
				"south": {"uv": [7, 3.25, 7.875, 3.875], "texture": "#0"},
				"west": {"uv": [2.25, 11, 2.625, 11.625], "texture": "#0"},
				"up": {"uv": [5.125, 11.375, 4.75, 10.5], "rotation": 90, "texture": "#0"},
				"down": {"uv": [11.125, 5.25, 10.75, 6.125], "rotation": 270, "texture": "#0"}
			}
		},
		{
			"from": [3, 7, 0.5],
			"to": [5.75, 8, 2],
			"rotation": {"angle": 0, "axis": "y", "origin": [10, 12, 9]},
			"faces": {
				"north": {"uv": [8, 3.25, 8.875, 3.875], "texture": "#0"},
				"east": {"uv": [1.75, 11, 2.125, 11.625], "texture": "#0"},
				"south": {"uv": [7, 3.25, 7.875, 3.875], "texture": "#0"},
				"west": {"uv": [2.25, 11, 2.625, 11.625], "texture": "#0"},
				"up": {"uv": [5.125, 11.375, 4.75, 10.5], "rotation": 90, "texture": "#0"},
				"down": {"uv": [11.125, 5.25, 10.75, 6.125], "rotation": 270, "texture": "#0"}
			}
		},
		{
			"from": [1.75, 5.75, 1],
			"to": [4.75, 10.75, 2],
			"rotation": {"angle": 0, "axis": "y", "origin": [10, 12, 9]},
			"faces": {
				"north": {"uv": [9, 10.25, 9.75, 11.5], "texture": "#0"},
				"east": {"uv": [3.75, 10.5, 4.125, 11.75], "texture": "#0"},
				"south": {"uv": [10.25, 8.25, 11, 9.5], "texture": "#0"},
				"west": {"uv": [4.25, 10.5, 4.625, 11.75], "texture": "#0"},
				"up": {"uv": [11.375, 1.5, 11, 0.75], "rotation": 90, "texture": "#0"},
				"down": {"uv": [11.375, 1.5, 11, 2.25], "rotation": 270, "texture": "#0"}
			}
		},
		{
			"from": [1, 5.75, 6.5],
			"to": [4.75, 11.5, 11.75],
			"rotation": {"angle": 0, "axis": "y", "origin": [10, 12, 9]},
			"faces": {
				"north": {"uv": [2.75, 9.5, 3.75, 11], "texture": "#0"},
				"east": {"uv": [4.75, 8, 6.125, 9.5], "texture": "#0"},
				"south": {"uv": [1.75, 9.5, 2.75, 11], "texture": "#0"},
				"west": {"uv": [8.25, 7.25, 9.625, 8.75], "texture": "#0"},
				"up": {"uv": [11.375, 4.25, 10, 3.25], "rotation": 90, "texture": "#0"},
				"down": {"uv": [11.375, 4.25, 10, 5.25], "rotation": 270, "texture": "#0"}
			}
		},
		{
			"from": [12, 5.75, 6.5],
			"to": [15.75, 11.5, 11.75],
			"rotation": {"angle": 0, "axis": "y", "origin": [10, 12, 9]},
			"faces": {
				"north": {"uv": [9.25, 8.75, 10.25, 10.25], "texture": "#0"},
				"east": {"uv": [1.75, 8, 3.125, 9.5], "texture": "#0"},
				"south": {"uv": [8.25, 8.75, 9.25, 10.25], "texture": "#0"},
				"west": {"uv": [3.25, 8, 4.625, 9.5], "texture": "#0"},
				"up": {"uv": [5.125, 10.5, 3.75, 9.5], "rotation": 90, "texture": "#0"},
				"down": {"uv": [11.125, 7.25, 9.75, 8.25], "rotation": 270, "texture": "#0"}
			}
		},
		{
			"name": "cube inverted",
			"from": [14.75, 16.75, 15.75],
			"to": [1.5, 0.75, 1.75],
			"rotation": {"angle": 0, "axis": "y", "origin": [10, 12, 9]},
			"faces": {
				"north": {"uv": [11.5, 15, 14.75, 11.125], "texture": "#0"},
				"east": {"uv": [12.25, 14.875, 15.625, 11], "texture": "#0"},
				"south": {"uv": [11.5, 15.125, 14.75, 11.125], "texture": "#0"},
				"west": {"uv": [11.75, 14.875, 15.125, 11], "texture": "#0"},
				"up": {"uv": [11.5, 11.125, 14.875, 14.375], "rotation": 90, "texture": "#0"},
				"down": {"uv": [11.75, 14.875, 15.125, 11.625], "rotation": 270, "texture": "#0"}
			}
		},
		{
			"name": "cube inverted",
			"from": [4.75, 11.75, 12],
			"to": [0.75, 5.5, 6.25],
			"rotation": {"angle": 0, "axis": "y", "origin": [10, 12, 9]},
			"faces": {
				"north": {"uv": [12.25, 14.75, 13.25, 13.25], "texture": "#0"},
				"east": {"uv": [13.875, 12.875, 15.25, 11.375], "texture": "#0"},
				"south": {"uv": [13.125, 16, 14.125, 14.5], "texture": "#0"},
				"west": {"uv": [13.75, 14.75, 15.125, 13.25], "texture": "#0"},
				"up": {"uv": [12.875, 11.375, 14.25, 12.375], "rotation": 90, "texture": "#0"},
				"down": {"uv": [13.125, 9.75, 14.5, 8.75], "rotation": 270, "texture": "#0"}
			}
		},
		{
			"name": "cube inverted",
			"from": [16, 11.75, 12],
			"to": [12, 5.5, 6.25],
			"rotation": {"angle": 0, "axis": "y", "origin": [10, 12, 9]},
			"faces": {
				"north": {"uv": [12.25, 14.75, 13.25, 13.25], "texture": "#0"},
				"east": {"uv": [13.875, 12.875, 15.25, 11.375], "texture": "#0"},
				"south": {"uv": [13.125, 16, 14.125, 14.5], "texture": "#0"},
				"west": {"uv": [13.75, 14.75, 15.125, 13.25], "texture": "#0"},
				"up": {"uv": [12.875, 11.375, 14.25, 12.375], "rotation": 90, "texture": "#0"},
				"down": {"uv": [13.125, 9.75, 14.5, 8.75], "rotation": 270, "texture": "#0"}
			}
		},
		{
			"name": "cube inverted",
			"from": [11.75, 15.5, 2.5],
			"to": [4.5, 0.75, 0.75],
			"rotation": {"angle": 0, "axis": "y", "origin": [10, 12, 9]},
			"faces": {
				"north": {"uv": [6.5, 10.875, 8.25, 7.25], "texture": "#0"},
				"east": {"uv": [14, 8.375, 14.75, 5.375], "texture": "#0"},
				"south": {"uv": [0, 11.625, 1.75, 8], "texture": "#0"},
				"west": {"uv": [14, 8.375, 14.75, 5.25], "texture": "#0"},
				"up": {"uv": [13.125, 11.125, 13.5, 12.875], "rotation": 90, "texture": "#0"},
				"down": {"uv": [13.125, 15.5, 13.5, 13.75], "rotation": 270, "texture": "#0"}
			}
		},
		{
			"name": "cube inverted",
			"from": [14.75, 11, 2],
			"to": [11.25, 5.5, 0.75],
			"rotation": {"angle": 0, "axis": "y", "origin": [10, 12, 9]},
			"faces": {
				"north": {"uv": [13.375, 3.125, 14.625, 0.375], "texture": "#0"},
				"east": {"uv": [11.875, 7, 12.25, 5.75], "texture": "#0"},
				"south": {"uv": [12.75, 15, 13.5, 13.75], "texture": "#0"},
				"west": {"uv": [13.5, 12.75, 13.875, 11.5], "texture": "#0"},
				"up": {"uv": [15.25, 14.5, 15.625, 15.25], "rotation": 90, "texture": "#0"},
				"down": {"uv": [14.5, 12.125, 14.875, 11.375], "rotation": 270, "texture": "#0"}
			}
		},
		{
			"name": "cube inverted",
			"from": [4.75, 11, 2],
			"to": [1.25, 5.5, 0.75],
			"rotation": {"angle": 0, "axis": "y", "origin": [10, 12, 9]},
			"faces": {
				"north": {"uv": [13.375, 3.125, 14.625, 0.375], "texture": "#0"},
				"east": {"uv": [11.25, 14, 11.625, 12.75], "texture": "#0"},
				"south": {"uv": [12.625, 13.375, 13.375, 12.125], "texture": "#0"},
				"west": {"uv": [15.625, 8.125, 16, 6.625], "texture": "#0"},
				"up": {"uv": [13.75, 12.75, 14.125, 13.5], "rotation": 90, "texture": "#0"},
				"down": {"uv": [13.125, 10.75, 13.5, 10], "rotation": 270, "texture": "#0"}
			}
		}
	],
	"display": {
		"thirdperson_righthand": {
			"translation": [0, 0.5, 0],
			"scale": [0.5, 0.5, 0.5]
		},
		"thirdperson_lefthand": {
			"translation": [0, 0.5, 0],
			"scale": [0.5, 0.5, 0.5]
		},
		"firstperson_righthand": {
			"rotation": [167.73, 57.42, -165.47],
			"translation": [5.5, 0, -6.5]
		},
		"firstperson_lefthand": {
			"rotation": [167.73, 57.42, -165.47],
			"translation": [5.5, 0, -6.5]
		},
		"ground": {
			"scale": [0.5, 0.5, 0.5]
		},
		"gui": {
			"rotation": [30, 135, 0],
			"translation": [-0.25, -0.75, 0],
			"scale": [0.7, 0.7, 0.7]
		},
		"head": {
			"translation": [0, 1.5, -0.75],
			"scale": [1.19, 1.19, 1.19]
		},
		"fixed": {
			"rotation": [-90, 0, 0],
			"translation": [0.5, 0, -11.25],
			"scale": [1.53125, 1.53125, 1.53125]
		}
	}
}