{
	"credit": "Made with Blockbench",
	"textures": {
		"0": "./perchatka_palacha"
	},
	"elements": [
		{
			"from": [5, 6, 5],
			"to": [12, 14, 12],
			"faces": {
				"north": {"uv": [0, 0, 1.75, 2], "texture": "#0"},
				"east": {"uv": [1.75, 0, 3.5, 2], "texture": "#0"},
				"south": {"uv": [0, 2, 1.75, 4], "texture": "#0"},
				"west": {"uv": [1.75, 2, 3.5, 4], "texture": "#0"},
				"up": {"uv": [5.25, 5.25, 3.5, 3.5], "texture": "#0"},
				"down": {"uv": [5.25, 1.75, 3.5, 3.5], "texture": "#0"}
			}
		},
		{
			"from": [11, 14, 6],
			"to": [12, 20, 11],
			"faces": {
				"north": {"uv": [7, 1.25, 7.25, 2.75], "texture": "#0"},
				"east": {"uv": [5.25, 1.25, 6.5, 2.75], "texture": "#0"},
				"south": {"uv": [6.75, 1.25, 7, 2.75], "texture": "#0"},
				"west": {"uv": [5.25, 1.25, 6.5, 2.75], "texture": "#0"},
				"up": {"uv": [6.5, 6.75, 5.25, 6.5], "rotation": 90, "texture": "#0"},
				"down": {"uv": [16, 0, 16, 0], "rotation": 90, "texture": "#0"}
			}
		},
		{
			"from": [11.5, 7, 7],
			"to": [12.5, 8, 8],
			"faces": {
				"north": {"uv": [4, 6.5, 4.25, 6.75], "texture": "#0"},
				"east": {"uv": [6.5, 4, 6.75, 4.25], "texture": "#0"},
				"south": {"uv": [4.25, 6.5, 4.5, 6.75], "texture": "#0"},
				"west": {"uv": [16, 0, 16, 0], "texture": "#0"},
				"up": {"uv": [4.75, 6.75, 4.5, 6.5], "texture": "#0"},
				"down": {"uv": [6.75, 4.5, 6.5, 4.75], "texture": "#0"}
			}
		},
		{
			"from": [11.5, 9, 7],
			"to": [12.5, 10, 8],
			"faces": {
				"north": {"uv": [6.5, 3, 6.75, 3.25], "texture": "#0"},
				"east": {"uv": [6.5, 3.25, 6.75, 3.5], "texture": "#0"},
				"south": {"uv": [3.5, 6.5, 3.75, 6.75], "texture": "#0"},
				"west": {"uv": [16, 0, 16, 0], "texture": "#0"},
				"up": {"uv": [4, 6.75, 3.75, 6.5], "texture": "#0"},
				"down": {"uv": [6.75, 3.75, 6.5, 4], "texture": "#0"}
			}
		},
		{
			"from": [11.5, 9, 9],
			"to": [12.5, 10, 10],
			"faces": {
				"north": {"uv": [6.5, 1.5, 6.75, 1.75], "texture": "#0"},
				"east": {"uv": [6.5, 1.75, 6.75, 2], "texture": "#0"},
				"south": {"uv": [6.5, 2, 6.75, 2.25], "texture": "#0"},
				"west": {"uv": [16, 0, 16, 0], "texture": "#0"},
				"up": {"uv": [6.75, 2.75, 6.5, 2.5], "texture": "#0"},
				"down": {"uv": [6.75, 2.75, 6.5, 3], "texture": "#0"}
			}
		},
		{
			"from": [11.5, 11, 7],
			"to": [12.5, 12, 8],
			"faces": {
				"north": {"uv": [6.25, 5.75, 6.5, 6], "texture": "#0"},
				"east": {"uv": [6.25, 6, 6.5, 6.25], "texture": "#0"},
				"south": {"uv": [6.25, 6.25, 6.5, 6.5], "texture": "#0"},
				"west": {"uv": [16, 0, 16, 0], "texture": "#0"},
				"up": {"uv": [6.75, 1.5, 6.5, 1.25], "texture": "#0"},
				"down": {"uv": [1.75, 6.5, 1.5, 6.75], "texture": "#0"}
			}
		},
		{
			"from": [11.5, 11, 9],
			"to": [12.5, 12, 10],
			"faces": {
				"north": {"uv": [6.25, 4.75, 6.5, 5], "texture": "#0"},
				"east": {"uv": [6.25, 5, 6.5, 5.25], "texture": "#0"},
				"south": {"uv": [5.25, 6.25, 5.5, 6.5], "texture": "#0"},
				"west": {"uv": [16, 0, 16, 0], "texture": "#0"},
				"up": {"uv": [5.75, 6.5, 5.5, 6.25], "texture": "#0"},
				"down": {"uv": [6.5, 5.5, 6.25, 5.75], "texture": "#0"}
			}
		},
		{
			"from": [11.5, 7, 9],
			"to": [12.5, 8, 10],
			"faces": {
				"north": {"uv": [6.25, 3.25, 6.5, 3.5], "texture": "#0"},
				"east": {"uv": [6.25, 3.5, 6.5, 3.75], "texture": "#0"},
				"south": {"uv": [6.25, 3.75, 6.5, 4], "texture": "#0"},
				"west": {"uv": [16, 0, 16, 0], "texture": "#0"},
				"up": {"uv": [6.5, 4.5, 6.25, 4.25], "texture": "#0"},
				"down": {"uv": [6.5, 4.5, 6.25, 4.75], "texture": "#0"}
			}
		},
		{
			"from": [8, -2, 12],
			"to": [9, 12, 14],
			"faces": {
				"north": {"uv": [5, 5.25, 5.25, 8.75], "texture": "#0"},
				"east": {"uv": [5.25, 2.75, 5.75, 6.25], "texture": "#0"},
				"south": {"uv": [0, 5.75, 0.25, 9.25], "texture": "#0"},
				"west": {"uv": [3, 5.25, 3.5, 8.75], "texture": "#0"},
				"up": {"uv": [6.25, 6.5, 6, 6], "texture": "#0"},
				"down": {"uv": [6.5, 2.75, 6.25, 3.25], "texture": "#0"}
			}
		},
		{
			"from": [7.5, 8, 12],
			"to": [9.5, 13, 14.5],
			"faces": {
				"north": {"uv": [16, 0, 16, 0], "texture": "#0"},
				"east": {"uv": [3.5, 5.25, 4.25, 6.5], "texture": "#0"},
				"south": {"uv": [0.75, 5.75, 1.25, 7], "texture": "#0"},
				"west": {"uv": [4.25, 5.25, 5, 6.5], "texture": "#0"},
				"up": {"uv": [1.75, 6.5, 1.25, 5.75], "texture": "#0"},
				"down": {"uv": [6.25, 2.75, 5.75, 3.5], "texture": "#0"}
			}
		},
		{
			"from": [4.7, 5.7, 5],
			"to": [11.9, 5.7, 12],
			"faces": {
				"north": {"uv": [0, 0, 1.75, 0], "texture": "#0"},
				"east": {"uv": [0, 0, 1.75, 0], "texture": "#0"},
				"south": {"uv": [0, 0, 1.75, 0], "texture": "#0"},
				"west": {"uv": [0, 0, 1.75, 0], "texture": "#0"},
				"up": {"uv": [16, 0, 16, 0], "texture": "#0"},
				"down": {"uv": [5.25, 1.75, 3.5, 3.5], "texture": "#0"}
			}
		},
		{
			"from": [4.7, 5.7, 5],
			"to": [4.7, 10.7, 12],
			"faces": {
				"north": {"uv": [0, 0, 0, 1.25], "texture": "#0"},
				"east": {"uv": [16, 0, 16, 0], "texture": "#0"},
				"south": {"uv": [0, 0, 0, 1.25], "texture": "#0"},
				"west": {"uv": [5.25, 0, 7, 1.25], "texture": "#0"},
				"up": {"uv": [0, 1.75, 0, 0], "texture": "#0"},
				"down": {"uv": [0, 0, 0, 1.75], "texture": "#0"}
			}
		}
	],
	"display": {
		"thirdperson_righthand": {
			"rotation": [90, 0, 0],
			"translation": [-0.25, -1.75, 1.25],
			"scale": [0.64453, 0.75195, 0.65234]
		},
		"thirdperson_lefthand": {
			"translation": [0, 2, -2],
			"scale": [0.64453, 0.75195, 0.65234]
		},
		"firstperson_righthand": {
			"rotation": [179.18, -4.39, -1.78],
			"translation": [0, 1.5, 0]
		},
		"firstperson_lefthand": {
			"rotation": [0.85, -10.59, 178.42],
			"translation": [0, 1.5, 0]
		},
		"ground": {
			"rotation": [-0.81, -11.13, 89.02],
			"translation": [1.25, -0.5, 0]
		},
		"gui": {
			"rotation": [-175.11, -67.84, -117.77],
			"translation": [0, -2, 0],
			"scale": [0.77344, 0.82813, 0.82617]
		},
		"fixed": {
			"rotation": [90, 0, 0],
			"translation": [0, 0.75, -19.75],
			"scale": [2.24219, 3.25977, 2.53516]
		}
	}
}