{
	"credit": "Made with Blockbench",
	"textures": {
		"0": "./brick",
		"particle": "./brick"
	},
	"elements": [
		{
			"from": [2, 0, 5],
			"to": [14, 3, 11],
			"faces": {
				"north": {"uv": [0, 7.5, 8.5, 9.5], "texture": "#0"},
				"east": {"uv": [8.5, 11.5, 10.5, 16], "rotation": 90, "texture": "#0"},
				"south": {"uv": [0, 9.5, 8.5, 11.5], "texture": "#0"},
				"west": {"uv": [8.5, 7, 10.5, 11.5], "rotation": 90, "texture": "#0"},
				"up": {"uv": [8.5, 16, 0, 11.5], "texture": "#0"},
				"down": {"uv": [8.5, 3, 0, 7.5], "texture": "#0"}
			}
		}
	],
	"display": {
		"thirdperson_righthand": {
			"rotation": [0, 0, 90],
			"translation": [-6.5, 0, 0.5]
		},
		"thirdperson_lefthand": {
			"rotation": [0, 0, 90],
			"translation": [-6.5, 0, 0.5]
		},
		"firstperson_righthand": {
			"rotation": [0, 0, 90],
			"translation": [-4.5, 3, 0]
		},
		"firstperson_lefthand": {
			"rotation": [0, 0, 90],
			"translation": [-4.5, 3, 0]
		},
		"ground": {
			"scale": [0.5, 0.5, 0.5]
		},
		"gui": {
			"rotation": [30, -135, 0],
			"translation": [0, 5.5, 0]
		},
		"head": {
			"rotation": [-90, 55.5, -180],
			"translation": [-5.75, 6.75, 7.25]
		},
		"fixed": {
			"rotation": [90, 0, 0],
			"translation": [0, 0, 7.5],
			"scale": [1.5, 1.5, 1.5]
		}
	}
}