{
	"credit": "Made with Blockbench",
	"textures": {
		"0": "./peppino_hat",
		"particle": "./peppino_hat"
	},
	"elements": [
		{
			"from": [2, 0, 2],
			"to": [14, 2, 14],
			"faces": {
				"north": {"uv": [3.75, 3, 6.75, 3.5], "texture": "#0"},
				"east": {"uv": [3.75, 3.5, 6.75, 4], "texture": "#0"},
				"south": {"uv": [3.75, 4, 6.75, 4.5], "texture": "#0"},
				"west": {"uv": [3.75, 4.5, 6.75, 5], "texture": "#0"},
				"down": {"uv": [6.75, 0, 3.75, 3], "texture": "#0"}
			}
		},
		{
			"from": [0.5, 2, 0],
			"to": [15.5, 6, 10],
			"faces": {
				"north": {"uv": [3.25, 5, 7, 6], "texture": "#0"},
				"east": {"uv": [7, 4.25, 9.5, 5.25], "texture": "#0"},
				"south": {"uv": [6.75, 0, 10.5, 1], "texture": "#0"},
				"west": {"uv": [6.75, 1, 9.25, 2], "texture": "#0"},
				"up": {"uv": [3.75, 2.5, 0, 0], "texture": "#0"},
				"down": {"uv": [3.75, 2.5, 0, 5], "texture": "#0"}
			}
		},
		{
			"from": [1.5, 2, 10],
			"to": [14.5, 4, 15],
			"faces": {
				"east": {"uv": [8, 2, 9.25, 2.5], "texture": "#0"},
				"south": {"uv": [6.75, 2.5, 10, 3], "texture": "#0"},
				"west": {"uv": [6.75, 2, 8, 2.5], "texture": "#0"},
				"up": {"uv": [3.25, 6.25, 0, 5], "texture": "#0"},
				"down": {"uv": [10, 3, 6.75, 4.25], "texture": "#0"}
			}
		},
		{
			"name": "cube inverted",
			"from": [14.7, 4.2, 15.2],
			"to": [1.3, 1.8, 10.2],
			"faces": {
				"north": {"uv": [12.75, 3.75, 16, 0], "texture": "#0"},
				"east": {"uv": [12.75, 3.75, 16, 0], "texture": "#0"},
				"west": {"uv": [12.75, 3.75, 16, 0], "texture": "#0"},
				"up": {"uv": [12.75, 0, 16, 3.75], "texture": "#0"},
				"down": {"uv": [12.75, 3.75, 16, 0], "texture": "#0"}
			}
		},
		{
			"name": "cube inverted",
			"from": [15.7, 6.2, 10.2],
			"to": [0.3, 1.8, -0.2],
			"faces": {
				"north": {"uv": [12.75, 3.75, 16, 0], "texture": "#0"},
				"east": {"uv": [12.75, 3.75, 16, 0], "texture": "#0"},
				"south": {"uv": [12.75, 3.75, 16, 0], "texture": "#0"},
				"west": {"uv": [12.75, 3.75, 16, 0], "texture": "#0"},
				"up": {"uv": [12.75, 0, 16, 3.75], "texture": "#0"},
				"down": {"uv": [12.75, 3.75, 16, 0], "texture": "#0"}
			}
		},
		{
			"name": "cube inverted",
			"from": [14.2, 1.8, 14.1],
			"to": [1.8, -0.2, 1.8],
			"faces": {
				"north": {"uv": [12.75, 3.75, 16, 0], "texture": "#0"},
				"east": {"uv": [12.75, 3.75, 16, 0], "texture": "#0"},
				"south": {"uv": [12.75, 3.75, 16, 0], "texture": "#0"},
				"west": {"uv": [12.75, 3.75, 16, 0], "texture": "#0"},
				"up": {"uv": [12.75, 0, 16, 3.75], "texture": "#0"}
			}
		}
	],
	"display": {
		"thirdperson_righthand": {
			"translation": [0, 3.5, 0.25],
			"scale": [0.5, 0.5, 0.5]
		},
		"thirdperson_lefthand": {
			"translation": [0, 3.5, 0.25],
			"scale": [0.5, 0.5, 0.5]
		},
		"firstperson_righthand": {
			"translation": [2.75, 3.25, 0]
		},
		"firstperson_lefthand": {
			"translation": [2.75, 3.25, 0]
		},
		"ground": {
			"scale": [0.5, 0.5, 0.5]
		},
		"gui": {
			"rotation": [30, 135, 0],
			"translation": [0, 2.25, 0],
			"scale": [0.5, 0.5, 0.5]
		},
		"head": {
			"translation": [0, 12.25, 0],
			"scale": [1.08984, 1, 1.21094]
		},
		"fixed": {
			"rotation": [-90, 0, 0],
			"translation": [0, 0, -12],
			"scale": [1.5, 1.5, 1.5]
		}
	}
}